video_id,标题,视频链接,account,Code琬儿,Code清涛,Code文昡,final_code,note
10502,这样的集体生日，真让人难忘啊！（武警江西总队 左阳、李彪、宋涛；编辑：徐礼跃）,https://www.douyin.com/video/7236727630525926696,人民武警,,0.0,,0,
2854,【军营一刻】哨兵：请让我再站一班岗！ #军营一刻  #军营趣事（苏启航、卢顺心、乐鸿伟、李嘉兴）,https://www.douyin.com/video/7199223212113235259,八一青春方阵,2.0,0.0,,0,
1147,高原炮兵没被褥？真相来了,https://www.douyin.com/video/7244337551668940032,中国军号,2.0,0.0,,2,
7427,想知道自己能不能成为飞行员？快来试试“招飞智询”！#希望能帮助到有需要的朋友,https://www.douyin.com/video/7211321168740093243,人民空军,1.0,0.0,0.0,0,
8407,母亲节｜我不在您身边的时候，照顾好自己(作者: 覃钊、雷慧莹、朱韫哲    编辑:韩咏轩)#母亲节 #感恩母亲节 #母亲节快乐妈妈辛苦了 #母亲,https://www.douyin.com/video/7232802250207317248,联勤集结号,2.0,2.0,2.0,2,
1137,专家：在美俄之间真选边站队并不符合印度利益！#军事制高点 #国际,https://www.douyin.com/video/7249541215018814732,中国军号,3.0,0.0,,3,
2032,选晋考核，开始！（杨军 吴泽鹏）,https://www.douyin.com/video/7202146050646248765,学习军团,1.0,1.0,,1,
588,“杨根思连”邀请烈士肖思远父母来队过年#新春走军营,https://www.douyin.com/video/7191316341163429160,中国军网,2.0,2.0,,2,
7170,【亮舰⑫：万吨大驱延安舰】延安舰作为最新入列的“万吨大驱”，是人民海军勇闯深蓝的利剑。（海军融媒体工作室出品 剪辑/温彬）#人民海军亮舰#亮舰,https://www.douyin.com/video/7191037111917743397,人民海军,1.0,4.0,4.0,4,
10396,谢谢小姐姐的“龙舟灯”！（武警湖北总队 王子成、江鑫；编辑：曾锦旭）,https://www.douyin.com/video/7247831420092091708,人民武警,,2.0,,2,
503,这是一场浪漫的刺杀操,https://www.douyin.com/video/7214696715130031360,中国军网,4.0,4.0,,4,
5953,我知道你戴军帽的样子，但是没想到这么帅啊#变装 #军装高频变身 #军旅青春终不悔#当兵就是这么帅 #兵哥哥军帽变装,https://www.douyin.com/video/7258207927201189160,北海舰队,1.0,0.0,,0,
2340,北部战区海军某大队官兵拍摄的军营版《反贪风暴》，让我们一起来看看……  #拍出电影感（杜家旭、吴秀威、宋宗建、孟子皓；编辑：郑洋榕）,https://www.douyin.com/video/7268091772885126456,八一青春方阵,2.0,0.0,,0,
3842,带你近距离体验实爆作业（邬小军 程博洋 杨鸿雕）#军事训练 #实爆 #爆破,https://www.douyin.com/video/7230741491126111548,人民前线,1.0,4.0,,4,
5376,听歌就要听军歌！用军歌打开各军兵种，瞬间充满力量#致敬人民子弟兵 #军歌嘹亮 #建军96周年 #中国人民解放军生日快乐 #八一建军节,https://www.douyin.com/video/7262219425808387343,北海舰队,1.0,4.0,,0,
10562,一封感谢函揭开一个暖心的救人故事，为田溢凡点赞！（武警山西总队 王胤祥、段金丰、董怡晨；编辑 吴敬楠）,https://www.douyin.com/video/7230004054791966009,人民武警,,1.0,,1,
3546,战友们的首次心理行为训练（方晓志）#军事训练 #心理,https://www.douyin.com/video/7284478379980655928,人民前线,1.0,0.0,,0,
1742,春天里的强军号角！3月7日晚7点#云观两会,https://www.douyin.com/video/7207692557130714402,中国军视网,1.0,0.0,,0,
11859,离别是为了下一次更好的相见，祝踏上征程的新战友们一路顺风！（作者：贺加 张凯洋 编辑：贺加）#参军入伍 #等我回来 #新兵入伍,https://www.douyin.com/video/7211333961052720442,沧海铸剑,,2.0,,2,
2849,这是你想要的男友力吗？#兵哥哥#男友力（丁国帅、李鹏超、李嘉睦、李嘉兴）,https://www.douyin.com/video/7200184881886842169,八一青春方阵,2.0,0.0,,0,
11262,七一薪火打卡『二十大关键词』｜㉑坚定不移全面从严治党,https://www.douyin.com/video/7190359225472765242,亮剑东南,,0.0,,0,
10586,营区附近车辆侧翻，武警官兵迅速救援（作者：武警江苏总队  郁帅、林高峰、卢海晓；编辑：别特）,https://www.douyin.com/video/7226344197241015613,人民武警,,1.0,,1,
3046,且看我一骑当关，敢教万夫莫开颜#迷彩  #军事训练  #歌曲踏雪  （作者：彭智军、翟文静、赵萌、吕雪祥 编辑：牟泓）,https://www.douyin.com/video/7290855390667902219,东部战区,1.0,0.0,,0,
4767,"我与二十大⑭丨以系统思维聚合力，以前瞻思考谋长远
作者：秦兴华、张云栋、杜官润
摄像：石耘泽、朱   凯、苏   杰",https://www.douyin.com/video/7244004160939576613,忠诚号,0.0,0.0,,0,
8988,战略支援部队驻津某部坚决站好抢险救援最后一班岗（作者：段博、于婷 编辑：王奕文）,https://www.douyin.com/video/7267502593763544381,中国战略支援,1.0,2.0,2.0,2,
1050,《逐梦》首集《充满光荣和梦想的远征》来了！#逐梦强军新征程,https://www.douyin.com/video/7262642085541678336,中国军号,0.0,4.0,,0,
7234,傲霜斗雪，博弈空天 “没有真本领，别来马衔山！”这个年平均气温只有10℃的高原雷达站到底有什么魅力，让一批批空军雷达兵坚守着“明知山上苦偏到山上来，越知山上苦越要长扎根”？来到这里的一年时间，他不仅找到了答案，也完全融入了这个荣誉集体。#我的这一年 主题系列短视频，本期推出西部战区空军雷达兵某旅“马衔山模范雷达站”主官王海鹏在高原雷达站这一年的故事。###探寻好生活的百种温度,https://www.douyin.com/video/7318555172790111507,人民空军,1.0,0.0,0.0,0,
2464,周末还在玩手机？快来看看小火伴的周末吧！ #军营生活 （袁文涛、方金龙、闫顺）,https://www.douyin.com/video/7253451252481150264,八一青春方阵,2.0,0.0,,0,
3005,穿过硝烟，卫勤分队向战而行！#时刻准备战斗 #一线练兵 #大场面 (作者：冯震宇、周新涛、赵萌、吕雪祥 编辑：李润泽）,https://www.douyin.com/video/7305750733545147687,东部战区,1.0,4.0,,4,
5019,超壮观！30秒看地导兵演练高燃瞬间！#壮观 #野外 #演练 #地导兵,https://www.douyin.com/video/7237148600667524407,中部空军,1.0,4.0,4.0,4,
2480,为什么入党？一起来回顾入党时的初心   #建党节 #不忘初心牢记使命（陈世锋、潘槿、邹浩、李志锴 编辑：郑洋榕）,https://www.douyin.com/video/7250664211821366539,八一青春方阵,2.0,0.0,,0,
3616,“硬骨头六连”#硬骨头六连 #两栖 #两栖坦克,https://www.douyin.com/video/7271536804640132371,人民前线,1.0,4.0,,4,
10069,激情比拼！武警吉林总队“巅峰”比武现场“战味”浓（武警吉林总队 梁永刚、朱源芳、吴光彦、南松含；编辑：曾锦旭）,https://www.douyin.com/video/7279389189890739490,人民武警,,4.0,,4,
3502,无寻处，唯有强军心！#听说这个音乐很火 #军恋 #军恋不易,https://www.douyin.com/video/7294932746269494538,人民前线,2.0,0.0,,2,
8281,宁可不玩手机，也要把战友卷的头皮发麻(作者:魏振亚、林俊斌  编辑:黄镇强)#军营回忆 #内卷 #内卷天花板 #军营趣事 #部队生活,https://www.douyin.com/video/7248394982820760884,联勤集结号,2.0,0.0,0.0,0,
6145,近日，南部战区海军某舰载直升机部队节后开展低空飞行、侦查巡逻、野外机动等实战化课目训练科目。(作者：侯捷  神宇  陈俊  刘禹帆 / 编辑：姬翔）,https://www.douyin.com/video/7196838809206574393,南海舰队,1.0,4.0,,4,
7867,军娃军嫂来拜年了,https://www.douyin.com/video/7190545352754285882,中国火箭军,2.0,2.0,2.0,2,
2736,兵哥哥版光剑变装   #光剑变装挑战 #青年官兵（马成锁、易谭俊康、耿梦爽；编辑：姚天宝）,https://www.douyin.com/video/7215557417273216291,八一青春方阵,2.0,0.0,,0,
7733,2023年春的第一场雪，刺杀操准备！,https://www.douyin.com/video/7212518478216006972,中国火箭军,1.0,4.0,4.0,4,
6160,新年——“星”的起点，近日，南部战区海军各级为2022年毕业军官学员隆重组织授衔仪式。（作者：李全 门良杰 姬翔 杜荣波 李润发 邹雨良 杨圆超 范中伟 刘懿君 黄厚人 神宇 孙铭 王韩非 邹柠 孙玺轩 李一鸣 陈祥 李刚 马亚刚 凌浩 赵浩然 李赵伟 杨堉博 付冲 郭志豪 王帅 / 编辑：姬翔）,https://www.douyin.com/video/7189161828935535927,南海舰队,1.0,3.0,,3,
7370,7月27日，空军航空开放活动·长春航空展现场，以多种形式进行纪念抗美援朝战争胜利70周年#空军航空开放日 #长春航空展 #强军之路,https://www.douyin.com/video/7260500453094444345,人民空军,1.0,1.0,1.0,1,
7834,干惊天动地事 ，做隐姓埋名人！东风快递小记者带你走进中国“两弹城”（上）,https://www.douyin.com/video/7195120033209650493,中国火箭军,1.0,0.0,0.0,0,
3386,危急时刻，“东风快递小哥”出手了！#感动  #注意防火 （李家鹏）,https://www.douyin.com/video/7187315646588357946,东部战区,4.0,2.0,,1,
7703,火箭军直招军官宣讲团走进河南大学，携笔从戎、青春无悔,https://www.douyin.com/video/7218009789735996733,中国火箭军,1.0,0.0,0.0,0,
11488,你们要的向云端，来啦！#向云端 #向云端山那边海里面,https://www.douyin.com/video/7253756786371546420,永不消逝的电波,,0.0,,0,
5800,轻骑千里播撒强军火种，文化盛宴点燃戍边豪情。北部战区陆军业余文艺轻骑队黑龙江篇接续来袭！（摄像：杨祥 张泉 张新玮 许春林 编辑：曹超）@中国军网 @人民日报 @人民陆军,https://www.douyin.com/video/7252096535809248527,北陆强军号,,0.0,,0,
4812,"兵记者在一线①丨青春心向党，使命再出发
连日来，战区陆军官兵多种形式学习党的二十大主题，他们深入一线、走进官兵。今天，数字文艺轻骑队带来一段快板，邀大家一起学习党的二十大主题。
作者：王艳玲、李建鹏
单位：数字先锋工作室",https://www.douyin.com/video/7223941302809890103,忠诚号,2.0,0.0,,0,
6385,雨季时节，兵哥哥教你如何在室外防雷击。（邹壹文锌、廖鹏、李朋朋） #兵哥哥 #预防雷击 #安全科普知识,https://www.douyin.com/video/7260878773032193338,高原战士,1.0,0.0,,0,
8834,美国“功勋”间谍在华落网！国安部披露详情,https://www.douyin.com/video/7277356001064455481,中国战略支援,1.0,1.0,1.0,1,
5004,来看，昔日军营“雏鹰”已振翅高飞！#新兵 #破茧成蝶 #青春,https://www.douyin.com/video/7244927880558529853,中部空军,1.0,4.0,4.0,4,
7858,我们一起过年——2023东风快递网络春节联欢会（二）,https://www.douyin.com/video/7191026243884633355,中国火箭军,1.0,0.0,0.0,0,
1798,准备开火！数一数出了多少弹壳？,https://www.douyin.com/video/7197717845881441588,中国军视网,1.0,4.0,,4,
6264,这十年，是我最炙热的十年。（邢开、李宏鑫、代芯语、倾金强）#十年对视转场变装 #我们不再是我们,https://www.douyin.com/video/7280439053323996474,高原战士,1.0,0.0,,0,
3200,火箭军小姐姐，教你军考小妙招#军考 #祝福 #军校报考 （作者：陈世锋 曾陈龙 张帆 李万强 编辑：刘坚）,https://www.douyin.com/video/7241744929070812471,东部战区,2.0,0.0,,0,
10443,太爱了！忍不住晒晒刚获得的“人民武警”新媒体文创奖品（作者：曾锦旭、武警四川总队 陈宇、沈忆、周子嵛;编辑:李楠）,https://www.douyin.com/video/7243021679419460875,人民武警,,0.0,,0,
7236,【#2023年人民空军的哪些瞬间让你难忘】跟随人民空军一起回望2023年那些难忘的瞬间，为启航新的一年汲取力量！#2023年度回忆,https://www.douyin.com/video/7318546116440591627,人民空军,1.0,0.0,0.0,0,
7341,#空军飞行员驾驶战机俯瞰宝岛中央山脉 时，深情唱起“我的战鹰绕着宝岛飞……”#人民空军 #奋斗强军新征程 #强军之路,https://www.douyin.com/video/7262660703369170213,人民空军,1.0,1.0,1.0,1,
9947,味蕾大开! 快来打卡军营美食节（武警河南总队 冯雨、江志伟、乔智；编辑：曾锦旭）,https://www.douyin.com/video/7295320722275142963,人民武警,2.0,4.0,4.0,4,
6234,生在春风里，长在红旗下，祖国万岁。（米玛罗杰）#最爱这一抹中国红 #祖国万岁,https://www.douyin.com/video/7285280354099875084,高原战士,1.0,1.0,,1,
2216,国防科技大学2023级新学员新训前后对比照 #青年官兵 #军校学员 （侯文雄、魏晨宇）,https://www.douyin.com/video/7286472953112300860,八一青春方阵,2.0,0.0,,0,
10526,肾上腺素飙升，带你走进武警火力分队实弹射击现场！（武警第一机动总队 赵亮、李传龙、王土兴；编辑：徐礼跃）,https://www.douyin.com/video/7234118592516721957,人民武警,,4.0,,4,
3485,第73集团军某旅：跨昼夜实弹射击考核 检验炮兵分队火力打击效能,https://www.douyin.com/video/7298701650984799525,人民前线,1.0,4.0,,4,
2593,今日份的安全感是战友给的   #我的好战友  #相亲相爱一家人（赵爽、周璇、肖鹏、孟庆嘉 编辑：郑洋榕）,https://www.douyin.com/video/7234802867440291109,八一青春方阵,2.0,0.0,,2,
5269,#美国入侵#华为总部服务器，外交部回应（来源：央视新闻）,https://www.douyin.com/video/7283094821747707193,西陆强军号,3.0,3.0,,3,
5926,光荣停飞！服役38年，“老飞”向战鹰告别#海军航空兵 #中国力量 #若有战必召回,https://www.douyin.com/video/7270451801520885055,北海舰队,1.0,2.0,,2,
2430,#拍桌变装挑战 怎么能少了我们 （方昭杰、赖治尹、舒嘉豪 编辑：郑洋榕）,https://www.douyin.com/video/7257522520058760508,八一青春方阵,2.0,0.0,,0,
1186,欢迎回家！神舟十五号航天乘组返航！,https://www.douyin.com/video/7240596469428915517,中国军号,0.0,0.0,,0,
9429,祝贺！#我国成功发射试验十九号卫星  （钟志峰、王衡、瞿良）,https://www.douyin.com/video/7210746200801267003,中国战略支援,1.0,0.0,0.0,0,
11541,快来！这里有3张专属军服体验卡，让我们一起看看他们的专属体验吧!( 于成龙、冯一骁、许博文）#六一儿童节 #军娃 #军营专属,https://www.douyin.com/video/7239664338166893880,永不消逝的电波,,2.0,,2,
4030,弹壳倾泻一地 来感受自行高炮的超强火力（中国军视网）#自行高炮 #实弹射击 #火力全开,https://www.douyin.com/video/7203737429117783354,人民前线,4.0,4.0,,4,
4416,【“联合国日” 中国维和医疗分队为当地民众义诊】当地时间10月24日上午，在#联合国日#来临之际，中国第13批赴南苏丹（瓦乌）维和医疗分队应当地政府的邀请，派出医务人员前往当地瓦乌市体育场为民众开展义诊活动。#中国蓝盔#（胡楠、方凯旋、窦晓强）,https://www.douyin.com/video/7294456898206715170,中部号角,1.0,1.0,,1,
9228,钢琴独奏《是妈妈是女儿》#兵哥兵姐唱军歌（王子木、杜广鑫、于全金）,https://www.douyin.com/video/7231928312317218107,中国战略支援,1.0,4.0,4.0,4,
6989,【感恩 | 2023年人民海军成立纪念日“第二季·我和我的家乡⑥”】2008年5月12日，四川汶川发生里氏8.0级特大地震。天塌地陷中，海军蓝的身影深深印在了年仅8岁的小男孩杨羿韬脑海中。10年后的高考，杨羿韬报考了海军工程大学，军校毕业后选择了海军防救部队，专门从事救援工作。在人民海军成立74周年之际，杨羿韬的妈妈钟磊女士在送来生日祝福的同时，表达了对儿子建功军营的殷切期盼。（肖勇利 徐洪兵 陈登科 郑孜 编辑/段振军）#人民海军74周年 #壮丽新航程 #强军十年海军时刻,https://www.douyin.com/video/7225268823123873079,人民海军,1.0,1.0,1.0,1,
5597,#张光北向#西陆强军号送来生日祝福 #张光北 #西陆强军号六周年,https://www.douyin.com/video/7227466173070232866,西陆强军号,,1.0,,0,
8086,用原神和开心超人打开军兵种系列（作者:马小尉、康廷磊、张学斌   编辑:黄镇强）#开心宝贝 #原神 #军兵种系列,https://www.douyin.com/video/7287907079472434467,联勤集结号,2.0,0.0,0.0,0,
4929,直招军官张鑫，二次入伍奔赴星辰大海#二次入伍续写军旅荣光 #新兵,https://www.douyin.com/video/7280922421543079183,中部空军,1.0,0.0,,0,
5077,逐梦火热军营，亲兄弟比一比！#军营 #青春的样子 #鲲鹏,https://www.douyin.com/video/7208454663933398329,中部空军,2.0,0.0,,0,
961,#东部战区 发布主题海报《路》！#看军事上军号,https://www.douyin.com/video/7269049759250402572,中国军号,0.0,1.0,,0,
1586,牛！抗美援朝首位“特级英雄”杨根思的战斗绝技#讲武堂,https://www.douyin.com/video/7241850348476894501,中国军视网,4.0,2.0,,4,
10560,江西突降特大暴雨导致大规模城市内涝，武警江西总队抚州支队第一时间赶赴受灾地区展开救援行动（武警江西总队 杨剑、刘宇龙、师锐、马涛、毛飞、黄祁明、万立恒；编辑 吴敬楠）,https://www.douyin.com/video/7230260168225803579,人民武警,,1.0,,1,
3938,国防部：美英澳“三方安全伙伴关系”毫无益处、危害极大#美英澳,https://www.douyin.com/video/7216547435944906043,人民前线,3.0,3.0,,3,
3476,上等兵生日当天，父母来到部队为他庆生！ （邱友平 周文韬 沈正义）#生日快乐 #生日惊喜,https://www.douyin.com/video/7301624838257397028,人民前线,2.0,2.0,,2,
1829,新年快乐！一份来自酒泉卫星发射中心的祝福请查收#谁是终极英雄,https://www.douyin.com/video/7191319362521795878,中国军视网,2.0,0.0,,2,
6727,围观边疆军营“军BA”，现场超燃！（高群、邱虹霖、张良、张朝科、李嘉强）#篮球🏀,https://www.douyin.com/video/7261105288340622629,喀喇昆仑卫士,1.0,0.0,0.0,0,
3534,全网撒糖！这场中式集体婚礼超甜！（刘坚 吴昊宇 金之焱）#婚礼 #国庆节 #结婚,https://www.douyin.com/video/7285990278979243318,人民前线,2.0,0.0,,2,
6733,织“天网”，射“天狼”！（罗成）#练兵备战正当时 #当兵就是那么帅,https://www.douyin.com/video/7256674047445044540,喀喇昆仑卫士,1.0,4.0,4.0,4,
8983,运油-20生产车间罕见曝光载油量超过100吨,https://www.douyin.com/video/7267939276095016250,中国战略支援,1.0,4.0,4.0,4,
4,冰雪覆盖，武警战士开展抗寒训练！（杨一鸣 郭光明 朱红志）,https://www.douyin.com/video/7318197967666613523,中国军网,4.0,4.0,,4,
10051,火热开幕！这场球赛比你想象中更“燃”！（武警北京总队 杨树盛、李岳峰、何泽锋；编辑：徐礼跃）,https://www.douyin.com/video/7281600221572795682,人民武警,,0.0,,0,
9987,入队授装，意味着肩负的使命更重了！（武警西藏总队 刘爽、刘友胜；编辑：曾锦旭）,https://www.douyin.com/video/7289400639946313012,人民武警,1.0,3.0,3.0,3,
10667,当军营突然出现跳格子（作者：武警第一机动总队  冯涛、张宇；编辑：岳彩嵩）,https://www.douyin.com/video/7217054384130166016,人民武警,,0.0,,0,
8722,直击推进剂保障系统带压堵漏演练画面（赵威宇、王奕文）,https://www.douyin.com/video/7295671619006123276,中国战略支援,4.0,0.0,0.0,0,
472,第81集团军某合成旅刺杀操训练，霸气十足！(宋林峰、黄明俊、李庆宇、范资昂),https://www.douyin.com/video/7221421272255843641,中国军网,2.0,4.0,,4,
4808,"兵记者在一线⑤丨带你看“别人家”的军营文化艺术节......
前段时间，战区陆军第82集团军某合成旅开展了首届军营文化艺术节，官兵们笔墨写丹青，手绘寄军营，以多种方式宣传党的二十大主题，下面请跟随兵记者，一起到现场看看吧。
策划：孙   辙、杜毅晨、王   轶、崔冠楠
摄影：匡哲永、张峻清、顾俊杰
单位：逐梦铁骑工作室",https://www.douyin.com/video/7225782025247100216,忠诚号,2.0,0.0,,0,
5455,#盘点#军营#神器  #背包绳 （作者：梁爽 刘涛 乔玉涛 赵廷君）,https://www.douyin.com/video/7252547762858773797,西陆强军号,,4.0,,4,
7997,新同志在部队第一次过集体生日是什么样的，快来感受一下吧！（作者:马晨君、雷欢、任建行   编辑:韩咏轩）#生日快乐 #新兵营 #集体生日,https://www.douyin.com/video/7303860098160479523,联勤集结号,2.0,0.0,0.0,0,
7813,得知爸爸即将归队，小军娃的三个时辰,https://www.douyin.com/video/7200640633395121466,中国火箭军,1.0,0.0,0.0,0,
7490,退伍季 | 又携书剑路茫茫！山海有期，老兵再见,https://www.douyin.com/video/7310148147932613899,中国火箭军,2.0,2.0,2.0,2,
475,中国外交部：“台独”同台海和平稳定水火不容,https://www.douyin.com/video/7220713323006889231,中国军网,1.0,1.0,,1,
11068,现场原声，空降兵15勇士5000米生死盲跳！#汶川地震15周年祭,https://www.douyin.com/video/7231961159220464951,我们的天空,,1.0,,1,
613,实弹射击现场，摄像师拍得真实。,https://www.douyin.com/video/7184619543136865571,中国军网,1.0,4.0,,4,
8136,如果你还记得918，请点亮❤️祭奠3500万同胞#918勿忘国耻 #九一八  #九一八事变爆发92周年 （编辑:黄镇强）,https://www.douyin.com/video/7279727348952419636,联勤集结号,2.0,1.0,1.0,1,
1089,飞机残片做餐具，缴获的螺母做烟斗……志愿军战士们视死如归却又乐观向上！#抗美援朝 #看军事上军号 #八一建军节,https://www.douyin.com/video/7259569954268269824,中国军号,2.0,2.0,,2,
6460,#一起涨知识 野外驻训小妙招（舒昌雨、李佳驹、田志雄、张维国）,https://www.douyin.com/video/7249329567742135612,高原战士,1.0,4.0,,4,
5146,长大后我就成了你！在震区的小男孩认真许下他12岁的生日愿望： “我想当兵，保家卫国！”（来源：央视新闻）,https://www.douyin.com/video/7316032107090873626,西陆强军号,2.0,1.0,,2,
1550,原声就是真实！多角度观看火箭筒发射的震撼瞬间,https://www.douyin.com/video/7258208057556028706,中国军视网,1.0,4.0,,4,
2398,人民武警表情包真人挑战，你最喜欢哪一款（武警河北总队 苏唱、范亚康、狄淼森、朱孝玮；编辑：曾锦旭）,https://www.douyin.com/video/7261164416996003133,人民武警,1.0,0.0,0.0,0,
3796,想知道兵哥哥是怎么过六一的吗？（苟雪菲 夏姚伟 龙黎）#六一 #兵哥哥 #大孩子也该拥有儿童节的快乐,https://www.douyin.com/video/7239571377165012280,人民前线,2.0,0.0,,0,
5547,#神州十六号 5月30日9时31分#发射！,https://www.douyin.com/video/7238464663166537000,西陆强军号,,0.0,,0,
734,燃！#和平友谊2023 联演现场 #看军事上军号,https://www.douyin.com/video/7304184859130400034,中国军号,1.0,4.0,,4,
4117,特战女兵廖华清再次荣立二等功（李洪顺 刘坚 刘庆峰）,https://www.douyin.com/video/7189927818132835640,人民前线,2.0,1.0,,2,
3036,铁血“硬汉”，“肌”情燃烧  #腹肌  #要做一个猛男 #这谁顶得住啊  （作者：冯冲浪、宋凯琦、秦雯 编辑：李润泽）,https://www.douyin.com/video/7294624844661017910,东部战区,2.0,0.0,,0,
7291,英勇无畏，先锋无敌！看空军航空兵某旅长空战巡（陈逸松 倪天一）#人民空军,https://www.douyin.com/video/7287425522076781843,人民空军,1.0,2.0,2.0,2,
2674,远山含雪、云海聚散，最美的风景由高原战士守卫，一起领略独属雪域高原的最美风景！ #高原战士 #雪域高原 #卫国戍边（梁爽、乔玉涛、吕繁亮、张玺、薛伟；编辑：郑洋榕）,https://www.douyin.com/video/7224475992700620093,八一青春方阵,2.0,1.0,,1,
8319,6月10日，李尚福会见泰国陆军司令#中国外交 #中泰 #中泰合作 #李尚福会见泰国陆军司令,https://www.douyin.com/video/7242949726553886008,联勤集结号,2.0,0.0,0.0,0,
3057,热血沸腾！直击武警军事比武高燃瞬间#超燃  #现场直击  #军事训练  （作者：孙兴超、彭天昊、翟宏 编辑：牟泓）,https://www.douyin.com/video/7287188270591626507,东部战区,1.0,4.0,,4,
7626,#军营生活指南 | 畅享阅读篇,https://www.douyin.com/video/7234699876473277753,中国火箭军,1.0,0.0,0.0,0,
44,国防部：敦促日方停止制造借口扩军备武,https://www.douyin.com/video/7312366492668988722,中国军网,1.0,3.0,,3,指责他国的不正义行径
1812,高原高寒条件下全副武装奔袭，为拼搏中的官兵点赞！,https://www.douyin.com/video/7195486228031016253,中国军视网,1.0,4.0,,4,
7145,【庆新春猜灯谜赢舰帽：#海军特色灯谜与您一起过大年】还记得上一个陆战队的灯谜嘛？是不是很很简单？今天陆战队的第二个灯谜来了，这个谜题略显烧脑哦！友情提示，谜底五个字，快戳视频抢答吧！（关亚斐 剪辑/李凤祥）,https://www.douyin.com/video/7192862511979449637,人民海军,1.0,2.0,2.0,2,
2462,一秒进入状态，时刻准备战斗！ #一秒长大运镜挑战（陈树滇、蔡家豪、黄亚 编辑：郑洋榕）,https://www.douyin.com/video/7253739287416425783,八一青春方阵,2.0,4.0,,4,
2867,【军营一刻】他对游戏不是很感兴趣！ #军营一刻  #抽签挑战  （苏启航、卢顺心、乐鸿伟）,https://www.douyin.com/video/7197432280506191161,八一青春方阵,2.0,0.0,,0,
6136,习近平视察南部战区海军，亲切接见官兵代表。,https://www.douyin.com/video/7221160482206420284,南海舰队,1.0,0.0,,0,
3106,军犬“凌风”，服役8年，退出现役#军犬  #退役  #无言战友  （作者：陈世锋、黄海宽、晓彤、兰珂  编辑：刘坚）,https://www.douyin.com/video/7273447024752692491,东部战区,2.0,4.0,,4,
6603,庆祝百万农奴解放64周年，西藏军区部队官兵代表同自治区各界干部群众在布达拉宫广场参加升旗仪式！#升旗仪式#热点   （唐杨、米玛罗杰、次旺）,https://www.douyin.com/video/7215578893741215028,高原战士,1.0,1.0,1.0,1,
572,平板支撑：今天就是我的主场！#军营的味道,https://www.douyin.com/video/7194767311235075362,中国军网,1.0,4.0,,4,
6043,“舰”证！快来参与#我与战舰合个影 关注“北海舰队”公众号，点击菜单“战舰合影”，进入“我与战舰合个影”页面，点击“合影”操作，生成专属明信片。一起为人民海军庆生吧！,https://www.douyin.com/video/7225111117150948663,北海舰队,1.0,0.0,,0,
7980,来看看中国军人的“毕业”仪式感 （作者：范青峰、王德玉  编辑：赵乃铖）#参军入伍 #新兵营 #授衔,https://www.douyin.com/video/7306710211752889627,联勤集结号,2.0,3.0,3.0,3,
2494,当战友之间的“交易”被班长及时阻止  #军营一刻 #军营趣事（赵爽、李瑞鹏、董三军 编辑：赵爽）,https://www.douyin.com/video/7247477654868299067,八一青春方阵,2.0,0.0,,0,
11341,护线行动（于伟博）#通信兵 #巡线,https://www.douyin.com/video/7290740919656041783,永不消逝的电波,,0.0,,0,
8029,这就是中国军人！（编辑:黄镇强）#军人 #参军入伍 #兵哥哥,https://www.douyin.com/video/7297914269251718452,联勤集结号,2.0,0.0,0.0,0,
2948,一朝特战人，一生特战魂！直击特战队员入队仪式！ #青年官兵  #武警特战 （陈林涛）,https://www.douyin.com/video/7185918094991265081,八一青春方阵,2.0,3.0,,3,
5678,侦察兵，出击！,https://www.douyin.com/video/7212087903999020322,西陆强军号,,4.0,,4,
160,当白色婚纱遇到白色军装,https://www.douyin.com/video/7293075177460616457,中国军网,2.0,0.0,,2,
1215,专家：美陆海空三军演练打击海上移动目标，火药味十足！#军事制高点 #国际,https://www.douyin.com/video/7230738703230963001,中国军号,3.0,0.0,,0,
4082,来看看这个春节兵哥哥都在干嘛（林燕飞 舒圣亮 王云龙）,https://www.douyin.com/video/7193902629414522171,人民前线,2.0,0.0,,0,
4521,【中部战区空军某场站成功疏散被困群众400余人】近日，北京市昌平区北沙河南侧大堤决口，千余名群众被困，急需转移到安全地带。在中部战区联指中心统一指挥下，中部战区空军某场站官兵迅速赶赴现场，展开装填沙袋、构筑防汛墙和搜救转移受灾群众等工作。救援持续12小时，有效围堵了北沙河南侧大堤决口，目前成功疏散被困群众400余人。#风雨有我在人民请放心 （方世宇、朱姜海、刘清超、刘默涵、刘耀东、李潇、李威  编辑：常延凯）,https://www.douyin.com/video/7262669674935078144,中部号角,1.0,1.0,,1,
9719,一句晚安，要经过万水千山，和艇长聚少离多，困难时甚至想过离婚，但最终选择坚守。（央视军事）,https://www.douyin.com/video/7192945940154699065,中国战略支援,1.0,2.0,2.0,2,
9548,#山东舰 编队南海演练，喊话现场，#安全感 爆棚！#航母,https://www.douyin.com/video/7201028954092866853,中国战略支援,1.0,4.0,4.0,4,
1463,好儿郎 参军去！多地欢送新兵入伍,https://www.douyin.com/video/7280501997902515497,中国军视网,2.0,1.0,,2,
5770,边防新战士首次踏上巡逻路，守卫在祖国边防线上！,https://www.douyin.com/video/7186575614244146472,西陆强军号,,1.0,,1,
1294,#2023上半年直招军官  全面展开，详情速戳→,https://www.douyin.com/video/7211542337292373306,中国军号,1.0,5.0,,1,
8737,神舟十七号载人飞船即将发射，先来欣赏#东风航天城美丽秋景 （付丽双、张鸿雁、王奕文、贺高兵、李明堂）,https://www.douyin.com/video/7293932609950813492,中国战略支援,0.0,0.0,0.0,0,
10563,突发交通事故，导致幼童受伤，武警官兵暖心救助（武警河北总队 王乾、赵梓岑；编辑 吴敬楠）,https://www.douyin.com/video/7230003656827981114,人民武警,,1.0,,1,
6010,六一来啦！5月30日至6月1日，每天上午9:00，海军青岛示范幼儿园儿童节活动直播等你来看（作者：尹爱群、王璐、连玉倩，编辑：娄欣辉）  #六一就是要快乐呀 #儿童节 #六一,https://www.douyin.com/video/7238589771906370871,北海舰队,1.0,0.0,,0,
9149,这把勺子，不是人人都能用（李梦笑、陈国文、林宗钰）#用好双四一奋进新征程,https://www.douyin.com/video/7256596415332273423,中国战略支援,1.0,0.0,0.0,0,
3623,一个中国原则是绝不可逾越的底线！（作者:刘瑞雪、卢建峰 ）#归 #我是来揍你的 #阅海峡 #坚决捍卫祖国统一,https://www.douyin.com/video/7270099176887782690,联勤集结号,2.0,1.0,1.0,1,
111,外交部例行记者会 望G7为巴以停火止战采取实际行动（军事报道）,https://www.douyin.com/video/7299720371601689883,中国军网,3.0,0.0,,3,中国军队是正义之师
1755,火力强劲！直击车载榴弹炮实弹射击现场,https://www.douyin.com/video/7205165869809356091,中国军视网,1.0,4.0,,4,
7572,来看看当对象不回你消息的时候，他都在干嘛？,https://www.douyin.com/video/7254735979678813444,中国火箭军,1.0,4.0,4.0,4,
1056,多军种联合#抢滩登陆 拢共分几步？#逐梦强军新征程,https://www.douyin.com/video/7262333498889964840,中国军号,1.0,4.0,,4,
7001,【#“青春”对话 共述海军故事# 】一个普通人的成长史、一名海军官兵的成长史，也是一个时代和国家的印记。在人民海军跨越发展的浪潮中，青年一代把青春融入大海，见证了人民海军走向深蓝的铿锵步伐。下面，让我们听听他们的心里话。（刘少伟 高新雨 程嘉豪 冯伟豪 刘丕禄 卢新千 杨钊 陈泓宇 孙科文 刘礼鹏 杨洁瑜 吴凡 邱玮伊 剪/宋浩 编/高新雨）#人民海军成立74周年#,https://www.douyin.com/video/7225231261189541178,人民海军,1.0,2.0,2.0,2,
6283,再见，我们还会再见。（李鹏、华顺富）#期待下次相聚 #再见战友们,https://www.douyin.com/video/7276052959199235388,高原战士,1.0,2.0,,2,
1545,超燃瞬间！“八一”飞行表演队6机表演展翼云霄,https://www.douyin.com/video/7260011428185263394,中国军视网,4.0,0.0,,4,
8423,联勤保障部队某教导大队联合新兵营举办第三届军营文化艺术节(作者：孙志豪、徐自强、郑伦慧、魏响)#军营文化 #艺术节 #新兵 #新兵训练 #军事训练,https://www.douyin.com/video/7231321201912679714,联勤集结号,2.0,0.0,0.0,0,
1594,论铁路装载，还得是兵哥！（郑辉 胡伟东 张晗 王飞）,https://www.douyin.com/video/7239559898621611264,中国军视网,1.0,4.0,,4,
3128,向海出击！迎“浪”而上#大海 #海训 #游泳（作者：杨川、杨金国、李政、付少旋  编辑：刘坚）,https://www.douyin.com/video/7267894859527130407,东部战区,1.0,4.0,,4,
189,亚运“飞”常时刻丨你可以永远相信中国女排！三连胜！向决赛进发。 #杭州亚运会#中国女排,https://www.douyin.com/video/7286102009789287736,中国军网,0.0,0.0,,0,
343,热烈庆祝中国人民解放军建军96周年 #八一建军节,https://www.douyin.com/video/7261979316873858339,中国军网,2.0,4.0,,4,
11069,谁再说我是喝茶看报纸的，我跟谁急！（牛明扬 李玉彬）,https://www.douyin.com/video/7231449518754090298,我们的天空,,0.0,,0,
4634,燃烧吧，卡路里！中部战区综合训练馆投入使用,https://www.douyin.com/video/7188682496928746809,中部号角,4.0,0.0,,0,
9183,轿车失控冲入河中，两人被困，休假武警战士见状跳进水中紧急救援。为付一豪点赞!,https://www.douyin.com/video/7251532339438832953,中国战略支援,1.0,1.0,1.0,1,
3053,氛围拉满！A面给同志，B面给敌人#变装  #兵哥哥  #压迫感  （作者：刘坚、吴昊宇、金之焱 编辑：牟泓）,https://www.douyin.com/video/7288607948241112361,东部战区,2.0,0.0,,0,
8072,这才是婚礼仪式的天花板！给他们点个赞送个祝福吧！（作者:殷德、黄镇强  编辑:邢雨辰）#女孩 #集体婚礼 #军婚的异地恋,https://www.douyin.com/video/7290509630223011107,联勤集结号,2.0,0.0,0.0,0,
5271,盘点#兵哥哥的#武艺——#七星拳篇,https://www.douyin.com/video/7282678419932892474,西陆强军号,2.0,0.0,,0,
1673,午睡，你睡对了吗？#军视问答,https://www.douyin.com/video/7221075954758618425,中国军视网,0.0,0.0,,0,
10058,军营里的“金牌辅助”，快来围观后勤专业兵的别样风采！（武警甘肃总队 陈浩焓、高宏喨；编辑：徐礼跃）,https://www.douyin.com/video/7280526791905774900,人民武警,,0.0,,0,
8814,青春执甲先报国，待儿归时再尽孝 #参军入伍报效国家 （八一青春方阵）,https://www.douyin.com/video/7279340491949362487,中国战略支援,1.0,0.0,0.0,0,
3124,东部战区位台岛北部、西南海空域开展联合夺取海空制权、搜潜反潜等科目训练#东部战区位台岛周边演训#坚决捍卫祖国统一#联合夺取海空制权,https://www.douyin.com/video/7268916866611989779,东部战区,1.0,1.0,,1,
11366,你要写拼搏，就不能只写拼搏！（王方 王一帆 赵志宏 侯鹏程） @三剑客  #诗词中的军营,https://www.douyin.com/video/7279242604628184356,永不消逝的电波,,0.0,,0,
1952,看军事，上军号！军事数字主播“子明”亮相中国军号！,https://www.douyin.com/video/7256365977808457023,学习军团,0.0,0.0,,0,
1435,冲！冲！冲！沉浸式体验400米障碍过障（作者：罗骏皓 郭徐扬）,https://www.douyin.com/video/7308572928491130127,中国军视网,2.0,4.0,,4,
7316,歼-20飞行员深情寄语青少年：过去有他们，现在有我们，未来有你们。#开学第一课,https://www.douyin.com/video/7274109701980196154,人民空军,1.0,0.0,0.0,0,
7171,【庆新春猜灯谜赢舰帽：#海军特色灯谜与您一起过大年】有奖！有奖！有奖！春节假期，海叔邀请驻守在海防一线的官兵们精心准备了具有海军特色的灯谜，猜中答案且点赞最多的粉丝将获得精美舰帽一顶，大家快来参与吧！活动平台：“人民海军”微博、抖音、快手、今日头条、哔哩哔哩。第一条灯谜来了：实战本领哪家强，七彩霓虹斗志昂，远海大洋挺脊梁。阅星光、迎朝阳，梦想上扬十四度，擎鹰十载奋斗路，亮锋芒、卫海疆。打一海军舰艇名。（朱悦萌 孙晓骐 王堂凯 吴昊桐 剪辑/刘若男）,https://www.douyin.com/video/7190923533483035962,人民海军,1.0,0.0,0.0,0,
5360,这不是科幻！这是我军科研成果！#逐梦强军新征程,https://www.douyin.com/video/7264366149436001573,西陆强军号,,4.0,,4,
4193,致敬老兵！愿有前程可奔赴，亦有岁月可回首,https://www.douyin.com/video/7272922632696106292,南部战区,2.0,0.0,,2,
332,强军之路丨微视频《追伞的兵》,https://www.douyin.com/video/7262585946183454011,中国军网,2.0,4.0,,4,
4309,以党的二十大精神为引领，空军航空兵某旅官兵奔向新征程！（肖玉宏、和骞、王义全、周星宇、姚佑松、黄荣开）#党的二十大精神在基层,https://www.douyin.com/video/7206162547114790200,南部战区,1.0,0.0,,0,
6126,“我们来了，大家安全了！” 归途很远，祖国很近！#中国军舰赴苏丹撤侨 #为我们有个强大的祖国而骄傲 #中国公民从苏丹撤离画面,https://www.douyin.com/video/7226921094890933536,南海舰队,1.0,1.0,,1,
3254,新兵首次实弹射击，12名新战友5发子弹打出50环#新兵 #实弹射击 #打靶归来 （作者：王宁、刘德文、张继英  编辑：冯冲浪),https://www.douyin.com/video/7226945135530020152,东部战区,2.0,4.0,,4,
5789,受强降雨影响，黑龙江省五常市沙河子镇大贵村被洪水围困，180多名村民受灾。陆军第78集团军某旅为克服重重困难为被困群众送去急需物资。（记者：段然 韩天宇 成鑫浩 董远成 赵伟志）,https://www.douyin.com/video/7264882607337262351,北陆强军号,,1.0,,1,
1421,又萌又猛！一起来看军犬的蜕变#军迷行天下,https://www.douyin.com/video/7310140473228758312,中国军视网,1.0,4.0,,4,
6927,【#科莫多2023多国海上联演开幕 】 当地时间5日，“科莫多-2023”多国海上联演在印度尼西亚南苏拉威西省望加锡市开幕。36个参演国家的海军代表在码头签署匾额，共同见证演习开始。据介绍，演习将持续到6月8日，包括港岸阶段和海上演习阶段。多国海军将围绕海上拦截、海上搜救、损害管制等课目展开海上阶段的联演。(焦飞宇 李楸 李虹明 张虎志 冯俊菘 编辑/池敬爽),https://www.douyin.com/video/7241121736522026299,人民海军,1.0,4.0,4.0,4,
549,海军启动2023年度招飞选拔工作,https://www.douyin.com/video/7202419696371535139,中国军网,1.0,0.0,,1,
9550,电影场景！#3D打印 火箭零件现场，#中国航天 ，#流浪地球2 。,https://www.douyin.com/video/7201019903292247357,中国战略支援,1.0,0.0,0.0,0,
4360,老兵别哭，常回家看看！（作者：任建波、甘浩辰）#退伍不褪色,https://www.douyin.com/video/7273786448812264763,南部空军,2.0,2.0,,2,
9305,#运20 重装空投训练，多角度感受重型装备出舱瞬间！,https://www.douyin.com/video/7219105480130579770,中国战略支援,1.0,4.0,4.0,4,
3292,致敬英雄！火箭军某部官兵祭扫英烈。#清明 #烈士 #缅怀先烈 （作者：陈世锋、杨亚石、韩雪松  编辑：冯冲浪）,https://www.douyin.com/video/7217445295792147767,东部战区,1.0,2.0,,2,
7825,东风快递版#早安中国,https://www.douyin.com/video/7197229706167471417,中国火箭军,1.0,4.0,4.0,4,
10574,黄山景区男孩走失，武警官兵暖心救助（武警安徽总队 王先克、凌林、余小弘；编辑 吴敬楠）,https://www.douyin.com/video/7228554544999976226,人民武警,,1.0,,1,
8083,盘点兵哥哥颜值天花板，看到最后有惊喜哦！（作者:邢雨辰   编辑:黄镇强）#男生一定拥有的战衣 #兵哥哥 #185大帅哥,https://www.douyin.com/video/7288534129153494287,联勤集结号,2.0,0.0,0.0,0,
5744,迎新春，升国旗,https://www.douyin.com/video/7191393679850999055,西陆强军号,,0.0,,0,
229,新战士，入营喽！,https://www.douyin.com/video/7280731804229782803,中国军网,2.0,1.0,,1,
10170,参观见学砥砺初心，走好新赶考路（泉州海警局  刘志豪、郭浩然、林逢捷；编辑：卢然）,https://www.douyin.com/video/7268295277415566631,人民武警,,0.0,,0,
4683,再见了，我的战友，祝未来一切都好！(王祥东、郝强、张耘阁),https://www.douyin.com/video/7275198787277180220,忠诚号,2.0,2.0,,2,
6780,枕戈待旦，边疆官兵坚守战位守护万家灯火（视频综合王军强、钞飞航等来稿，剪辑：范高臣）#枕戈待旦 #温暖平安过大年 #年年岁岁护你平安 #2023大展宏兔,https://www.douyin.com/video/7192509065912716583,喀喇昆仑卫士,1.0,2.0,2.0,2,
7868,“写春联、送祝福、迎新春”翰墨贺新春！,https://www.douyin.com/video/7190544363145940283,中国火箭军,2.0,0.0,0.0,0,
8843,退伍不褪色！若有战，召必回！ （吕瑶）,https://www.douyin.com/video/7276389225132494141,中国战略支援,1.0,2.0,2.0,2,
3290,东部战区面向英烈面向复兴的告白——中国，一“点”都不能少！#缅怀  #清明 #守护 （东部战区融媒体中心）,https://www.douyin.com/video/7218166120094649659,东部战区,1.0,2.0,,2,
2574,战友间的假动作 #内卷#内容过于真实（苏唱、张德豪、张宇涵 编辑：郑洋榕）,https://www.douyin.com/video/7237341894894734649,八一青春方阵,2.0,0.0,,0,
114,中国人民解放军空军八一飞行表演队7架歼-10表演机从西部某机场出境赴阿联酋,https://www.douyin.com/video/7299387409815391539,中国军网,4.0,0.0,,4,
5462,#夏季#野外驻训小妙招之胃肠道疾病#防治（作者：闫子恒 向亿 冯金戈）,https://www.douyin.com/video/7251426445799509303,西陆强军号,,4.0,,4,
9989,这场军事体育运动会，够燃！（武警陕西总队 刘寿栋；编辑：曾锦旭）,https://www.douyin.com/video/7289039173095329076,人民武警,2.0,0.0,0.0,0,
8523,你选择参军报国，我选择等你归来(作者:刘永星、刘嫘、高辉    编辑:纪美春)#军恋异地恋 #参军入伍 #新兵 #参军入伍报效国家 #军恋等待,https://www.douyin.com/video/7211437224074775843,联勤集结号,2.0,0.0,0.0,0,
9092,今天我们一周年 #炫酷祝福 （作者：赵骁军、宋梦涵 编辑：王奕文）,https://www.douyin.com/video/7261217458801888572,中国战略支援,1.0,0.0,0.0,0,
356,强军之路丨微视频《寻你》,https://www.douyin.com/video/7260082933497662775,中国军网,2.0,2.0,,2,
3407,年终军事训练考核，太燃了！ #军事训练 #考核 #年终,https://www.douyin.com/video/7315303294463790388,人民前线,1.0,0.0,,4,
11871,梦回汉唐！一起来看看充满古风元素的军营“诗画元宵节”（作者：贺加 孙润生 杨波 李雪莹）,https://www.douyin.com/video/7196532071332891959,沧海铸剑,,0.0,,0,
8493,2分钟速成“新兵开训妆”，逆袭成男神，有手就会，你确定不学起来吗？(作者:刘伯晗、王春辉、李山川     编辑:黄镇强)#迷彩妆 #185大帅哥 #兵哥哥 #185 #迷彩妆挑战,https://www.douyin.com/video/7217224026119212303,联勤集结号,2.0,0.0,0.0,0,
444,李林雨 我们想你了！,https://www.douyin.com/video/7229153504324078904,中国军网,2.0,2.0,,2,
6915,海军版“多巴胺穿搭”强势出镜！快来一睹水兵风采！（孙清 张成旺 秦永康 杨帅 编/高新雨）,https://www.douyin.com/video/7245109165272665379,人民海军,1.0,0.0,0.0,0,
6049,4月20日上午，锁定“北海舰队”直播间，和“浪花白”一起品味书香，感受人民海军的力量密码！（作者：陈浩铭，编辑：娄欣辉）#人民海军成立74周年 #人民海军,https://www.douyin.com/video/7223696332614159671,北海舰队,1.0,4.0,,4,
1745,“雷锋班”战士讲述雷锋精神真正的可贵之处#军事纪实,https://www.douyin.com/video/7206999387535363387,中国军视网,2.0,2.0,,2,
434,好枪法都是子弹喂出来的,https://www.douyin.com/video/7233601983985372431,中国军网,4.0,4.0,,4,
10917,从战火中走来，在前进的路上，战旗如炬指引方向，铁血筑长城把使命扛在肩上，拱卫首都打胜仗，一起来欣赏由基层官兵原创的军旅歌曲《战旗》听听他们的豪迈心声（武警第一机动总队 李朋朋、赵若辰、李艳明、武子翔；编辑 吴敬楠）,https://www.douyin.com/video/7184756872166100261,人民武警,,4.0,,4,
8200,军种主打歌⑥ | 用萧亚轩《爱的主打歌》打开各军兵种，你最爱哪个？（作者:田龙、邢涛   编辑:黄镇强 ）#爱的主打歌  #军兵种打开方式  #萧亚轩,https://www.douyin.com/video/7267841784212917559,联勤集结号,2.0,4.0,4.0,4,
9255,班长，你这个“随便”，有点超乎我的想像#军营小剧场 （臧家祥、兰竣棋）,https://www.douyin.com/video/7225267146467724599,中国战略支援,1.0,4.0,4.0,4,
6922,【中国海军舰艇编队完成海上阶段演习，返航回国】当地时间6月8日， “科莫多－2023”多国海上联演进入海上实兵演习阶段。其中，海军湛江舰和许昌舰所在群组参加了人道主义救援和减灾以及编队航行等科目演练。下午4时，海军湛江舰和许昌舰参加分航仪式后返航回国。#“科莫多－2023”多国海上联合演习   （焦飞宇 李虹明 冯俊菘 张虎志 剪辑/池敬爽）,https://www.douyin.com/video/7242305607859047680,人民海军,1.0,4.0,4.0,4,
11501,这样的拍拿放你见过吗（李晨 曹阳）#拍拿放挑战,https://www.douyin.com/video/7251419413507788066,永不消逝的电波,,0.0,,0,
8089,副驾驶坐着不同人时，驾驶员的反应…（作者:林杨武 宋爱民  编辑:黄镇强）#副驾驶的作用 #驾驶员 #司机,https://www.douyin.com/video/7287416397200657704,联勤集结号,2.0,0.0,0.0,0,
7425,【来了，文艺小分队】班长给了我们一份特别的惊喜——空军蓝天文艺小分队的演出。舞台搭在阵地，灯光熠熠生辉，我听到自己喜欢的那首《向前飞》，还在小分队成员的指导下学着演唱。我用视频记录下那一天，记录下那些起舞的迷彩、跳动的心。（拍摄：冯湛东 石渊文 徐秋实 剪辑：马雪宁 卜俊龙）,https://www.douyin.com/video/7214677903706049852,人民空军,1.0,0.0,0.0,0,
2131,三公里呀，我爱你呀，一天不跑，想死你啊（马兴科、刘星元、胡海、王斌） #青年官兵 #三公里,https://www.douyin.com/video/7306136739226193189,八一青春方阵,0.0,4.0,,0,
127,海军全面展开2024年度招飞选拔工作 首次面向硕士研究生选拔,https://www.douyin.com/video/7297184851126504741,中国军网,0.0,0.0,,0,
805,哨声一响，突突突……,https://www.douyin.com/video/7291598757915839770,中国军号,1.0,4.0,,4,
7363,港澳青少年参加空军航空开放活动：祖国空军发展那么好，很高兴很震撼！#空军航空开放日 #长春航空展 #长春航展,https://www.douyin.com/video/7261032631041609018,人民空军,1.0,2.0,2.0,2,
4798,"画说二十大⑥丨非凡十年，阔步迈向现代化
作者：刘慎威、么军令、李晓坤、刘   邓
单位：郝小兵工作室",https://www.douyin.com/video/7230437082919882045,忠诚号,0.0,0.0,,0,
10038,武警全媒体走边疆丨嫁给漠河，嫁给兵哥哥（王文、赵冰晶、杨剑、王燕婷、丁首越；武警黑龙江总队  丛大为、胡小凌、康凯、马威）,https://www.douyin.com/video/7282355164911111476,人民武警,,0.0,,0,
11328,秋意浓 练兵时（林文彬）#军旅 #新兵#迷彩青春,https://www.douyin.com/video/7298543171984756004,永不消逝的电波,,4.0,,4,
352,国防部介绍民兵和专武干部配发启用21式作训服有关情况,https://www.douyin.com/video/7260392580041542971,中国军网,4.0,3.0,,4,
6124,日前，南部战区海军玉林舰、赤壁舰组成舰艇编队，起航赴新加坡参加“中新合作-2023”联合军事演习以及“2023年度亚洲国际海事防务展”等活动。（作者：杨捷 李虹明 / 编辑：刘建国）,https://www.douyin.com/video/7227391359769005367,南海舰队,1.0,4.0,,4,
11820,白衣天使的“炫舞派对”，护士节的另一种打开方式！#512国际护士节 #舞台无处不在 #Mojito (作者：王梧楠 李荣营  编辑：贺加),https://www.douyin.com/video/7232196811895639352,沧海铸剑,,0.0,,0,
7951,联勤保障部队文职人员队伍期待你的加入。 （作者：马锐、郭一聪  编辑：黄镇强）#文职考试 #文职人员 #文职招聘,https://www.douyin.com/video/7310526436769549618,联勤集结号,2.0,0.0,0.0,0,
4570,原声一次看个够，直击喷火兵训练考核现场！#喷火兵是怎样练成的,https://www.douyin.com/video/7226514919921913149,中部号角,1.0,4.0,,4,
8268,文职小姐姐DJ喊麦，欢迎加入联勤孔雀蓝(作者:宋晨雪、孙悦、王雪欢  编辑:黄镇强)#文职 #报考文职 #孔雀蓝 #军队文职 #dj,https://www.douyin.com/video/7250986648744283444,联勤集结号,2.0,0.0,0.0,0,
11303,读雷锋日记，讲雷锋故事，唱雷锋歌曲，争做新时代雷锋传人。（王晨光、张佩、靳娇娇）,https://www.douyin.com/video/7206994306178075962,铸剑中原,,2.0,,2,
9807,别怕！人民子弟兵来了 #甘肃地震 #子弟兵在行动 （作者：刘亚斌、赵冰晶、徐礼跃）,https://www.douyin.com/video/7314157346287045898,人民武警,1.0,1.0,1.0,1,
7286,一段视频诠释空军人眼中的二十四节气之美↓↓↓#二十四节气,https://www.douyin.com/video/7293323230444539162,人民空军,1.0,0.0,0.0,0,
2972,战斗打响，硝烟四起！ #比武 #军事 #超燃 （作者：许辉 李雅靓 葛树蔚 田长硕 编辑：付恩诚）,https://www.douyin.com/video/7317275592049642815,东部战区,1.0,4.0,,4,
790,国防部披露美舰侵权挑衅视频证据 #看军事上军号,https://www.douyin.com/video/7294196174079249679,中国军号,3.0,1.0,,3,
7325,铁流三千里！这场实战化远程机动训练考核，学员们干劲十足（谢驰 王学鹏 庹林磊）#人民空军,https://www.douyin.com/video/7267107714197622077,人民空军,1.0,4.0,4.0,4,
9983,军营周末欢乐多！（武警第一机动总队 胡健、张文宇；编辑：曾锦旭）,https://www.douyin.com/video/7289763095810002228,人民武警,2.0,0.0,0.0,0,
6026,原创歌曲献给“兵王”！每一帧都让人热血沸腾（作者：陈兴、王胜林、刘明威，编辑：娄欣辉）,https://www.douyin.com/video/7231837234851368248,北海舰队,1.0,2.0,,2,
5289,#新兵入营#指南，请查收！,https://www.douyin.com/video/7278606609423650104,西陆强军号,1.0,0.0,,0,
4827,青春没有售价，我来保卫国家！（孙政琢、刘雨寒）,https://www.douyin.com/video/7214791876845538621,忠诚号,1.0,0.0,,0,
5870,《FORPEACE》中国军队始终是维护世界和平的坚定力量。（解放军新闻传播中心广播电视部制作来源：中国军网八一视频）#解放军 #中国军队 #维护世界和平 #人民军队,https://www.douyin.com/video/7295964558055820594,北海舰队,1.0,1.0,,1,
185,渭南一日行：聆听双拥之声,https://www.douyin.com/video/7287003870709009724,中国军网,2.0,2.0,,2,
1946,提气！吾辈生逢盛世当为大鹏#运20接我上军校 #八一建军节,https://www.douyin.com/video/7257730650214583609,学习军团,4.0,0.0,,0,
9211,近日，安徽退役军人徐毅晖两次跳入水中救人，献出了宝贵的生命，生命定格在了26岁。昨天，他的遗体告别仪式举行。徐毅晖生前曾登记捐献器官，经家人同意，他的遗体将被送至皖南医学院，用于教学研究。致敬！一路走好！#90后退役军人救人牺牲又捐遗体！挥泪送别！,https://www.douyin.com/video/7249330865069739299,中国战略支援,1.0,2.0,2.0,2,
6277,虽无三尺讲台，却授七十二变。（孙朝阳、宋哲昊、胡夏楹）#师者传道授业解惑也 #教师节快乐 #感恩人生当中每一位默默付出的老师,https://www.douyin.com/video/7277165281917652260,高原战士,1.0,2.0,,2,
11195,老兵奔赴山海，一生铭记荣光印记,https://www.douyin.com/video/7307592028387396864,亮剑东南,,0.0,,0,
5324,乌合麒麟发布新作《与人类同归于尽吗混蛋》,https://www.douyin.com/video/7270844335887748412,西陆强军号,,0.0,,0,
4125,实弹射击，7.62高精狙来感受一下！（程博洋 魏凯 刘德文）,https://www.douyin.com/video/7188300111561248057,人民前线,4.0,4.0,,4,
2385,一级军士长唐勇，10220天，扎根西北戈壁，矢志奋斗强军！ #致敬人民子弟兵 #青春无悔军营路（臧家祥、郑高泽、兰竣棋、刘硕；编辑：郑洋榕）,https://www.douyin.com/video/7262724781919784255,八一青春方阵,2.0,2.0,,2,
8672,沉痛缅怀！中国共产党优秀党员，中国工程院院士，国际著名普通外科专家、医学教育家，中国医学科学院学部委员，原南京军区南京总医院副院长，东部战区总医院全军普通外科研究所名誉所长，南京大学教授、博士生导师，国际小行星“黎介寿星”被命名人黎介寿同志，因病医治无效，于2023年1月30日18时59分在南京逝世，享年98。,https://www.douyin.com/video/7194718182622399747,联勤集结号,2.0,0.0,0.0,0,
6352,戍边卫国，我热爱着这片土地，也自愿扎根在这片土地。（宋伟坤、吴财威、胡爽）#戍边卫国 #热爱祖国每一寸土地 #忠诚卫士,https://www.douyin.com/video/7265623480564075831,高原战士,1.0,1.0,,1,
10049,新兵入营！仪式感满满（武警第一机动总队 刘震宇；编辑：徐礼跃）,https://www.douyin.com/video/7281601263203110179,人民武警,,3.0,,3,
3327,离别的水饺，此刻却难以下咽#送别 #退役军人 （作者：鹿子舟  编辑：冯冲浪）,https://www.douyin.com/video/7205921661281946937,东部战区,2.0,2.0,,2,
3251,现场直击“尖刀劲旅”考核画面#比武 #现场直击 #考核 （作者：路展、吴志翔、程博洋  编辑：冯冲浪）,https://www.douyin.com/video/7227824641040076092,东部战区,1.0,0.0,,4,
7987,听人民子弟兵的步伐铿锵 （作者：赵乃铖  编辑：黄镇强）#中国军人 #解放军来了 #参军入伍,https://www.douyin.com/video/7305582752848547109,联勤集结号,2.0,0.0,0.0,0,
6107,这个新兵挺能整，班长们退伍他这样记录……#退伍季的泪奔瞬间#致敬退伍军人 （作者：王文斌、杨梓焜、易小样 / 编辑：张杰）,https://www.douyin.com/video/7273653207149219124,南海舰队,2.0,2.0,,2,
11509,快看这里还有没有你记忆中的味道--新兵下连的第一次会餐（易笑宇）#新兵 #会餐,https://www.douyin.com/video/7249188318297033987,永不消逝的电波,,4.0,,4,
3390,新年度练兵备战，歼-20出击！#热点 #时刻准备战斗 #东部战区练兵备战现场 （作者：樊斌、王坤平、丁文骏等   编辑：梁瑞国）,https://www.douyin.com/video/7185927777260965179,东部战区,4.0,4.0,,4,
8122,100天吃遍100家部队食堂，第七天（作者:杨振  编辑:邢雨辰）#吃货日常记录 #吃货日常 #部队食堂,https://www.douyin.com/video/7281959824097627392,联勤集结号,2.0,4.0,4.0,4,
9779,2023中国武警感动瞬间之舍生忘死篇 #感动瞬间 （作者：王文、赵冰晶、岳彩嵩）,https://www.douyin.com/video/7317959871574379795,人民武警,1.0,2.0,2.0,2,
10230,防汛救灾特稿丨救援官兵说：“我们大部队马上到，放心（有）我们”（武警河北总队 王岩、苑晟民、江腾、张凯；编辑：徐礼跃）,https://www.douyin.com/video/7263450490564889913,人民武警,,1.0,,1,
161,汽车兵带你感受现实版“速度与激情”！,https://www.douyin.com/video/7292943384681975050,中国军网,2.0,4.0,,4,军队实力
2096,十二年荣归故里，兵哥哥在机场成功求婚！ #终于等到你,https://www.douyin.com/video/7313929072709618985,八一青春方阵,2.0,0.0,,2,
9644,空中，铁翼飞旋，精准命中；海上，乘风破浪，火力覆盖；陆地，弹无虚发，势不可挡......50秒高燃混剪。#混剪,https://www.douyin.com/video/7196606778539265339,中国战略支援,1.0,4.0,4.0,4,
9301,#硬核 版#快乐呼呼呼 来了！,https://www.douyin.com/video/7220228376643112248,中国战略支援,1.0,4.0,4.0,4,
11382,君子役期满，青春不遗憾（王方 王一帆 赵志宏 侯鹏程）@三剑客#诗词中的军营,https://www.douyin.com/video/7273462741094960396,永不消逝的电波,,0.0,,0,
2902,超热闹的军营游园会，最后有惊喜！ #军营生活（王振江、李益鑫、刘乾）,https://www.douyin.com/video/7191813994145926437,八一青春方阵,2.0,0.0,,0,
9986,燃起来吧!这场军体运动会太热血（武警第二机动总队 张真荣、梁烨博、覃言芳；编辑：曾锦旭）,https://www.douyin.com/video/7289401120714247459,人民武警,2.0,0.0,0.0,0,
7360,"空军八一飞行表演队实力圈粉，“小迷妹”“小迷弟”有话说
7月29日上午，空军航空开放活动·长春航空展空军馆，八一飞行表演队飞行员与观众热情互动，实力圈粉众多“小迷妹”“小迷弟”。（朱姜海 龙小康  谭巳成  王元恒摄）#空军航空开放日 #长春航空展 #强军之路",https://www.douyin.com/video/7261139507905334565,人民空军,1.0,0.0,0.0,0,
11651,电波网络春晚【谢幕——我们从古田再出发】#电波网络春晚   #永不消逝的电波   #电波春晚精彩瞬间   #春晚   #网络春晚   #舞蹈  #歌曲,https://www.douyin.com/video/7193254065575415097,永不消逝的电波,,0.0,,0,
4277,楼房反劫持演练，带你感受战场火药味儿（罗志成、李义）#反恐 #特战,https://www.douyin.com/video/7223597783373139255,南部战区,1.0,4.0,,4,
8077,兵哥哥为什么看起来都干脆利落，答案在这里（作者:范青锋、张嘉乐宁  编辑:邢雨辰）#于文亮风格 #于文亮 #男朋友,https://www.douyin.com/video/7289625647482146083,联勤集结号,2.0,4.0,4.0,4,
2776,【参军记】入伍政审的时候，民警都会问些啥？一起来看看吧！ #参军记 #入伍政审到底审哪些（丁美宁、高旭宇、徐佳伟、孙浩轩）,https://www.douyin.com/video/7210040841392508197,八一青春方阵,2.0,0.0,,0,
2404,新排长，向祖国边防报到！#致敬边防战士 #青年官兵（罗诗洋、姚宏杨；编辑：郑洋榕）,https://www.douyin.com/video/7260501199571406120,八一青春方阵,2.0,1.0,,1,
2163,传递强军声音、描绘强军影像、见证强军荣光，他们是“强军记者” #记者节#青年官兵,https://www.douyin.com/video/7298703360906120488,八一青春方阵,2.0,0.0,,0,
5300,#退伍不褪色 是#退伍 ，也是#启程！,https://www.douyin.com/video/7276003832105078071,西陆强军号,1.0,2.0,,2,
7466,空军迎新春网络“云歌会”，《在那里》来了！,https://www.douyin.com/video/7190535914911845691,人民空军,1.0,0.0,0.0,0,
10442,年少有梦，不应止于心动，更要付诸行动（武警河南总队 王国强、冯雨；编辑:曾锦旭）,https://www.douyin.com/video/7243022301074066727,人民武警,,0.0,,0,
11655,电波网络春晚【向前向前】#电波网络春晚   #永不消逝的电波   #电波春晚精彩瞬间   #春晚   #网络春晚   #舞蹈  #歌曲,https://www.douyin.com/video/7193250322096082233,永不消逝的电波,,0.0,,0,
11251,东部战区陆军“强军家庭”来了！@人民前线 #妇女节 #军人 #军嫂,https://www.douyin.com/video/7208090503462669623,亮剑东南,,2.0,,2,
9379,听说部队有个老传统，班长要教会新兵脚踏实地，仰望星空！#军营小剧场 （朱文杰、谭树钦）,https://www.douyin.com/video/7215569984796364087,中国战略支援,1.0,2.0,2.0,2,
8684,解放军硬核烟花秀来了 #祝大家兔年大吉！（刘劲鹰 樊斌 简贵洋 刘少尉 章铖 李鑫泽 吴旭升 胡少龙 黄鹏睿 ,https://www.douyin.com/video/7191255954959158560,联勤集结号,2.0,4.0,4.0,4,
10176,“火”力全开，军事体育运动会超燃来袭！（武警甘肃总队  冯鹏惠、裴文康；编辑：卢然）,https://www.douyin.com/video/7267886340534979875,人民武警,,4.0,,4,
2332,唉，鞋带真容易开！ #凡尔赛（周琛洧、郭泽浩；编辑：郑洋榕）,https://www.douyin.com/video/7268642610309352764,八一青春方阵,2.0,0.0,,0,
3354,开飞即实战，升空即战斗！#实战 #战鹰  #空中力量 （作者：郭铃、张雪峰、倪天一、吕志浩  编辑：梁瑞国）,https://www.douyin.com/video/7197342546849221925,东部战区,1.0,0.0,,4,
2282,这一站，武警工程大学！带你沉浸式体验军校新学员的第一周！ #军校学员  #青年官兵 （刘昊、张国卿、张霄扬；编辑：郑洋榕）,https://www.douyin.com/video/7275353003345939712,八一青春方阵,2.0,0.0,,0,
11665,电波春晚精彩瞬间【再一次出发】#电波网络春晚  #永不消逝的电波  #电波春晚精彩瞬间  #春晚  #网络春晚 #舞蹈 #歌曲,https://www.douyin.com/video/7192572509143797051,永不消逝的电波,,0.0,,0,
9230,一飞冲天！记者在#天舟六号 任务现场和你一起见证火箭发射升空（熊飞、费明辉）,https://www.douyin.com/video/7231581737665531192,中国战略支援,1.0,0.0,0.0,0,
3865,国防部：美方行径严重影响多边军控、防扩散与裁军进程#美军 #美国 #霸权主义,https://www.douyin.com/video/7226733391578713400,人民前线,3.0,3.0,,3,
4736,"up青年在军营⑦丨曾华培——青春有力量，逐梦勇争先
战区陆军第83集团军某旅班长曾华培，从提干落榜到矢志追梦，始终坚持以使命任务为牵引，对梦想坚定执着不放松，练就过硬能力素质，不断书写军旅人生辉煌篇章！
策划：刘宸源、徐宇航、周西委
作者：王文彬、陈玺文、李子峰",https://www.douyin.com/video/7256686515412143415,忠诚号,0.0,0.0,,0,
3803,炸裂！看步兵班如何开辟通路！（聂政）#军事训练 #爆破 #炸裂现场,https://www.douyin.com/video/7238084841479228728,人民前线,1.0,4.0,,4,
8541,国家最新形象网宣片《PRC》##厉害了我的国 #大国崛起 #中国军人 #联勤,https://www.douyin.com/video/7208909996904418575,联勤集结号,2.0,0.0,0.0,0,
5067,勇闯火场救出一家三口的兵哥哥，荣立二等功！#救人 #兵哥哥兵哥哥 #二等功,https://www.douyin.com/video/7214862796767399205,中部空军,2.0,2.0,,2,
782,军校学员的#踢剑变装 来了！,https://www.douyin.com/video/7294472376740351232,中国军号,2.0,2.0,,2,
7336,歼-20到底好不好飞？“王海大队”的飞行员给出了这样的答案#奋斗强军新征程 #歼20 #人民空军,https://www.douyin.com/video/7263035433494351161,人民空军,1.0,0.0,0.0,0,
7764,转发祝福！可甜可飒的火箭军女兵#我眼中独一无二的她,https://www.douyin.com/video/7207974529744817465,中国火箭军,1.0,0.0,0.0,0,
2973,今天，毛主席诞辰130周年！让我们一起缅怀、致敬一代伟人！ #纪念伟人诞辰130周年 #缅怀先辈  #铭记英雄 （作者：翟文静 编辑：付恩诚）,https://www.douyin.com/video/7316706770477534527,东部战区,0.0,1.0,,0,
11634,通信兵带你领略北疆大好河山（赵文津、郭勃岩、高文彬） #信息通信部队 #通信兵 #大好河山 #雪山美景,https://www.douyin.com/video/7203548827544997177,永不消逝的电波,,0.0,,0,
1690,健康小知识！早上洗头好还是晚上洗头好#军视问答,https://www.douyin.com/video/7216248910589742370,中国军视网,0.0,0.0,,0,
5180,汪 汪 汪   新一批军犬入列！#军犬,https://www.douyin.com/video/7312690619288177930,西陆强军号,2.0,4.0,,4,
2030,感受一下重机枪火力（董浩 施董 逯志鹏 张志文 马龙）#实弹,https://www.douyin.com/video/7202896203955064104,学习军团,4.0,4.0,,4,
4859,冬至寒意浓，军营过暖冬！#冬至 #饺子 #军营生活,https://www.douyin.com/video/7315048455594839348,中部空军,2.0,4.0,,2,
9971,群众携锦旗到部队感谢武警救命恩（武警海南总队 陈萌萌、袁佳荣；编辑：曾锦旭）,https://www.douyin.com/video/7291634851097103616,人民武警,2.0,2.0,2.0,2,
10869,“新春走基层·撞营追兵哥”系列报道⑦｜守盛世，武警兵哥站成了风景,https://www.douyin.com/video/7192181091044707640,人民武警,,0.0,,0,
300,福建泉州：官兵完成救灾任务后撤离。#闻令而动子弟兵奋战在抗洪一线 （林志强 陈强）,https://www.douyin.com/video/7264018958607568188,中国军网,1.0,1.0,,1,
9261,兵哥哥教你怎样使用指北针，快实践起来吧！,https://www.douyin.com/video/7223941210937773371,中国战略支援,1.0,4.0,4.0,4,
1649,大片品质，硬核画面！尽在《蛟龙行动》#人民海军向前进 #人民海军生日快乐,https://www.douyin.com/video/7224727260639546679,中国军视网,0.0,0.0,,0,
10372,新藏线突发泥石流，武警官兵4小时抢通道路（作者：武警第二机动总队 陆文凯、翟子涵；编辑：华巍）,https://www.douyin.com/video/7249331220193103162,人民武警,,1.0,,1,
6406,翻过的山，会让你靠近云端。我们，顶峰相见。（高莎惠、郭强）#兵姐姐的日常#致我们  #顶峰相见,https://www.douyin.com/video/7257460346703629626,高原战士,1.0,0.0,,0,
4253,自律的兵哥哥有多帅？#健身 #自律遇见更好的自己,https://www.douyin.com/video/7236221461931805987,南部战区,2.0,0.0,,0,
4038,开火！“实弹练兵”，战味更浓！（四朗扎西 朱东亮 土登旺修 李登）,https://www.douyin.com/video/7202798297319247161,人民前线,1.0,4.0,,4,
936,直-20绳降画面！原来这就是天降奇兵！#强军新征程跑出加速度,https://www.douyin.com/video/7271949475227209019,中国军号,1.0,4.0,,4,
3794,冲锋舟：水上硬汉必修课！（陈敏 陈艺文 钟富广）#冲锋舟 #军事训练,https://www.douyin.com/video/7239865848721100087,人民前线,4.0,0.0,,4,
2818,接下来的任务，交给你们啦！#退伍季  #青春有很多样子 （武警宁夏总队：杨斯泽、王颖、李亚娇）,https://www.douyin.com/video/7205211060641500453,八一青春方阵,2.0,2.0,,2,
3190,“战神”出击，火力超群！#自行榴弹炮 #火力全开 #实弹 （作者：付少旋、李光跃、李存洁   编辑：方锴）,https://www.douyin.com/video/7245633535661428007,东部战区,1.0,4.0,,4,
9611,侦察型轮式装甲无人车来啦！,https://www.douyin.com/video/7198557382304206137,中国战略支援,1.0,4.0,4.0,4,
1910,#和谐使命2023 【和平方舟首访所罗门群岛】当地时间8月19日，恰逢中国第6个医师节，正在执行“和谐使命-2023”任务的海军和平方舟医院船驶抵所罗门群岛首都霍尼亚拉，开始对所进行为期7天的友好访问并提供医疗服务。这是和平方舟医院船首次访问所罗门群岛，也是中国海军舰船首次访问该国。,https://www.douyin.com/video/7268986749035105596,学习军团,1.0,0.0,,1,
6198,秋季入伍新兵训练，加油新战友！（李刚、李记港、周扬凯、苏文杰）#新兵 #训练,https://www.douyin.com/video/7293872339152817460,高原战士,1.0,4.0,,4,
6296,兵哥哥比耶。（吴强、吴志彪）#比耶 #帅气出场 #反差转场,https://www.douyin.com/video/7273695354019794234,高原战士,1.0,0.0,,0,
3166,光荣！二等功臣喜报送至家乡#二等功臣 #喜报 #军人 （作者：蔡湘辉、赖志雄、林贞贞  编辑：刘坚）,https://www.douyin.com/video/7253819582325050659,东部战区,1.0,1.0,,1,
3721,战神怒吼“炮兵来了”（范道恒 徐定海 刘鹏）#军事训练 #实弹射击 #炮兵,https://www.douyin.com/video/7252266226666229027,人民前线,1.0,4.0,,4,
590,有一种年味叫坚守 #军营的味道,https://www.douyin.com/video/7191254189731745024,中国军网,2.0,1.0,,2,
5802,轻骑千里播撒强军火种，文化盛宴点燃戍边豪情。北部战区陆军业余文艺轻骑队内蒙古篇来了！（作者：李鹏儒  编辑：曹超）,https://www.douyin.com/video/7248956538415533347,北陆强军号,,0.0,,0,
7116,【雷锋精神代代传】今天，是第60个“学雷锋纪念日”。海军部队深入学校，社区，养老院，开展爱心义诊、义务理发、关爱老人等活动，以实际行动书写新时代雷锋故事!（宋浩 杨佳豪 赵成浦 王依 郑文君 李志强 李宁 宁鑫 姜涛 丹晨璐 赵天淏 王晓妍等 剪辑/宋浩 ）,https://www.douyin.com/video/7207045716001246521,人民海军,1.0,1.0,1.0,1,
1676,拂晓时分！海军航空兵某旅开展多课目跨昼夜飞行训练,https://www.douyin.com/video/7220626078031744308,中国军视网,1.0,4.0,,4,
2712,#兵哥哥 #稍息立正齐步走变装（曾浩宇、高立彤；编辑：郑洋榕）,https://www.douyin.com/video/7218908999498861881,八一青春方阵,2.0,0.0,,0,
1544,五星红旗翱翔蓝天！2023年空军航空开放活动·长春航空展正在进行时,https://www.douyin.com/video/7260013930687270196,中国军视网,1.0,0.0,,0,
7481,2023年第一缕阳光已送达，愿你不负韶华，逐梦前行！#2023第一缕阳光,https://www.douyin.com/video/7183245059477769529,人民空军,1.0,0.0,0.0,0,
8157,这个才艺表演能上个春晚吧？（作者:李振朝、代智斌   编辑:韩咏轩)#学会这个能上春晚吗 #新年舞蹈  #抛不来塑料袋但能跳舞,https://www.douyin.com/video/7276290020078636322,联勤集结号,2.0,0.0,0.0,0,
130,中国海警依法管控日非法进入我钓鱼岛领海船只（来源《军事报道》）,https://www.douyin.com/video/7296683316885851430,中国军网,1.0,3.0,,3,
4432,#军营Vlog#看火箭军小姐姐酷炫变装为祖国庆生!#国庆节#（洪志顺、刘金、黄金奎、吴晓）,https://www.douyin.com/video/7284059959396961536,中部号角,2.0,0.0,,0,
1324,国防部：美炒作所谓“中国核威胁”是为其维持军事霸权寻找借口（国防部发布）,https://www.douyin.com/video/7203258039955115296,中国军号,3.0,0.0,,3,
10732,三八节，兵儿子给妈妈的惊喜（武警重庆总队 李东、黄赟、张永清；编辑：李楠）,https://www.douyin.com/video/7208134635438558498,人民武警,,2.0,,2,
5972,近日，2023年军队院校招收普通高中毕业生军检工作全面展开（作者：代浩、蔡晔、李傲、郭景，编辑：娄欣辉）#军检 #军校招生 #报考军校,https://www.douyin.com/video/7251525674551233850,北海舰队,1.0,0.0,,0,
984,感谢你们的守护！#看军事上军号,https://www.douyin.com/video/7266350072676322619,中国军号,2.0,1.0,,2,
979,这一幕太治愈！这就是“双向奔赴”吧！#看军事上军号,https://www.douyin.com/video/7267067594593553719,中国军号,1.0,2.0,,2,
8452,苏丹同胞！祖国派军舰接你们回家！#直击苏丹撤侨现场 #战狼2 #军舰 #中国海军 #全球军事观察,https://www.douyin.com/video/7226490242344193332,联勤集结号,2.0,1.0,1.0,1,
4863,我把青春融进祖国的江河！#祖国万岁 #青春 #雪 #祖国不会忘记,https://www.douyin.com/video/7313549806499089664,中部空军,1.0,2.0,,2,
8567,脱下的是军装，不褪色的是军魂。集合哨响，我定当不辱使命，若有战，召必回！(作者:范海雄、陈航、刘嘉豪    编辑:黄镇强)#若有战召必回 #中国军人 #退伍不褪色 #185 #联勤,https://www.douyin.com/video/7206838386173234447,联勤集结号,1.0,2.0,2.0,2,
10074,直击航空器反劫持协同演练现场（武警吉林总队 刘延琨、高目达、毛祚栋；编辑：曾锦旭）,https://www.douyin.com/video/7278641923697429794,人民武警,,4.0,,4,
11387,带着青春带着不舍再和“朝夕相处并肩作战的伙伴”拍个合照吧（刘腾飞）#退伍不褪色  #老兵  #军旅,https://www.douyin.com/video/7273317071675575564,永不消逝的电波,,0.0,,0,
5832,这一幕温馨又催泪，战士以别样方式与家人“团聚”,https://www.douyin.com/video/7192939293025815864,北陆强军号,,2.0,,2,
1558,扬帆、破浪、漂移！与海军勤务学院学员一起感受帆船的魅力（陈登科 郝骆鸣 宋雪杉 郭一凡）,https://www.douyin.com/video/7254485037964414208,中国军视网,1.0,0.0,,0,
4299,20时代的阳光开朗大男孩，颜值超高！（剪辑：蔡梦华） #逐梦蓝天 #歼20 #大国重器 #军事科技,https://www.douyin.com/video/7212470666879126845,南部战区,2.0,0.0,,0,
316,通信兵的巡线路，可不是随便走走看看,https://www.douyin.com/video/7263351302204198181,中国军网,2.0,4.0,,4,
3231,妈妈，我爱你！#妈妈我爱你 #表白 #亲情无价 （作者：常俊、战强、马军、刘国成  编辑：冯冲浪）,https://www.douyin.com/video/7232893389031722297,东部战区,0.0,2.0,,2,
4054,首届医疗卫勤军官，统管共用轮训队在第73集团军医院开班啦！（王一军 林文韬）,https://www.douyin.com/video/7199847506010754365,人民前线,1.0,0.0,,0,
10129,【直播预告】世界屋脊的屋脊！8月29日17时，一起探访云端天路守护者！,https://www.douyin.com/video/7272335975001476392,人民武警,,0.0,,0,
4092,新年官兵组织写春联活动（陈昱廷 王炎斌 王鑫鑫）,https://www.douyin.com/video/7192489455930969399,人民前线,2.0,0.0,,0,
2516,从三月到六月，一起回顾春季入伍新兵的成长足迹  #新兵下连 #青年官兵（周乔俏、陈如国、陈星、王浩 编辑：郑洋榕）,https://www.douyin.com/video/7244472179469946112,八一青春方阵,2.0,0.0,,0,
2466,宝贝，我是真的在忙啊......  #宝贝在干嘛（左阳、尹堞泓 编辑：郑洋榕）,https://www.douyin.com/video/7253020312965614908,八一青春方阵,2.0,0.0,,0,
11417,风雨同舟#全心全意为人民服务 #永远做党忠诚可靠传令兵,https://www.douyin.com/video/7266048888962944291,永不消逝的电波,,0.0,,1,
3267,东部战区新闻发言人就美“米利厄斯”号导弹驱逐舰过航台湾海峡发表谈话#不惧任何外敌 （东部战区融媒体中心）,https://www.douyin.com/video/7222859387021446461,东部战区,1.0,1.0,,1,
4209,回复 @南山.的评论 少年不惧岁月，予青春以梦想，一往无前，不掩光芒,https://www.douyin.com/video/7257712436524961024,南部战区,0.0,0.0,,0,
3189,来自军娃对军爸的深情告白！#致敬中国军人 #父爱如山 #军娃 （作者：陈敏、闫嘉芮、郑锦松  编辑：方锴）,https://www.douyin.com/video/7246003327698275623,东部战区,2.0,2.0,,2,
7576,小小的乒乓能演绎出不一样的军旅生活，更能书写出“拉斜线”中的直板和横板，刚柔并济中实现胜败的真谛。走，到火箭军军营感受不一样的乒乓赛事！,https://www.douyin.com/video/7252969365707050272,中国火箭军,1.0,0.0,0.0,0,
9349,缅怀英雄！4月1日请记住编号81192,https://www.douyin.com/video/7216922714903268645,中国战略支援,1.0,2.0,2.0,2,
9993,文体活动欢乐多！兵哥哥的业余时间这样过（武警第二机动总队 崔伟、冒栋梁、谢纪任；编辑：华巍）,https://www.douyin.com/video/7288645325634522408,人民武警,2.0,0.0,0.0,0,
5777,我们的信念就是，宁死不会让祖国的领土少一寸！,https://www.douyin.com/video/7184402327061728512,西陆强军号,,1.0,,1,
7494,火箭军政治工作部宣传文化中心举办基层舞台导演骨干培训班 近日，火箭军政治工作部宣传文化中心依托某部举办了基层舞台导演骨干培训班。培训历时15天，12名军内外编导领域名家参与授课，基层部队63名文艺骨干现场学习。,https://www.douyin.com/video/7309064853128318247,中国火箭军,1.0,0.0,0.0,0,
5280,#下一站 ，#军营！,https://www.douyin.com/video/7280096554868919612,西陆强军号,1.0,0.0,,0,
6620,送战友，踏征程，老兵珍重!#退伍不褪色 （梁馨媛、张寅、李伯安、游盼凯）,https://www.douyin.com/video/7208467681002016035,高原战士,1.0,2.0,2.0,2,
7182,"【“海”纳百川聚英才，见证“孔雀蓝”方阵的强军征程】强军事业激澎湃，海纳百川聚英才。近年来，数千名各方面优秀人才汇聚军营、加入海军文职人员方阵。在习近平强军思想引领下，他们在国防科研领域踔厉奋发，在教育教学岗位大显身手，在卫勤医疗战线勇毅前行，在服务保障一线默默奉献，在多样化军事任务中勇挑重担，用青春热血绘就壮美事业、书写灿烂人生.......
       奋进新时代，扬帆正当时。随着新修订的《中国人民解放军文职人员条例》颁布实施，文职人员身份定位更加清晰，职能使命更加明确，地位作用更加重要，发展空间更为广阔，待遇保障显著提升。广大文职人员倍感振奋、深受鼓舞，正以昂扬向上的精神风貌，向着如期实现建军一百年奋斗目标、加快把人民军队建成世界一流军队团结奋斗!（海政文职人员局 编辑/焦飞宇）",https://www.douyin.com/video/7184660043059465533,人民海军,1.0,0.0,0.0,0,
7275,【驭光而行！#歼20披上了金甲战衣】霞光辉映，鹰击长空，当中国战机遇上绝美霞光，一起感受#歼20身披金甲战衣满满武侠风！,https://www.douyin.com/video/7298322091651157302,人民空军,4.0,4.0,4.0,4,
1534,勇士集结，燃情盛夏，庆祝中国人民解放军96周年，带你直击国防挑战赛现场#谁是终极英雄,https://www.douyin.com/video/7262322959262453049,中国军视网,1.0,1.0,,1,
733,句句戳心！抗美援朝老兵含泪回忆牺牲战友 #志愿军烈士遗骸回国,https://www.douyin.com/video/7304208086229617972,中国军号,2.0,2.0,,2,
6528,你以为的聊天对象VS现实中的聊天对象 （王顺胜、蒋银海、李琴芳) #防诈骗 #网聊 #AI换脸 #高原战士,https://www.douyin.com/video/7237133679393344800,高原战士,1.0,0.0,0.0,0,
4780,"秒懂要点⑧丨习近平强军思想“五个坚持”的军事观和方法论
策划：王金生、万   鑫、肖士金
摄影：张日荣、张   璞、北方秀",https://www.douyin.com/video/7238806142359473468,忠诚号,0.0,0.0,,0,
10773,摩托艇“狂飙”遇险，中国海警“雷霆”救援！（中国海警局  石磊、王润泽青；编辑  别特）,https://www.douyin.com/video/7203701318081383735,人民武警,,1.0,,1,
8069,你男朋友有这么“狂飙”么？@你列表里的前三位，来一场说走就走的塞北大漠行！（作者:贺小龙、刘宇  编辑:邢雨辰）#漂移 #汽车兵 #JDM,https://www.douyin.com/video/7291130577418341647,联勤集结号,2.0,4.0,4.0,4,
9326,王伟烈士妻子阮国琴走进中国人民革命军事博物馆。81192，我们永远等你返航。,https://www.douyin.com/video/7218097884766457145,中国战略支援,1.0,0.0,0.0,0,
7840,珍爱生命 远离酒驾,https://www.douyin.com/video/7192502783529045288,中国火箭军,1.0,0.0,0.0,0,
9995,武警湖南总队新兵团举行2023年秋季新兵教育训练开训动员仪式！（武警湖南总队 刘粤商、吴春彤、张龙腾；编辑：曾锦旭）,https://www.douyin.com/video/7288315894911077684,人民武警,1.0,4.0,4.0,4,
1380,无人侦察机，出击！,https://www.douyin.com/video/7187292466075209016,中国军号,1.0,4.0,,4,
507,南部战区新闻发言人就美舰擅闯中国西沙领海发表谈话（来源：南部战区公众号）,https://www.douyin.com/video/7213640515403648291,中国军网,3.0,1.0,,3,
6561,超燃现场，“雪域强军杯”篮球赛喊你来围观！（韩世玉 罗兴旺 周建文 吴强）#高原战士 #抖音篮球季 #篮球,https://www.douyin.com/video/7233351485659139328,高原战士,1.0,0.0,0.0,0,
3807,别眨眼，来体验一下实爆现场的震撼（聂政）#实爆 #爆破 #燃爆,https://www.douyin.com/video/7237330528242797856,人民前线,4.0,4.0,,4,
9994,感动！这一幕！（武警西藏总队 杜明坤、张磊、喻万里、彭正东、吴强；编辑：曾锦旭）,https://www.douyin.com/video/7288316306003103016,人民武警,2.0,2.0,2.0,2,
16,暖暖的一天,https://www.douyin.com/video/7316794716878638346,中国军网,4.0,2.0,,2,虽然是军营生活，但是文字体现的主题是军队的暖心时刻，还是应该归为2
9046,德州市平原县发生5.5级地震 德州市民惊魂未定：“摄像头都晃掉了”  视频来源：齐鲁晚报,https://www.douyin.com/video/7263989042822352143,中国战略支援,1.0,1.0,1.0,1,
1819,又是知识点！“万吨大驱”舱内没窗户但空气依然清新的原因找到了！#军事纪实,https://www.douyin.com/video/7194357821939535139,中国军视网,4.0,4.0,,4,
8310,女兵射击训练，打枪打到伤口崩裂。训练时勇敢的她，却在包扎伤口时疼的喊出了声…#实弹射击 #感人瞬间 #坚强的孩子 #坚强,https://www.douyin.com/video/7244381366236843320,联勤集结号,2.0,4.0,4.0,4,
878,致敬！这冲向火光的背影 #看军事上军号,https://www.douyin.com/video/7283025126893931836,中国军号,1.0,1.0,,1,
5181,并列第一！“军体双子星”1002个单杠卷身上,https://www.douyin.com/video/7312344505397579034,西陆强军号,2.0,4.0,,4,
2276,兵哥向前冲，直击军人运动会超燃现场！ #青年官兵 #火热军营 （作者：黄事成、何文博；编辑：郑洋榕）,https://www.douyin.com/video/7276051282127834431,八一青春方阵,2.0,0.0,,4,
699,国防部：捍卫国家主权和领土完整 解放军决不手软,https://www.douyin.com/video/7307201966147423539,中国军号,1.0,1.0,,1,
4534,熟悉的歌曲串烧，燃起来的训练镜头，来自武警战士的变装挑战，这样的BGM和节拍是否击中你的心。（苏唱 王少猛 张鑫 范亚康）,https://www.douyin.com/video/7258486364457504052,中部号角,2.0,0.0,,0,
9580,接力帮扶 爱心托举求学梦。#接力 #求学梦 #爱心,https://www.douyin.com/video/7199824359379324220,中国战略支援,1.0,0.0,0.0,0,
1052,#歼15 发射导弹拢共分几步，一枚、两枚？打就完了！#逐梦强军新征程,https://www.douyin.com/video/7262537085133884712,中国军号,4.0,4.0,,4,
4259,连环炮击，点到为止（银欢、冯博伦、曾庆丰）,https://www.douyin.com/video/7233334534878809404,南部战区,1.0,4.0,,4,
7040,【走进海空先锋大队 | 2023年人民海军成立纪念日“第三季·我和我的战位②”（内有彩蛋）】北部战区海军航空兵某团飞行一大队，是我国第一支舰载机大队。大队组建后，官兵们开拓进取，实现了海军航空兵从岸基向舰基的跨越，圆满完成中国首次远程运载火箭发射试验数据舱打捞、南极中国长城站建站物资运输等数十项重大任务，被海军授予“海空先锋大队”荣誉称号。多年来，大队官兵始终珍惜荣誉，坚持弘扬传统，先后圆满完成远洋护航、“和谐使命”、南海海域海上阅兵、中外联演等一系列重大任务。（肖勇利 苏润芃 庞泽乾 高翔 张彬 编/孙晨旭 池敬爽）#人民海军成立74周年 #壮丽新航程 #强军十年海军时刻,https://www.douyin.com/video/7224199029096205625,人民海军,1.0,1.0,1.0,1,
11141,"第八十集团军某旅隆重举行集体婚礼，40对新人在战友和亲属的见证下喜结连理、缘定今生。
作者：张明哲  张 恒  李嘉琦  代 鹏  郑智瀚
编辑：申明明",https://www.douyin.com/video/7287924417441631546,80强军号,,0.0,,0,
4893,以忠诚拱卫京畿，以青春守护团圆。#人民空军成立74周年 #与时代共奋飞,https://www.douyin.com/video/7299297784753261864,中部空军,1.0,1.0,,1,
6479,快来围观！高原战士帅气变装来袭！（董浩）#变装  #帅气  #高原战士,https://www.douyin.com/video/7246229085200977189,高原战士,1.0,0.0,,0,
8643,联勤力量展示，欢迎各位挑战#力量派挑战#健身 #男友力(黄镇强、张扬、田野),https://www.douyin.com/video/7198062941604777268,联勤集结号,2.0,0.0,0.0,0,
4344,特别策划 | 南部战区邀您打开新春之《门》（剪辑：蔡梦华、林清华）#新年快乐 #中国军人 #边防 #国门卫士,https://www.douyin.com/video/7190902982546869541,南部战区,1.0,1.0,,1,
5837,这一年，有收获有成长，更有#2023闪闪发光的我 ！#2023爱自己的闪光时刻  #重新发布一次我的2023,https://www.douyin.com/video/7317967400643611944,北海舰队,1.0,0.0,,0,
9540,这么好的美景，等你一起巡逻吧！,https://www.douyin.com/video/7201408825776278843,中国战略支援,1.0,0.0,0.0,0,
458,海军成立74周年官方宣传片《蛟龙行动》# 人民海军向前进  # 人民海军生日快乐,https://www.douyin.com/video/7224719257366498594,中国军网,2.0,0.0,,2,
234,舟桥分队跨江合龙，天堑变通途……,https://www.douyin.com/video/7279040494359907595,中国军网,2.0,4.0,,4,
900,终于抱到界碑了#边防,https://www.douyin.com/video/7278595881790672162,中国军号,1.0,1.0,,1,
6698,超燃！这场#空地一体火力打击演练 真够劲#直击雪域练兵场  (黄冠、韩佳皓、王圣尧、张照杰、韦骁宇、普布扎西、马成锁),https://www.douyin.com/video/7188072619986439484,高原战士,1.0,4.0,4.0,4,
449,大家来找“茬”,https://www.douyin.com/video/7227708344566320418,中国军网,4.0,4.0,,4,
6445,高原战士的“花式单杠”等你来挑战！（周旭保、吴强、葛维家）#花式单杠 #单杠 #高原战士,https://www.douyin.com/video/7251499965711748408,高原战士,1.0,4.0,,4,
10122,一次不舍的告别，一次使命的交接！（武警四川总队 陈宇、李利强；编辑：曾锦旭）,https://www.douyin.com/video/7273085363810209039,人民武警,,2.0,,2,
7422,棒！#空军首批“双学籍”女飞行学员完成夜航单飞 ！,https://www.douyin.com/video/7218575076252257576,人民空军,1.0,4.0,4.0,4,
1242,孩子，别怕。人民海军带你回家。,https://www.douyin.com/video/7226640508599225656,中国军号,1.0,1.0,,1,
7450,拜年啦！来自空军“王海大队”大队长杨俊成的新春祝福！,https://www.douyin.com/video/7190974854651219256,人民空军,1.0,2.0,2.0,2,
612,使命催征，闻令而动。2023年，红一师，挥戈向战，超燃开训！,https://www.douyin.com/video/7184631127989177635,中国军网,1.0,2.0,,2,
2671,除了学习兵哥哥还会……  #丝滑转场  #青年官兵  #今日分享 （张嘉方、南富国、焦庆弘、陈凯文；编辑：郑洋榕）,https://www.douyin.com/video/7225238025104657719,八一青春方阵,2.0,0.0,,0,
5358,盘点兵哥哥的武艺—古昂拳篇#盘点#兵哥哥#武术,https://www.douyin.com/video/7264788528825896252,西陆强军号,,0.0,,0,
9671,原来中国科幻的背后是中国制造 。#流浪地球2,https://www.douyin.com/video/7195369583094549818,中国战略支援,1.0,0.0,0.0,0,
1083,13发子弹击落美军军机，你绝对没听过的战斗故事！#抗美援朝 #看军事上军号,https://www.douyin.com/video/7260038283412000015,中国军号,2.0,0.0,,0,
5730,顶风冒雪！女兵首次踏上巡逻路（王梦缘、肖龙、何景鸿）,https://www.douyin.com/video/7195409309772057871,西陆强军号,,1.0,,1,
7371,精彩等你来！小编带你打卡军营开放活动#空军航空开放日 #长春航空展 #强军之路 #军营开放活动,https://www.douyin.com/video/7260341035723754808,人民空军,1.0,0.0,0.0,0,
2308,那些朝夕相处的点点滴滴，珍贵而纯粹，来不及细细品味，就到了分别的时候  #退伍季 #青春无悔军营路 （黄亚、陈树滇；编辑：郑洋榕）,https://www.douyin.com/video/7271967935978130725,八一青春方阵,2.0,4.0,,2,
7655,军校生都会些啥？这也太~多~了~吧~,https://www.douyin.com/video/7227711430693260602,中国火箭军,1.0,0.0,0.0,0,
902,#甩海报应援挑战  限时返场，武警特战申请出战！#看军事上军号,https://www.douyin.com/video/7278204332913282365,中国军号,1.0,0.0,,0,
11200,第71集团军某旅：桥梁架设比武 激发练兵热潮（视频剪辑：蒋仕奇、邱友平）,https://www.douyin.com/video/7300930378020179237,亮剑东南,,4.0,,4,
7136,【你好上元，你好军营】军人的团圆在战位上，钢枪紧握，战鹰振翼，惟愿山河无恙，上元安康。海军航空兵某部创作mv《早安军营》献给每一个在战位上守护晨曦的浪花白！（管叙鑫 王晓妍 宋安乐 余彬彬 何楠钦 陈禹 刘保尧 张新祥 韩笑 李白杨),https://www.douyin.com/video/7196605888705203515,人民海军,1.0,0.0,0.0,0,
29,受灾群众吃上热乎饭……,https://www.douyin.com/video/7314507032227220773,中国军网,1.0,1.0,,1,
7636,东风快递原创MV《赤焰诗行》,https://www.douyin.com/video/7232586510220971319,中国火箭军,1.0,0.0,0.0,0,
4048,2023年上半年征兵工作全面展开#大学生入伍 #参军 #征兵,https://www.douyin.com/video/7201040724618480952,人民前线,1.0,0.0,,0,
10018,军民共建庆华诞、携手奋进新征程，武警漳州支队隆重举办军地文艺晚会（作者：武警福建总队  孙宇、江捷；编辑：卢然）,https://www.douyin.com/video/7284943683575713078,人民武警,,0.0,,0,
3639,“越是恶劣的海况，越能锻造更强的战斗力！”#逐梦 #强军,https://www.douyin.com/video/7267913203961662778,人民前线,1.0,4.0,,2,
11573,假如通信设备用在了通信兵身上（任浩清、梁少杰）#你好通信兵 #五一劳动节快乐 #搞笑 #特效制作请勿当真,https://www.douyin.com/video/7227740668834155833,永不消逝的电波,,0.0,,0,
10977,95后坦克女兵：从没想过，别人都在写情书的年纪，而我在留家书,https://www.douyin.com/video/7268287394472791348,我们的天空,,2.0,,2,
3316,比武赛场 ，当“燃”不让。#比武 #军运会 #燃 （作者：杨万臻、廖兴原、张维东  编辑：冯冲浪）,https://www.douyin.com/video/7208842169547803963,东部战区,2.0,0.0,,4,
5312,国防部：“台独”分子干过什么坏事，心里没有数吗？,https://www.douyin.com/video/7273775610210716987,西陆强军号,1.0,1.0,,1,
4697,你守护着“我”，我爱护着“你”，这大概就是军民鱼水情最好的样子。（记者：叶红、车郝磊、王琨、伊海洋）,https://www.douyin.com/video/7267164749090229559,忠诚号,2.0,2.0,,2,
617,-30℃踏雪巡逻！只要百姓安全，再冷的天都不算冷！,https://www.douyin.com/video/7318682449964207412,中国军号,1.0,1.0,,1,
9435,全面加强练兵备战，提高新时代打赢能力。,https://www.douyin.com/video/7209873474532216123,中国战略支援,1.0,4.0,4.0,4,
10103,烎！直击武警迫击炮实弹射击（武警第一机动总队 刘小波、周静、程文波；编辑：徐礼跃）,https://www.douyin.com/video/7274946040053124404,人民武警,,4.0,,4,
9700,中国战略支援融媒体账号《礼赞新时代 奋进新征程》经典电影展播活动；电影《大决战之淮海战役》精彩片段。（熊飞）,https://www.douyin.com/video/7194001700997369146,中国战略支援,1.0,0.0,0.0,0,
11376,那就好好告个别吧！（董玉洁 张瑶 蔡丹丹）#退伍不褪色  #军旅  #迷彩青春,https://www.douyin.com/video/7274152309855227196,永不消逝的电波,,2.0,,2,
5426,下士张翼鹏！好样的！#军人#救人,https://www.douyin.com/video/7257337672430030139,西陆强军号,,1.0,,1,
7080,【《壮丽新航程》片尾曲MV《大海事业》】“桅杆挺立擎天阙，奔腾的巨浪，唯你驰骋而不谢……”一代又一代的人民海军官兵带着忠诚和信仰，用青春和热血，守卫着祖国的万里海疆。一首《大海事业》，带你感悟海军官兵的大海情怀，聆听他们与浪花的交响……（编辑/焦飞宇）,https://www.douyin.com/video/7222999385817238843,人民海军,1.0,0.0,0.0,0,
10185,车辆追尾起火，武警官兵紧急扑救（武警内蒙古总队 王爽、王群；编辑：卢然）,https://www.douyin.com/video/7267160477766126863,人民武警,,1.0,,1,
9022,创新训练形式，加速培养信息通信尖兵。#最美新时代革命军人赵丽 （央视新闻）,https://www.douyin.com/video/7265283167815372088,中国战略支援,1.0,4.0,4.0,4,
1597,看火炮射击！还得是齐射才过瘾,https://www.douyin.com/video/7238909209033723196,中国军视网,1.0,4.0,,4,
11553,近日，驻津某部开展军警民联合护线宣传活动，进一步增强了群众保护国防光缆的意识，下面请跟随小编的镜头一起来看看吧（于伟博、魏百灵、赵丹）#保护国防光缆 #军民鱼水情,https://www.douyin.com/video/7234318383301315877,永不消逝的电波,,0.0,,0,
10506,虫草山上老人晕倒，执勤武警紧急施救（武警云南总队 张礼军、张泰笙、容嘉良；编辑：徐礼跃）,https://www.douyin.com/video/7236311324874018104,人民武警,,1.0,,1,
7096,欢迎回家！ #海军第42批护航编队凯旋 （曹海峰 马玉彬 徐涛涛 郭景 剪辑/焦飞宇）,https://www.douyin.com/video/7216192155809778999,人民海军,1.0,1.0,1.0,1,
9966,仪式感拉满！军营集体婚礼甜蜜来袭（武警河南总队 王浩嘉、李天皓；编辑:华巍）,https://www.douyin.com/video/7292345533077671168,人民武警,2.0,0.0,0.0,0,
5371,跟边防官兵一起走海拔6000米冰川巡逻路！#逐梦强军新征程,https://www.douyin.com/video/7262929784651451703,西陆强军号,,1.0,,1,
9793,糖很甜，小纸条更暖心~ （记者：徐礼跃；编辑：陈绿祥）#甘肃加油 #暖心一幕,https://www.douyin.com/video/7316077337815076134,人民武警,2.0,2.0,2.0,2,
10746,加油站起火，安徽武警成功扑救（武警安徽总队 龚光宇、盛志鑫；编辑 吴敬楠）,https://www.douyin.com/video/7206634689556204855,人民武警,,1.0,,1,
10006,一起探班兵哥哥的国庆假期生活（武警黑龙江总队 王傲雪；编辑：曾锦旭）,https://www.douyin.com/video/7286832511529864448,人民武警,,0.0,,0,
620,就这样和2023说再见吧！2024，人民军队依然是你的坚实依靠！#谢谢你们2023年的守护  #你好2024,https://www.douyin.com/video/7318297571104017698,中国军号,1.0,2.0,,1,
11761,感慨这时光是如此之快，再见啦！我亲爱的战友    #退伍不褪色 #退役军人 #祝前程似锦（作者：高子祺）,https://www.douyin.com/video/7273807605959675173,沧海铸剑,,2.0,,2,
3636,海训场的这场晚会，棒极了！（王焱斌 王鑫鑫 熊家盼）#晚会 #海训 #演出,https://www.douyin.com/video/7267915030543469881,人民前线,2.0,0.0,,0,
3653,桂林联勤保障中心组织卫勤专业比武竞赛#军事训练 #联勤 #联勤保障部队,https://www.douyin.com/video/7264907998886120704,人民前线,1.0,4.0,,4,
6852,【#2023年军营网络安全宣传周主题宣传片发布 】筑牢网络安全，共享网络文明，2023年军营网络安全宣传周活动将于9月11日至17日开展，主题宣传片来啦，戳视频↓↓↓,https://www.douyin.com/video/7277372214951873827,人民海军,1.0,0.0,0.0,0,
7564,向英雄，致敬！这盛世，如你们所愿！@青岛大学,https://www.douyin.com/video/7260297172879494463,中国火箭军,1.0,2.0,2.0,2,
6959,【习近平回信勉励海军潜艇部队某艇员队 努力锻造全面过硬的水下尖兵 为实现建军一百年奋斗目标作出更大贡献】,https://www.douyin.com/video/7231890935641066813,人民海军,1.0,0.0,0.0,0,
7617,十八般武艺齐上阵，快来围观兵哥哥的拉歌现场,https://www.douyin.com/video/7237755940181790009,中国火箭军,1.0,0.0,0.0,0,
8428,两百俯卧撑，求小黄鸭心理阴影面积(作者:辛楠、徐娅)#俯卧撑挑战 #小黄鸭 #小黄鸭已就位 #兵哥哥 #压力大,https://www.douyin.com/video/7230201455808924928,联勤集结号,2.0,4.0,4.0,4,
3105,送战友、踏征程，再见，老兵！#退伍季  #驼铃  #退伍老兵 （作者：葛斌、吴昊宇、刘庆峰、陈剑锋  编辑：刘坚）,https://www.douyin.com/video/7273758729730805028,东部战区,2.0,1.0,,2,
2028,砰！（李倩 刘龙 肖雨轩）,https://www.douyin.com/video/7205132122170969401,学习军团,1.0,4.0,,4,
3072,特战驾驶员有多牛？倒车刺球，直击靶心#来吧展示 #王牌驾驶员申请出战 #兵哥哥  （作者：王喆、王新桐、刘威 编辑：牟泓）,https://www.douyin.com/video/7283475624637812022,东部战区,2.0,4.0,,4,
3258,步坦协同 扫残破障，向战场纵深前进#时刻准备战斗 #战场  #现场实拍 （作者：范晓明，周锦，张会庾，黄泽锋  编辑：冯冲浪）,https://www.douyin.com/video/7225898580219940153,东部战区,1.0,4.0,,4,
1079,太震撼了！运油-20、歼-20、歼-16空中同框#空军航空开放日 #看军事上军号,https://www.douyin.com/video/7260333809038642490,中国军号,4.0,4.0,,4,
1262,走走走！我们去打靶喽！#坦克,https://www.douyin.com/video/7221435916408147256,中国军号,1.0,4.0,,4,
9289,“拖着绳子”的工兵破障神器来袭，火药味十足！,https://www.douyin.com/video/7220970510606142781,中国战略支援,1.0,4.0,4.0,4,
5267,中方奉劝#菲律宾：不要#挑衅滋事！,https://www.douyin.com/video/7283095517762997541,西陆强军号,3.0,3.0,,3,
9060,战略支援部队某部一级军士长唐勇，10220天，扎根西北戈壁，矢志奋斗强军！ #我是中国军人（来源：八一青春方阵）,https://www.douyin.com/video/7263447946199321856,中国战略支援,1.0,2.0,2.0,2,
7873,请签收东风快递员专属的新年祝福#温暖平安过大年 #年年岁岁护你平安,https://www.douyin.com/video/7190236090245156154,中国火箭军,2.0,2.0,2.0,2,
3155,屏住呼吸！近距离感受无人排爆#无人排爆 #高科技 #军事 （作者：陈军、郭鹏程、贾松宇、杨琪 编辑：刘坚）,https://www.douyin.com/video/7258613828580150582,东部战区,1.0,4.0,,4,
10319,武警官兵全力投入甘肃夏河泥石流灾害救援（作者：徐礼跃；武警甘肃总队 刘榕、刘亚斌、刘沛；编辑：王燕婷）,https://www.douyin.com/video/7255262179929099580,人民武警,,1.0,,1,
11066,妈妈我想对您说（周章凡 牛明扬 ）,https://www.douyin.com/video/7232883571420138807,我们的天空,,2.0,,2,
4042,再见 军营（李仙 陈昱廷 王贤哲）,https://www.douyin.com/video/7202160138277457213,人民前线,2.0,2.0,,2,
4541,【多角度观看！单兵火箭实弹射击】连日来，中部战区陆军第81集团军某合成旅组织单兵火箭实弹射击训练，通过数轮对模拟装甲目标的射击，有效检验了官兵对武器的运用能力。（聂凡淳）,https://www.douyin.com/video/7254349995715956003,中部号角,2.0,4.0,,4,
4462,#又是一年退伍季 这一次转身，也许就是一辈子！#退伍季 （魏宁）,https://www.douyin.com/video/7272543539957861632,中部号角,2.0,2.0,,2,
11409,铁打的营盘，流水的兵。即将退伍之际，老兵在岗位完成最后一岗的交接，这既是使命的传承也是强军的担当！（欧永盛 叶梓 陈俊 郭锡龙）#军旅 #传承红色精神,https://www.douyin.com/video/7268950369911328060,永不消逝的电波,,2.0,,2,
1658,海军第43批护航编队临靠吉布提港进行物资补给,https://www.douyin.com/video/7223643951805320508,中国军视网,1.0,0.0,,1,
3723,第71集团军某旅：潜水骨干集训 锤炼水下渗透能力#军事训练 #实弹射击 #水下 #潜水 #渗透,https://www.douyin.com/video/7251745546325593384,人民前线,1.0,4.0,,4,
3775,列兵请入列（张杰 宋积忠 张顺）#新兵 #新兵请入列,https://www.douyin.com/video/7243374386370055476,人民前线,1.0,3.0,,3,
7502,【今日#小雪# | 缤纷雪花，带我们走进真正的寒冬】愿你在雪花飞舞的冬季，不囿于风雪，不困于荆棘，继续向着梦想前行。,https://www.douyin.com/video/7304107419985104139,中国火箭军,0.0,0.0,0.0,0,
8668,在无锡联勤保障中心某部的任务现场，保管员穿上单兵机械外骨骼系统搬运报废武器。这是机械外骨骼首次亮相报废武器销毁一线！有了全新装备助力，不仅搬运工作更轻松，而且大大降低了安全风险#流浪地球2 #中国军人风采,https://www.douyin.com/video/7195483777836043557,联勤集结号,2.0,0.0,0.0,0,
4027,你们要的手榴弹实弹投掷，今天它来了！（林燕飞 詹鹭杨 王云龙）,https://www.douyin.com/video/7204174720428821818,人民前线,4.0,4.0,,4,
10907,为人民子弟兵点赞，近日，上海总队官兵在春运执勤时帮助走失孩童找到家人！（武警上海总队 严俊杰、李泽宇、何晓杰；编辑 吴敬楠）,https://www.douyin.com/video/7186624164344778019,人民武警,,1.0,,1,
6521,满分！新兵射击“首秀”，打出50环好成绩。（惠雁翎、韩世玉、郭春龙、张元飞）#新兵 #射击 #50环 #满分 #高原战士,https://www.douyin.com/video/7238814702430735649,高原战士,1.0,4.0,4.0,4,
4715,战区陆军第82集团军“铁军旅”组成党员突击队，对白沟河两岸约38公里路段进行不间断巡查。（记者：张钰林、杨仕伟、孙永琪、贾永龙；编辑：乔子丰）,https://www.douyin.com/video/7263679333594598714,忠诚号,1.0,1.0,,1,
6773,点赞，新时代的缮兵者！（赵振华、郑浩、顾智超）#点赞强军,https://www.douyin.com/video/7196327174624808250,喀喇昆仑卫士,1.0,2.0,2.0,2,
5303,外交部：#中方不接受#日方所谓抗议！,https://www.douyin.com/video/7275676206182239548,西陆强军号,3.0,3.0,,3,
3437,@新战友，跨省服务来啦！ #新兵 #心理 #心理辅导 #适应期,https://www.douyin.com/video/7309651865988304154,人民前线,2.0,0.0,,0,
5701,首批春季入伍士兵退役！,https://www.douyin.com/video/7205127045578345768,西陆强军号,,2.0,,2,
6108,"凯旋！海军第43批护航编队圆满完成任务，返回广东湛江某军港。
（作者：张杰 杨捷 吴亢慈 唐思宇 刘基 杨泽源 叶明涛 贾晓鹏 / 编辑：叶明涛）",https://www.douyin.com/video/7272671863539518760,南海舰队,1.0,1.0,,1,
9307,高原新战士与军马的“初见”，#骑兵 骑兵 展示马上战术,https://www.douyin.com/video/7219103138563820857,中国战略支援,1.0,4.0,4.0,4,
11380,一身戎装，一生荣光。未来可期，期待与你们顶峰相见！（李君鹏）#退伍不褪色  #老兵  #军旅,https://www.douyin.com/video/7273783070304652580,永不消逝的电波,,0.0,,0,
5489,军营开放日，萌娃与兵哥共度端午佳节~（作者：张铂温 朱华剑 黄龙阳 阿扎马特）,https://www.douyin.com/video/7247508195948711225,西陆强军号,,2.0,,2,
7484,纪念毛主席诞辰130周年 | 永远的东方红,https://www.douyin.com/video/7316791031712812300,中国火箭军,1.0,2.0,2.0,2,
37,一气呵成，来个小沙坑。,https://www.douyin.com/video/7313763805970828554,中国军网,4.0,4.0,,4,
8381,草还是原来的草，拔草技术已今非昔比(作者:李振朝、冯飞、隋凯)#拔草 #军营生活 #军营趣事 #出公差 #出公差集合,https://www.douyin.com/video/7236519139240676665,联勤集结号,2.0,0.0,0.0,0,
554,特种车辆驾驶考核现场，看兵哥如何玩转方向盘。,https://www.douyin.com/video/7200638034415553844,中国军网,1.0,4.0,,4,
9675,你们尽管想象，我们负责实现 @国资小新,https://www.douyin.com/video/7195006415986117947,中国战略支援,1.0,0.0,0.0,0,
6452,时隔41年，“张福林”班老班长重返边关，重温军旅生活，感受军营变化，并为“张福林”班哨所官兵赠送锦旗！（陈怀圣、孙梁、宁博麟、孙世杰）#雪域将士忠于党 #边关 #西藏军区,https://www.douyin.com/video/7250325189383261496,高原战士,1.0,1.0,,1,
1592,轻松击穿钢板！反器材狙击步枪的威力真大#军事纪实,https://www.douyin.com/video/7239998311158074659,中国军视网,1.0,4.0,,4,
11672,电波网络春晚【万疆】#电波网络春晚  #永不消逝的电波  #电波春晚精彩瞬间  #春晚  #网络春晚 #舞蹈,https://www.douyin.com/video/7192561368749313338,永不消逝的电波,,0.0,,0,
5644,"#缅怀革命先烈，接受红色洗礼！
小学生走进#张富清老英雄生前所在团缅怀先烈，感受革命精神。",https://www.douyin.com/video/7217656225222200611,西陆强军号,,2.0,,2,
10236,防汛救灾特稿丨武警第一机动总队官兵全力投入北京地区抗洪抢险救援（武警第一机动总队 赵红勇、李仕杰、梁堉朴、张健、朱朝阳、王悦、梁谦；编辑：徐礼跃）,https://www.douyin.com/video/7263082702813826341,人民武警,,1.0,,1,
661,劈波斩浪，砺剑深蓝！国产航母山东舰入列4周年！,https://www.douyin.com/video/7313375359473290531,中国军号,1.0,4.0,,1,
9294,一组数字！40秒快速回顾东部战区72小时#台岛 战备警巡和“联合利剑”#演习,https://www.douyin.com/video/7220586743114845495,中国战略支援,1.0,1.0,1.0,1,
4643,【闻令而动 瞄准战场】塞北大地，寒风凛冽。新年伊始，在中部战区陆军第81集团军某旅#开训动员#现场，官兵全副武装、整齐列队，开训动员令下达后，战士们闻令而动，立即奔赴训练场，以战斗姿态迎接新年新训。（管永强 王军杰 侯松松 聂淼）#中部战区部队火热开训,https://www.douyin.com/video/7184694723083357472,中部号角,1.0,4.0,,4,
543,老兵请放心,https://www.douyin.com/video/7205125879431712034,中国军网,2.0,1.0,,2,
9260,台湾专家称台军挡不住解放军第一波攻势,https://www.douyin.com/video/7223943692913052986,中国战略支援,1.0,1.0,1.0,1,
1748,进入战斗状态!一起感受驱逐舰编队的强悍火力,https://www.douyin.com/video/7205879148600888637,中国军视网,1.0,4.0,,4,
10612,新兵连紧急集合是这样的（作者：武警河北总队 常冰、王川北、戈伟浩；编辑：岳彩嵩）,https://www.douyin.com/video/7222983171103690045,人民武警,,0.0,,0,
11433,定风波（张文诗 李宁）,https://www.douyin.com/video/7264228504860921107,永不消逝的电波,,1.0,,1,
2898,男子半夜开车坠河，武警迅速救援  #追星就追子弟兵  #你永远可以相信中国军人 （李宏伟、李奎）,https://www.douyin.com/video/7192577325194628407,八一青春方阵,2.0,1.0,,1,
4136,来看看“云爆弹”射击现场（李继）,https://www.douyin.com/video/7186100648142753084,人民前线,2.0,4.0,,4,
1603,真“弹幕”！多角度感受火箭炮齐射带来的壮观场面,https://www.douyin.com/video/7236680419884748069,中国军视网,1.0,4.0,,4,
8698,今日冬至 | 众志成城，共盼春归！（韩莹、王奕文） #今日冬至,https://www.douyin.com/video/7315210146622246182,中国战略支援,1.0,0.0,0.0,0,
8880,#退伍季 兵哥哥哭成泪人（作者：郭衍达、刘大伟 编辑：王奕文）,https://www.douyin.com/video/7274117328533507386,中国战略支援,1.0,2.0,2.0,2,
8989,刚才@河南武警 跟小编说想拍个大片，于是……我先拍了个大片（编辑：王奕文）,https://www.douyin.com/video/7267480927377444136,中国战略支援,1.0,0.0,0.0,0,
8180,退役前的狂飙时刻（作者:谢春天、王卓男、毕洪伟、刘民扬  编辑:黄镇强)#狂飙 #退役 #退伍不褪色,https://www.douyin.com/video/7271954275775827240,联勤集结号,2.0,2.0,2.0,2,
6795,这条来自边关战位的祝福，请查收！#温暖平安过大年 #年年岁岁护你平安 （视频素材由卜志强等提供）,https://www.douyin.com/video/7190950519278423336,喀喇昆仑卫士,1.0,2.0,2.0,2,
11310,军营过大年，拔河比赛整起！（刘江睿、林特鸿）,https://www.douyin.com/video/7193260664314498359,铸剑中原,,0.0,,0,
10643,武警战士捐赠造血干细胞救助4岁患儿（作者：武警海南总队 李哲朋、郑伟；编辑：岳彩嵩）,https://www.douyin.com/video/7219262190505692450,人民武警,,1.0,,1,
3328,老兵离队，那一声“到”，承载着太多情谊#再见 #退伍不褪色 #老兵 （作者：刘德文、卞建行、陈谦诚  编辑：冯冲浪）,https://www.douyin.com/video/7205872156637433145,东部战区,2.0,2.0,,2,
11698,今晚19点，在永不消逝的电波抖音直播间，与你一起《寻找李白》！#感受舞台魅力 #演出 #历史故事@北邮青年,https://www.douyin.com/video/7191708662602239269,永不消逝的电波,,0.0,,0,
5506,是的！#红星的光芒定会照亮整座山谷,https://www.douyin.com/video/7245573433445141815,西陆强军号,,2.0,,2,
2567,跨越时空，儿时的梦想终成功   #六一儿童节 #童年梦想（苏唱、范亚康、朱孝伟 编辑：郑洋榕）,https://www.douyin.com/video/7238810749802417466,八一青春方阵,2.0,0.0,,0,
5743,军营春节吃什么？看这里！（于首帅）,https://www.douyin.com/video/7191686544401403171,西陆强军号,,4.0,,4,
4995,如果心中有裂缝，那便是阳光照进来的地方！早安！#等到黑夜翻面之后会是新的白昼 #裂缝中的阳光 #敬礼,https://www.douyin.com/video/7249767716964306216,中部空军,2.0,0.0,,0,
3729,“钢铁劲旅”的官兵们在军舰上组织重温入党誓词（杨哲 钱声杭 金愉凯）#七一建党节 #入党宣誓  #宣誓 #解放军,https://www.douyin.com/video/7251037147975650594,人民前线,1.0,0.0,,0,
956,七天八夜，你们辛苦了！#看军事上军号,https://www.douyin.com/video/7269666259967511823,中国军号,1.0,1.0,,1,
3533,“二级战斗英雄连”授称70周年（吴东明 周宇航）#传承 #英雄连,https://www.douyin.com/video/7286460216953097513,人民前线,2.0,0.0,,0,
8388,2023年下半年征兵工作全面展开！#参军入伍 #又是一年入伍季 #入伍参军 #当兵 #我要当兵,https://www.douyin.com/video/7235226283574136079,联勤集结号,2.0,0.0,0.0,0,
4146,岁之始 万象新·坚守 闻令而动 战备拉练检验官兵应急能力（军事报道）,https://www.douyin.com/video/7184265234243243322,人民前线,1.0,4.0,,4,
10261,30吨！看大型吊车如何稳固清障（武警第一机动总队 梁邦凯、高一铭；编辑：徐礼跃）,https://www.douyin.com/video/7261805974971878693,人民武警,,1.0,,1,
2206,A面给战友，B面给敌人，你更喜欢哪一面？ #青年官兵 #花样青春 （张宇枢、李欣；编辑：郑洋榕）,https://www.douyin.com/video/7288696215095610682,八一青春方阵,2.0,0.0,,2,
4623,【好样的！#子弟兵火海中1分钟勇救3人 】近日，在家休假的中部战区空军某场站战士蒙光仁冒着危险勇闯火海，在一分钟的时间里救下3名人民群众。蒙光仁同志在消防中队抵达现场后才默默离开。事后采访时他这样说道：“当人民群众生命财产受到威胁的时候，我们人民子弟兵肯定第一个冲上去，最后一个撤下来！”让我们为他点赞！（刘贵洪、李少冉、黄慧玲）,https://www.douyin.com/video/7196281073502850360,中部号角,1.0,1.0,,1,
2699,兵哥的压迫感，从魔鬼背肌开始  #兵哥哥#要做一个猛男（张帅、李秦瑜；编辑：郑洋榕）,https://www.douyin.com/video/7220998380862983481,八一青春方阵,2.0,0.0,,0,
9163,当防暴警铃突然响起……（韩佳威、杜正隆、张浩源、刘佳琪、刘科宇）,https://www.douyin.com/video/7254344211808472380,中国战略支援,1.0,4.0,4.0,4,
1303,巾帼不让须眉！中国女飞前来报到 #致敬了不起的她,https://www.douyin.com/video/7207620648166870333,中国军号,2.0,0.0,,2,
2236,班长在训练场上训练战士的协调能力，没想到被协调了  #被迫营业 #军营一刻（史延鑫）,https://www.douyin.com/video/7283449839977827641,八一青春方阵,2.0,4.0,,4,
10202,防汛救灾·温暖瞬间 | 原创MV《奔向惊涛》（整理：王小杰；作词：萧雨长、郝宇峰；作曲：赫岩屿；演唱：高斌；MV导演及编辑：王帆、王超、梁二敏）,https://www.douyin.com/video/7265981148659223845,人民武警,,1.0,,1,
9508,"祝贺！我国成功发射中星26号卫星。北京时间2023年2月23日19时49分，我国在西昌卫星发射中心使用长征三号乙运载火箭，成功将中星26号卫星发射升空，卫星顺利进入预定轨道，发射任务获得圆满成功。该卫星主要用于为固定终端、车/船/机载终端提供高速宽带接入服务。
此次任务是长征系列运载火箭第463次飞行。（曹汉杰、喻鹏、胡煦劼 摄影:车元元、刘光辉  ）",https://www.douyin.com/video/7203331320439770424,中国战略支援,1.0,0.0,0.0,0,
3828,“今天适合投弹”（程博洋 周全兴 张艺瀚）#军事训练 #投弹 #手榴弹,https://www.douyin.com/video/7233201536933924100,人民前线,1.0,4.0,,4,
2223,人间烟火味，最暖官兵心，当中秋与国庆撞个满怀，怎么能少得了军营美食节  #军营美食 #国庆快乐（宫贺来、杜圣 、左明磊、李硕；编辑：郑洋榕）,https://www.douyin.com/video/7284999214642335032,八一青春方阵,2.0,4.0,,4,
629,国防部：所谓台军动态，解放军尽在掌握！“以武谋独”终将以失败告终！,https://www.douyin.com/video/7317588542446636322,中国军号,1.0,1.0,,1,
7819,东风快递警卫战士接受兵之“第二生命”的授予,https://www.douyin.com/video/7199533180100037948,中国火箭军,1.0,2.0,2.0,2,
2012,队列会操，整齐划一！（李倩 曹臻浩 朱志强）,https://www.douyin.com/video/7212541313479101748,学习军团,1.0,4.0,,4,
1319,日本近距离观察苏-30妄图了解中俄现役战机水平！#军事制高点 #国际,https://www.douyin.com/video/7203658624248335671,中国军号,3.0,0.0,,3,
1495,新兵如何成为“抓马”的汉子？班长现场传授秘诀#军事纪实,https://www.douyin.com/video/7272279143348243747,中国军视网,1.0,4.0,,4,
7353,地空导弹兵数秒内精准操作命中目标！#强军之路,https://www.douyin.com/video/7261815590103354684,人民空军,1.0,4.0,4.0,4,
10528,穿上蛙服的武警兵哥哥又酷又飒，快来围观吧！（武警西藏总队 张启、肖洋、喻万里；编辑：徐礼跃）,https://www.douyin.com/video/7234065716058672440,人民武警,,0.0,,0,
6534,别眨眼，高原战士邀您一键解锁瞬息全宇宙。（徐观念 李佳驹）#一键解锁瞬息全宇宙 #高原战士 #变装,https://www.douyin.com/video/7236677749790854452,高原战士,1.0,0.0,0.0,0,
504,我们是防空分队,https://www.douyin.com/video/7214267692230970664,中国军网,1.0,4.0,,4,
7824,32秒混剪带你体验新战友的文化生活,https://www.douyin.com/video/7197230413603999036,中国火箭军,1.0,0.0,0.0,0,
7302,天公不作美咋办？！#无人机飞行员从云缝里找时机命中目标 俗话说，天有不测风云。无人机在演习中碰到了突发的天气状况，怎么办？空军航空兵某团无人机大队李阳大队长说，他相信科技不能完全代替人的作用，越先进的武器装备越需要人去深挖。来看飞行员如何应对坏天气↓ #我在空军飞无人机,https://www.douyin.com/video/7282018510472105235,人民空军,1.0,4.0,4.0,4,
11367,新训带兵骨干的十二时辰（张伟 闫娟 曾子恒 余智煜） #带兵#新兵,https://www.douyin.com/video/7278233256204520760,永不消逝的电波,,0.0,,0,
6394,所以，最后是谁赢了呢？（胡海、罗加龙、黄鑫、王关召）#格斗  #超燃  #高原战士,https://www.douyin.com/video/7259348089876581688,高原战士,1.0,4.0,,4,
1979,五一期间，第81集团军某旅浓情满营，甜蜜爆表，一场别开生面的军营集体婚礼如期举行。（师辉辉 曹壮 李乃超 邹存杰 ）#五一劳动节 #集体婚礼,https://www.douyin.com/video/7228877790064463116,学习军团,2.0,0.0,,2,
9933,险！地方货车突然起火，武警官兵及时出手（武警河北总队 杜佳煜、杨鑫龙、宋汶龙；编辑：徐礼跃）,https://www.douyin.com/video/7297170046097427747,人民武警,1.0,1.0,1.0,1,
10214,【直播预告】今晚18点30分，一起看那坡那兵的休闲时光！（陈宇、丁首越、岳彩嵩、张瑜；武警广西总队  许东、张桓凯、梁力、唐明洋）,https://www.douyin.com/video/7265191507404033337,人民武警,,0.0,,0,
5903,#九一八事变爆发92周年 这段历史不会忘，不能忘，更不敢忘#918勿忘国耻,https://www.douyin.com/video/7280002986422684989,北海舰队,1.0,1.0,,1,
8143,训练间隙，女兵在训练场上的解压舞蹈，为她们点赞（编辑:黄镇强）#阅兵训练场 #女兵方队,https://www.douyin.com/video/7278519219279400207,联勤集结号,2.0,0.0,0.0,0,
5355,数战机！#航展#战机,https://www.douyin.com/video/7265522350634929445,西陆强军号,,4.0,,4,
10687,叮咚！又一批“军本持证员”即将上线。带你直击武警部队机关驾驶技能考核现场（丁首越、岳彩嵩；编辑 吴敬楠）,https://www.douyin.com/video/7214047362048740666,人民武警,,4.0,,4,
11542,不管几岁，开心万岁！祝所有小朋友大朋友“六一”儿童节快乐！（王哲学、曾熠、黄俊仪）#儿童节快乐    #军娃和军爸   #陪你长大,https://www.douyin.com/video/7239537102357040445,永不消逝的电波,,2.0,,2,
5068,"意气风发少年郎，从军报国斗志昂！""00后”向祖国报到！#新兵 #入伍参军",https://www.douyin.com/video/7213374351775649082,中部空军,1.0,0.0,,0,
11281,退伍季（作者: 张玉民、王晨光 摄影：崔龙兵、黄鹤明）,https://www.douyin.com/video/7275716727940353291,铸剑中原,,0.0,,0,
6851,#和谐使命—2023 【#海军“和平方舟”号医院船启程回国 】当地时间9月10日，执行“和谐使命-2023”任务的中国海军“和平方舟”号医院船圆满结束对东帝汶的访问，离开帝力港启程回国。戳视频↓看现场画面吧！（程嘉豪 李珂嘉贺 刘伟等 剪/陈佳楠 编/池敬爽）,https://www.douyin.com/video/7277461427345034536,人民海军,1.0,1.0,1.0,1,
9767,胜强超越！加入战略支援部队文职方阵，成就更精彩的你#文职,https://www.douyin.com/video/7187425582341229884,中国战略支援,1.0,0.0,0.0,0,
1631,无惧泥泞！主战装备实弹射击考核,https://www.douyin.com/video/7229260776329088315,中国军视网,1.0,4.0,,4,
8372,嘴上说着不去，身体倒是很诚实(作者：冯飞、李振朝、隋凯   编辑:黄镇强)#军营趣事 #军旅生活 #耐心是生活的关键,https://www.douyin.com/video/7238371093394787642,联勤集结号,2.0,0.0,0.0,0,
6301,军训的小伙伴们，拿好小板凳快来学习。今天是：敬礼  礼毕。（罗诗洋、姚宏杨、孔零然）#队列训练 #学习打卡,https://www.douyin.com/video/7273476026624265533,高原战士,1.0,4.0,,4,
731,别藏了，我们早发现你了！#和平友谊2023,https://www.douyin.com/video/7304234968983538983,中国军号,1.0,4.0,,4,
9340,#兵哥哥 的养猪日常（王炳琳、刘中晗）,https://www.douyin.com/video/7217389854164864313,中国战略支援,1.0,0.0,0.0,0,
2079,听说兵哥哥在魔鬼周过得很开心！（罗汝森、李超） #青年官兵 #魔鬼周,https://www.douyin.com/video/7317480626595106082,八一青春方阵,2.0,4.0,,2,
9180,“来，翻身！现在不晒，更待何时？！”感受50℃沙滩上兵哥哥的极限训练。致敬！（人民日报）,https://www.douyin.com/video/7251765201660316980,中国战略支援,1.0,4.0,4.0,4,
6343,提前补课啦！要军训的小伙伴们，拿好小板凳快来学习。今天是内容一：稍息立正跨立。（罗诗洋、姚宏杨）#队列训练 #学习打卡,https://www.douyin.com/video/7266043253856767289,高原战士,1.0,4.0,,4,
2293,“集体生日”现场，00后新兵被家长隔空祝福  #新训进行时 #集体生日 （兑兴亮、马晨、万星宇、吕游、张之捷）,https://www.douyin.com/video/7273785472323767609,八一青春方阵,2.0,2.0,,2,
8375,台军紧盯：山东舰航母编队通过台湾海峡！#山东舰 #中国台湾海峡,https://www.douyin.com/video/7237853290329902394,联勤集结号,2.0,1.0,1.0,1,
7077,"#强军十年海军时刻 《 #壮丽新航程 》第二集|备战打仗，每一名指战员都在瞄准制胜战场。（剪/苏梽煌 编/王震宇）
4月17日-21日CCTV-7国防军事频道黄金时段（20：03），5集连播！",https://www.douyin.com/video/7223033294630178109,人民海军,1.0,4.0,4.0,4,
7079,"#强军十年海军时刻《 #壮丽新航程 》第二集|霸气，海军五大兵种官兵时刻准备着！（剪/段振军 编/王震宇）
4月17日-21日CCTV-7国防军事频道黄金时段（20：03），5集连播！",https://www.douyin.com/video/7223004863641292093,人民海军,1.0,0.0,0.0,0,
2647,敞开肚皮撸串串，练兵备战加油干  #军营烧烤  #淄博烧烤  #吃吃吃就知道吃 （宋强、沈友桥、汪浩；编辑：郑洋榕）,https://www.douyin.com/video/7228261408343903549,八一青春方阵,2.0,4.0,,4,
735,快、准、稳！#和平友谊2023  多国联演针对性训练持续进行！#看军事上军号,https://www.douyin.com/video/7304112259398176000,中国军号,1.0,4.0,,4,
6586,《牛一说》快板话强军栏目 第十一集：《国家安全人人有责》#牛一说  #全民国家安全教育日  （牛思佳、王一）,https://www.douyin.com/video/7222106456005315892,高原战士,1.0,0.0,0.0,0,
1911,【因使命而邂逅，中国“大白”携手播大爱】8月8日，海军“和平方舟”号医院船抵达瓦努阿图。码头欢迎人群中，身穿蓝色队服的中国援瓦医疗队格外亮眼，他们兴高采烈地挥舞国旗，迎接祖国“大白船”的到来。当来自中国的“大白船”与白衣天使在异国相遇，他们还有哪些感人的故事？一起跟随记者的镜头走近这场美丽的邂逅！（黎云、谢菲、徐巍、刘伟、程嘉豪、桂江波、李珂嘉贺、黎宇）,https://www.douyin.com/video/7268600023254895928,学习军团,1.0,0.0,,1,
5008,夏日练兵忙，这场机动演练很“带劲”！#演练 #带劲,https://www.douyin.com/video/7243448407061302585,中部空军,1.0,4.0,4.0,4,
2811,海苔妹的春日微笑，你爱了吗？#春日微笑行动 （徐绍港、于晓黎、赵爽）,https://www.douyin.com/video/7206146768348810554,八一青春方阵,2.0,0.0,,0,
1211,专家：北约秘书长为乌站台，强调赢得俄乌冲突便可加入北约。#军事制高点  #国际,https://www.douyin.com/video/7233314308451601719,中国军号,3.0,0.0,,0,
6345,来看看咱们兵哥哥休息时间都在干嘛？（李明、阿卜杜库杜斯·艾拜、何义军、雷发春、林超军）#休息日 #愉快的周末时光 #放松时刻,https://www.douyin.com/video/7265249730022706491,高原战士,1.0,0.0,,0,
3247,迈青春速度，展青春之姿#五四青年节 #青年官兵 #军人（作者：李雅靓、葛树蔚、胡布祎 编辑：冯冲浪）,https://www.douyin.com/video/7229233434571394364,东部战区,2.0,0.0,,0,
1111,GGbond被我抓了，中国军号来上分！#和官方号一起解救GGBond #解救GGBond#官方整活,https://www.douyin.com/video/7257330706118987042,中国军号,0.0,0.0,,0,
7623,赛场上他们乘风破浪,https://www.douyin.com/video/7236305657928961335,中国火箭军,1.0,0.0,0.0,0,
2180,秋天里的女兵，超美  #兵姐姐  #青年官兵 （陈爽、孙小寒）,https://www.douyin.com/video/7294425774621281588,八一青春方阵,2.0,0.0,,2,
11758,跳水训练全员显真功，梦回上舰苦练基本功（作者：王斌 贺加 韩纯强 张楚 编辑：王斌）#窗外雨声滴滴答答  #跳水 #堵漏,https://www.douyin.com/video/7279366296045636920,沧海铸剑,,4.0,,4,
4419,【#时节里的军营#霜降】一叶知霜降，一雨感深秋。《月令七十二候集解》曰：“九月中，气肃而凝，露结为霜矣。”今天我们迎来二十四节气中第十八个节气——霜降。（赵巍 刘强 常茉妍）,https://www.douyin.com/video/7293465479522422068,中部号角,2.0,0.0,,0,
2777,【军营一刻】永远不要再班长背后说他的坏话…… #军营一刻 #军营趣事 #内容过于真实（李博文、方俊华）,https://www.douyin.com/video/7209849301067975996,八一青春方阵,2.0,0.0,,0,
9174,今天兵哥哥教你一个野外求生技巧——净化水源 #军营小剧场（王陈兆、刘小港、黄海田）,https://www.douyin.com/video/7252688447637294397,中国战略支援,1.0,4.0,4.0,4,
2099,萌娃进军营 沉浸式体验“限量版”军营开放日（胡宇杰、刘洵、郭景宇、华烯） #萌娃,https://www.douyin.com/video/7313510951708331299,八一青春方阵,2.0,0.0,,0,
7139,【寻味军营！#春天的第一朵“桃花”送给你！】又是一年立春时。春回大地，万物复苏，渐浓的春意藏在初绽的桃花里，藏在回暖的江水中，藏在抽芽的树枝上……今天，我们为网友们送上春天的第一朵“桃花”，好看更好吃！愿这个春天，你和美好撞个满怀。（朱慧敏 王超 曹文玟 张欢 编/刘若男）,https://www.douyin.com/video/7195885361027943717,人民海军,1.0,4.0,4.0,4,
8701,与时间赛跑！战略支援部队官兵紧急驰援大河家镇灾区（关森予、向江桥、寇学栋、王奕文）,https://www.douyin.com/video/7314318590268706086,中国战略支援,1.0,1.0,1.0,1,
10208,救灾现场，大爷“硬核投喂”太暖心！（武警吉林总队 高亚超、曹孟泽、李志远；编辑：卢然）,https://www.douyin.com/video/7265675660171971898,人民武警,,2.0,,2,
3520,新疆军区某旅开展实战化大练兵 #军事训练 #大练兵 #新疆 #实战化,https://www.douyin.com/video/7289595003083558201,人民前线,1.0,4.0,,4,
2463,管他终点有多远，你走过的路，每一步都算数  #青年官兵 #迷彩青春（刘威、苗露阳、章剑南 编辑：郑洋榕）,https://www.douyin.com/video/7253452477796781373,八一青春方阵,2.0,0.0,,0,
8134,新兵即将入伍，与家人依依惜别，这一幕幕都能找到曾经的影子（作者:肖兵、李向平  编辑:邢雨辰）#参军入伍 #秋季新兵入伍 #当兵,https://www.douyin.com/video/7280146490318769408,联勤集结号,2.0,0.0,0.0,0,
4873,“钢铁是怎样炼成的”——新战友送给大家的一份礼物！#新兵 #礼物 #成长,https://www.douyin.com/video/7307616276631883023,中部空军,2.0,0.0,,0,
5083,青春有很多样子，很庆幸我的青春有穿军装的样子。（作者：吕中原  陈凡）#青春的样子 #退伍不褪色,https://www.douyin.com/video/7205161938987339066,中部空军,2.0,0.0,,2,
6428,可爱小女生？不不不，是酷飒兵姐姐。（梁馨媛、王成澳、谭颖）#一秒长大 #女兵帅爆了,https://www.douyin.com/video/7254008637843164477,高原战士,1.0,0.0,,0,
462,全军各部队已陆续启用佩戴军人勋表(军事报道),https://www.douyin.com/video/7223560122524585256,中国军网,2.0,0.0,,0,
11523,让我们一起来记录兵哥哥的“最美瞬间”吧！（葛维家 吴强 周建文）#定格美好瞬间,https://www.douyin.com/video/7244366030791904568,永不消逝的电波,,0.0,,0,
7143,【庆新春猜灯谜赢舰帽：#海军特色灯谜与您一起过大年 】春节期间，东部战区海军某岸导团官兵坚守战位，为祖国和人民守岁。今天，他们也为小海粉带来了一个灯谜，戳视频，快来一起猜猜看！（谢健 剪辑/李凤祥）,https://www.douyin.com/video/7193228945221815589,人民海军,1.0,2.0,2.0,2,
11234,#体能训练 初夏五月，吹响高昂的冲锋号角。近日，第71集团军某旅组织2023年度军事体育训练特级评定集中考核，旨在以考核促进部队军体训练高质量发展，助力官兵适应练兵备战的更高要求。#军人风采,https://www.douyin.com/video/7234325023547215161,亮剑东南,,4.0,,4,
6846,【#秘鲁海军风帆训练舰抵达上海访问 】9月18日上午，秘鲁海军“联合”号风帆训练舰抵达上海某军港，开始对上海进行为期5天的友好访问。据悉，“联合”号访问上海期间，将组织舰艇开放日活动，参加中秘友好文体活动和中秘海上联合操演等。（孙巍 王明飞 李丁 任伟 王虎 吴章会 剪/赵志星 编/池敬爽）,https://www.douyin.com/video/7280505398845607183,人民海军,1.0,0.0,0.0,0,
10523,#我的好班长#【退伍后我仍想念你】一封由武警天津总队某支队退役战士曲爱华之母执笔的表扬信，道出了班长李文广、余明炼对战士满满的关爱与包容。跟随视频，共同回顾曲爱华和班长们的温暖瞬间。（作者：徐礼跃、曾锦旭、武警天津总队 刘子云、钟久盈；编辑：王燕婷）,https://www.douyin.com/video/7234486221337021751,人民武警,,0.0,,0,
7534,新兵连那些事儿①｜孩子送到部队，您就放心吧！,https://www.douyin.com/video/7283061279621696780,中国火箭军,2.0,0.0,0.0,0,
9405,82岁奶奶给即将入伍的孙子塞零花钱,https://www.douyin.com/video/7213287041159810363,中国战略支援,2.0,2.0,2.0,2,
10178,激烈角逐，层层选拔！直击警士选拔考核现场！（武警江西总队  张绍兵、涂浩；编辑：卢然）,https://www.douyin.com/video/7267519695698300200,人民武警,,0.0,,0,
10613,武警战士罗涛为15岁男孩成功捐献造血白细胞（作者：武警广西总队 梁力；编辑：岳彩嵩）,https://www.douyin.com/video/7222982907130875195,人民武警,,1.0,,1,
9333,“我觉得我是幸运的！”18岁少数民族战士主动递交请战书来到#陈祥榕 战斗过的地方#致敬边防军人,https://www.douyin.com/video/7217981340027850040,中国战略支援,1.0,0.0,0.0,0,
1151,专家：炒作“三航母”现身台岛以东，妄图给“台独”壮胆！#军事制高点 #国际,https://www.douyin.com/video/7246578038253571368,中国军号,3.0,1.0,,3,
7689,学习宣传贯彻党的二十大精神主题动漫 ⑥中国式现代化道路,https://www.douyin.com/video/7220346204205468989,中国火箭军,1.0,0.0,0.0,0,
5611,第八艘，#入列 ！,https://www.douyin.com/video/7224461369750473984,西陆强军号,,4.0,,4,
1572,弹无虚发！这套防空“组合拳”打的干净利落,https://www.douyin.com/video/7248931081431387426,中国军视网,1.0,4.0,,4,
5583,#五一假期，#部队里是这么踢球的~,https://www.douyin.com/video/7228507087322484002,西陆强军号,,0.0,,0,
1205,来自军营的爱心发射，你接收到了吗？,https://www.douyin.com/video/7234838055713049912,中国军号,1.0,0.0,,0,
2418,这样的拍桌变装，你喜欢吗？ #拍桌变装挑战（刘天艺、桂丙泽、罗鑫；编辑：郑洋榕）,https://www.douyin.com/video/7259187558955879732,八一青春方阵,2.0,0.0,,0,
65,爸爸，带你回家啦！,https://www.douyin.com/video/7308909845036436762,中国军网,2.0,2.0,,2,
9056,偶遇人民子弟兵唱着《我们走在大路上》经过身旁，网友：这气势，直接唱进了心巴[赞][赞]（编辑：王奕文）,https://www.douyin.com/video/7263496286073113890,中国战略支援,1.0,4.0,4.0,4,
4765,"我与二十大⑮丨承载期盼，集散文明，向海而兴，胸怀天下
作者：陈   杰、王堂政、李   韬
摄影：高瑜泽、赵骏宇、司书豪",https://www.douyin.com/video/7244702029627641148,忠诚号,0.0,0.0,,0,
5385,那位19岁的士兵，牺牲已经五年#牺牲#郭豪,https://www.douyin.com/video/7261587104642141499,西陆强军号,,2.0,,2,
6184,能开会修，咱可不比男兵差。（张国静、路前进、薛钦文）#女兵帅爆了 #汽车保养维修,https://www.douyin.com/video/7299338045696888074,高原战士,1.0,4.0,,4,
6794,边疆官兵方言大拜年，你听懂了几种？（杨小兵、阿依谢姆古丽、朱家进、苏国伦、黄慧慧）#温暖平安过大年 #年年岁岁护你平安,https://www.douyin.com/video/7190951202996145463,喀喇昆仑卫士,1.0,2.0,2.0,2,
6477,《牛一说》快板话强军栏目第十五集 《法治军营谱新篇》（牛思佳、王一）#牛一说  #高原战士,https://www.douyin.com/video/7246322152327236923,高原战士,1.0,0.0,,0,
220,亚运“飞”常时刻丨开幕式精彩瞬间来了,https://www.douyin.com/video/7282218175758896440,中国军网,0.0,0.0,,0,
5620,#青春的#定格是#热烈少年,https://www.douyin.com/video/7222476607909416232,西陆强军号,,4.0,,4,
2821,逢敌亮剑，勇往无前！ #刺杀操 #青年官兵（刘威、苗露阳、杨红伟、章剑南）,https://www.douyin.com/video/7204676779842227516,八一青春方阵,2.0,4.0,,4,
3535,硬核喊麦！序列第一出击，看我地表最强陆军（黄镇强、韩咏轩）#雄兵出击 #侦察兵 #陆军,https://www.douyin.com/video/7286040303654440244,联勤集结号,2.0,4.0,4.0,4,
4420,#重阳节 ， 九九重阳，久久牵挂，只愿久伴，念彼安康！(吴兵利 高仕臣 边立波 邓志刚   编辑：袁立猛),https://www.douyin.com/video/7293092715430939956,中部号角,2.0,2.0,,2,
4674,"我与二十大㉙丨林永交：争做敢于斗争、善于斗争的新时代革命军人
党的二十大报告指出，要坚持发扬斗争精神，第81集团军某旅林永交在专业探索的道路上攻克一个又一个难关，努力将专业练精练强，争做敢于斗争、善于斗争的新时代革命军人。
作者：宋林峰、王   磊
视频：黄明俊、常家宝",https://www.douyin.com/video/7277752246316617018,忠诚号,0.0,0.0,,0,
3013,危急时刻，休假军士挺身而出 #见义勇为 #军人本色 #人民子弟兵 （作者：王硕鑫宇 周春泽 编辑：李润泽）,https://www.douyin.com/video/7302775301413653801,东部战区,1.0,2.0,,1,
10005,多彩文体活动，让官兵愉快度过假期（武警第一机动总队 华伟权、王振刚、邢一；编辑：曾锦旭）,https://www.douyin.com/video/7286832738487864591,人民武警,,0.0,,0,
5579,#吾辈#正青春 原创MV《有我》#五四青年节,https://www.douyin.com/video/7229269880078486821,西陆强军号,,0.0,,0,
10485,军考进入倒计时，战友们，为了梦想，冲吧！（武警西藏总队 吕敏敏、孙辉、齐以光；编辑：徐礼跃）,https://www.douyin.com/video/7238558599788678437,人民武警,,0.0,,0,
10707,惊险！一个“熊抱”挽救一条生命（武警四川总队  陈宇、陈鑫澳 ；编辑：王燕婷）,https://www.douyin.com/video/7211459191066594615,人民武警,,1.0,,1,
11734,那名六排勋表的“兵王”，光荣退休！ #退伍不褪色 #兵王 #荣誉 （作者：贺加 鞠海鹏 编辑：贺加）,https://www.douyin.com/video/7309422956885708041,沧海铸剑,,2.0,,2,
4739,"画说二十大⑮丨奋力谱写全面建设社会主义现代化国家崭新篇章
漫画：王   松、么军令、向   沅、刘   邓
单位：郝小兵创客工作室",https://www.douyin.com/video/7255878389817462076,忠诚号,0.0,0.0,,0,
5871,砺剑大洋炮声隆，海军第45批护航编队组织多科目实战化训练#海军 #护航 #亚丁湾 #亚丁湾护航,https://www.douyin.com/video/7294928717162270002,北海舰队,1.0,4.0,,4,
11751,1958-2023｜今天，是基地成立65周年纪念日，当基地历史的洪流滚滚而过的时候，你我都是参与者、见证者。谨以此片，献给六五年中，所有为基地事业发展，默默无闻地燃烧着自己青春和生命的人们。（编辑：贺加 ）#致敬 #靶场 #历史上的今天,https://www.douyin.com/video/7291933313583893811,沧海铸剑,,1.0,,1,
9883,武警官兵与你同看第一场雪(武警河北总队 赵梓淇、赵辰；编辑：徐礼跃),https://www.douyin.com/video/7304238347545857320,人民武警,2.0,0.0,0.0,0,
3366,全时战备！闻令而动 #为了万家灯火坚守  #时刻准备战斗 （作者：郭飞、黄保传、王兴  编辑：梁瑞国）,https://www.douyin.com/video/7193299669529775417,东部战区,2.0,4.0,,4,
8757,野外综合训练，#新学员 出征！,https://www.douyin.com/video/7288694914764770575,中国战略支援,1.0,4.0,4.0,4,
8205,集结号④ | 用双截棍打开至尊天团，哪个我都爱！（作者:陶家鹏、王栋生、李继强   编辑:黄镇强）#双截棍 #周杰伦 #军兵种系列 #军兵种打开方式 #范特西,https://www.douyin.com/video/7266215808580209920,联勤集结号,2.0,0.0,0.0,0,
6112,“最美新时代革命军人”海军海南舰舰长张美玉告诉你：两栖攻击舰是什么？（作者：蒲衍逸 李俊志 胡显兵 董鑫 / 编辑：张杰）,https://www.douyin.com/video/7264835132840791354,南海舰队,2.0,4.0,,4,
7263,【与时代共奋飞 |《无畏》】纵横全时域，驰骋天地间。人民空军成立74周年之际，推出系列短视频“#与时代共奋飞 ”之《无畏》，带你感受空降兵部队高举旗帜、奋斗强军、跨越突破，从“空降尖刀”向“联合铁拳”加速迈进的时代风貌。#庆祝人民空军成立74周年,https://www.douyin.com/video/7299403198631202058,人民空军,1.0,1.0,1.0,1,
2714,兵哥哥入伍前后对比！ #兵哥哥 #入伍前后对比 （梁馨媛、王思澳、李柏安）,https://www.douyin.com/video/7218733801038482745,八一青春方阵,2.0,0.0,,0,
7779,老兵又来嘱托退伍战友了,https://www.douyin.com/video/7206615296138890554,中国火箭军,1.0,2.0,2.0,2,
7510,【今日立冬 | 寒风渐次起，愿这寒冬，多些暖阳】在这秋冬交替之际，感受季节轮转，拥抱冬日暖阳。,https://www.douyin.com/video/7298925068233477395,中国火箭军,1.0,0.0,0.0,0,
440,我要去看得最远的地方,https://www.douyin.com/video/7231008925733145915,中国军网,2.0,4.0,,4,
4113,“南京路上好八连”在战位给大家拜年！（何益 陈大帅 冷小小 王敬超 许培 ）,https://www.douyin.com/video/7190921726723722553,人民前线,2.0,2.0,,2,
7732,东风快递女兵#对视变装,https://www.douyin.com/video/7212518936137551162,中国火箭军,1.0,0.0,0.0,0,
10594,世界读书日：武警山东总队组织官兵多读书、读好书，让书香撒满军营（作者：武警山东总队 杨一鸣、范宗成；编辑：别特）,https://www.douyin.com/video/7225200895196237113,人民武警,,0.0,,0,
11316,战风雪 通信兵踏雪巡线保畅通 （孙晋艳 关森予 向江桥）#致敬风雪中奋战的人们 #风雪中的坚守 #风雪无阻,https://www.douyin.com/video/7314096725013073203,永不消逝的电波,,0.0,,0,
2435,没点必杀技怎么守护营区 #必杀技 #耍帅（徐翰森、马晓帅 编辑：郑洋榕）,https://www.douyin.com/video/7256785433219140921,八一青春方阵,2.0,0.0,,0,
7099,8组动作，#海军兵哥哥带你一起甩掉小肚腩！（郭欣欣 编/高新雨）,https://www.douyin.com/video/7215145326766755129,人民海军,1.0,4.0,4.0,4,
11339,新兵的第一份津贴打算怎么花（徐金浩、纪娜莎、刘美凤）#新兵 #津贴,https://www.douyin.com/video/7291131368963181883,永不消逝的电波,,0.0,,0,
2449,看看装甲车怎么给他一电炮  #硬核版给他一电炮 #官方整活（张耀、杨江林、马黎铭）,https://www.douyin.com/video/7255230370931625277,八一青春方阵,2.0,4.0,,4,
9323,今天，我们在东风革命烈士陵园缅怀航天英雄。“东风”祭英烈，遗志永传承！（新华网）,https://www.douyin.com/video/7218150436681878843,中国战略支援,1.0,2.0,2.0,2,
7460,挥毫泼墨，笔尖入纸，翰墨飘香迎新岁；导弹起竖，战机飞旋，凌云壮志守护中国年。当中国书法遇上中国空军，会擦出什么样的火花？“书道犹兵”，作为中国一门古老的汉字书写艺术，“书法”与“兵法”有着天然的契合。中国书法中以风骨为尚的独特气质，正是中国文化精神特别是军事文化精神的生动体现。于家为国，奋飞一流。常备不懈，闻令而动，中国空军将时刻守护这万家灯火，幸福安宁。,https://www.douyin.com/video/7190546009523572029,人民空军,1.0,0.0,0.0,0,
9906,把热血和青春挥洒赛场！（武警广西总队 侯旭达、李晓鹏、马文杰；编辑：曾锦旭）,https://www.douyin.com/video/7300924350264282431,人民武警,1.0,0.0,0.0,0,
11545,小小萌娃进军营（卢肖屹）#军营 #萌娃#六一儿童节,https://www.douyin.com/video/7238435441572138298,永不消逝的电波,,2.0,,2,
414,哇！这么多棒棒糖,https://www.douyin.com/video/7240207014654217531,中国军网,2.0,0.0,,2,
2914,特战女兵廖华清再次荣立二等功！ #特战女兵  #二等功,https://www.douyin.com/video/7190527358573563173,八一青春方阵,2.0,1.0,,2,
9848,营区门前老人不适倒地，武警官兵飞奔施救 （武警湖南总队 阮泉润、江国浩；编辑：曾锦旭）,https://www.douyin.com/video/7309080239760559400,人民武警,1.0,1.0,1.0,1,
3140,“两栖劲旅”副旅长：海峡的另一边我想去看看（来源：央视新闻）,https://www.douyin.com/video/7263295449405132068,东部战区,1.0,1.0,,1,
8237,"谁教你这么剪辑的？（编辑：韩咏轩）
#谁教你这么剪辑的  #我要上热门 #战场救护演练 #官方号在抖音接力整活了",https://www.douyin.com/video/7256445997956484352,联勤集结号,2.0,0.0,0.0,0,
5605,就让#青春 的花盛开吧,https://www.douyin.com/video/7225918070752152832,西陆强军号,,0.0,,0,
9578,中方现场操作专业、克制。,https://www.douyin.com/video/7199825622024080700,中国战略支援,1.0,3.0,3.0,3,
8911,硬核！这场工程机械比武大秀绝活（作者：雷天斌、张治中、魏一凡、刘燚、张展宇 编辑：牟静娴、王奕文）,https://www.douyin.com/video/7272224877753404711,中国战略支援,1.0,0.0,0.0,0,
49,中国海警依法驱离日非法进入我钓鱼岛领海船只（军事报道）,https://www.douyin.com/video/7311288813421120794,中国军网,1.0,3.0,,1,
3782,“大口径狙击步枪”（方剑 李汉朝 敬轩）#军事训练 #实弹射击 #狙击 #一枪一个 #原声 #对狙,https://www.douyin.com/video/7242149963021438269,人民前线,4.0,4.0,,4,
8980,#边防战士休假回家儿子见到转身就跑  网友： #父子俩一跑一追画面让人泪目  （新华社）,https://www.douyin.com/video/7268212054568258875,中国战略支援,1.0,2.0,2.0,2,
3825,国防部：不容美方在台湾问题上开历史倒车#台湾 #台海 #美方,https://www.douyin.com/video/7233708807027772730,人民前线,1.0,1.0,,1,
2252,#一人参军全家光荣 这“鲤”新兵入伍尊崇感满满！（吴应得、林凯辉、黄梁健；编辑：郑洋榕）,https://www.douyin.com/video/7280901131855809849,八一青春方阵,2.0,0.0,,2,
2700,#不要和武警战士比跑步（张帅、訾万盛；编辑：郑洋榕）,https://www.douyin.com/video/7220631464105348410,八一青春方阵,2.0,0.0,,0,
3334,若有战，召必回！首批春季入伍士兵退役#若有战召必回 #老兵 #退役军人 （作者：王志文、魏江明、苗泽天  编辑：冯冲浪）,https://www.douyin.com/video/7204413279500815677,东部战区,2.0,2.0,,2,
9160,蛙服的正确打开方式，真是太酷啦!(韩佳威、刘科宇、陈飞龙),https://www.douyin.com/video/7254691126769208634,中国战略支援,1.0,0.0,0.0,0,
4670,"画说二十大㉕丨什么是高质量发展
策划：陈清民、王   杨、李晓敏
制作：李晓勋、张   浩、孙铜锴
单位：飞虎工作室",https://www.douyin.com/video/7280511592549059895,忠诚号,0.0,0.0,,0,
3643,国防部：敦促日方停止毫无实际意义的干扰#中俄 #日本 #军事训练 #海军 #舰艇,https://www.douyin.com/video/7267194408532020536,人民前线,3.0,3.0,,3,
2824,【军营一刻】有些兵哥哥单身是有原因的  #军营一刻  #军营趣事 （赵爽、李嘉兴、王庆华、冯浩）,https://www.douyin.com/video/7204306379488775479,八一青春方阵,2.0,0.0,,0,
4981,剑指高远，向战而飞！看战神轰-6K练翼高原大漠。#高原 #飞行 #训练,https://www.douyin.com/video/7257180463834352936,中部空军,4.0,4.0,,4,
9198,跟着#直升机 ，一起领略#祖国的#大好河山 ！,https://www.douyin.com/video/7250460087913958708,中国战略支援,1.0,0.0,0.0,0,
385,“那一刻，我感觉我摸到了祖国的心脏……”（宋丽 石韦航 孙爽 段伟 韩欣妍）,https://www.douyin.com/video/7254916978949836091,中国军网,1.0,1.0,,1,
4133,“沉浸式”防空兵实弹射击（林江鹏）,https://www.douyin.com/video/7186103417088003385,人民前线,1.0,4.0,,4,
2078,今天带大家重新认识一下“军营神器”脸盆（桂丙泽、石天聪） #军营神器,https://www.douyin.com/video/7317829197731253556,八一青春方阵,2.0,4.0,,4,
9884,二次入伍，军旅再次出发（武警甘肃总队 张倚铭、胡佳豪；编辑：徐礼跃）,https://www.douyin.com/video/7304237829675109647,人民武警,1.0,0.0,0.0,0,
11172,"三八国际劳动妇女节，他们有话说……
作者：关皓宁
编辑：申明明  孙孝忠",https://www.douyin.com/video/7208107830488976696,80强军号,,2.0,,2,
4406,#主题教育进行时 【聆听历史的声音，重温入党时的铮铮誓言！】近日，武警河北总队秦皇岛支队前往秦皇岛市博物馆，走进党建教育基地参观见学，聆听红色故事，感悟红色精神，传承红色基因。(刘小明、肖牧奇、刘剑、申振鹏、孙靖壹),https://www.douyin.com/video/7303112138090876160,中部号角,0.0,0.0,,0,
11227,七一薪火打卡『二十大知识点』｜⑫为什么要巩固提高一体化国家战略体系和能力？,https://www.douyin.com/video/7245992972704140600,亮剑东南,,0.0,,0,
9155,回复 @无语问苍天的评论 我来也~,https://www.douyin.com/video/7255151616288984360,中国战略支援,1.0,0.0,0.0,0,
8545,维和官兵不仅带来和平，更是传播了中国文化，展现大国担当(黄镇强、胡楠、方凯旋)#维和英雄 #中国军人 #中华文化 #维和 #维和部队,https://www.douyin.com/video/7208746495321836815,联勤集结号,2.0,1.0,1.0,1,
8285,新婚夜战士勇闯火海#新婚夜给媳妇请个假#救火救人#穿着军装就不能袖手旁观 #战士新婚夜没入洞房入火场,https://www.douyin.com/video/7247670154320989455,联勤集结号,2.0,2.0,2.0,2,
1296,好样的！休假武警战士抓小偷！,https://www.douyin.com/video/7210321617203875127,中国军号,1.0,2.0,,1,
6390,期待已久的新兵来咯，咱也是会宠粉的。（李明、阿卜杜库杜斯·艾拜、陈志豪）#新兵 #实爆 #高原战士,https://www.douyin.com/video/7260084195223997753,高原战士,1.0,0.0,,0,
2301,再见，军营  #退伍季（李彪、宋涛、左阳；编辑：郑洋榕）,https://www.douyin.com/video/7273298002142416165,八一青春方阵,2.0,2.0,,2,
2022,多种武器实弹演练现场！（董浩 施董 张志文 逯志鹏 马龙）,https://www.douyin.com/video/7209928617877376268,学习军团,1.0,4.0,,4,
7720,东风快递员分享九个动作帮助你快速燃脂,https://www.douyin.com/video/7213633878202813753,中国火箭军,0.0,0.0,0.0,0,
187,国防在线“型”动指南——30米×2蛇形跑,https://www.douyin.com/video/7286084614454578451,中国军网,0.0,4.0,,4,
4558,【#母亲节 ，思念“云上”的你】母爱无私，感恩永远，祝所有母亲节日快乐！（王丹、张贤良、吕帅）,https://www.douyin.com/video/7233020724309462330,中部号角,2.0,2.0,,2,
11407,逐梦“星”征程，这里有一场新毕业军官淬火成钢的队列会操！（向江桥 白婉茹）#尉来可期 #军官 #军训,https://www.douyin.com/video/7269728283980352802,永不消逝的电波,,0.0,,0,
6850,【#海军第45批护航编队起航奔赴亚丁湾 】今天上午，由导弹驱逐舰乌鲁木齐舰、导弹护卫舰临沂舰、综合补给舰东平湖舰组成的海军第45批护航编队从山东青岛解缆起航，奔赴亚丁湾、索马里海域，接替第44批护航编队执行护航任务。戳视频↓看现场画面！（曹海峰 陈兴 胡佳杰 王远方 周建龙 周远志 李宗杰 剪/孙晨刚 编/池敬爽）,https://www.douyin.com/video/7277885954096975138,人民海军,1.0,1.0,1.0,1,
10531,营区附近突发车祸，武警官兵迅速救援！（武警湖南总队 刘粤商、孙煌、卢海坤；编辑：徐礼跃）,https://www.douyin.com/video/7233760068376726844,人民武警,,1.0,,1,
7473,【穿上这身飞行服，时刻准备战斗！】“从我穿上飞行服的那天起，就只有‘打仗’和‘准备打仗’这两种状态！”面对外国军机的抵近挑衅，在实施警告驱离无效后，他果断采用战术动作，迫使对方驶离我国领空。“我的这一年”主题系列短视频，本期推出空军航空兵某旅飞行员邱麟辉，听他讲述逐梦云端的强军故事。（李鹏飞、陈国涛、胡鸿宾、杜军、郑瀚毅）#我的这一年,https://www.douyin.com/video/7189976810883435831,人民空军,1.0,1.0,1.0,1,
679,志在必得！第七届#兵棋推演 大赛总决赛选手宣言来了！,https://www.douyin.com/video/7310011141759962420,中国军号,0.0,0.0,,0,
8108,看我这个中秋祝福，喜欢吗（作者:李振朝、刘壮壮   编辑:黄镇强)#打开中秋的一百种方式 #中秋节快乐 #中秋节月亮,https://www.douyin.com/video/7284174335869193524,联勤集结号,2.0,2.0,2.0,2,
464,人的手就这么大，却承载着无限未来,https://www.douyin.com/video/7222904473717345593,中国军网,2.0,0.0,,0,
5825,快闪#唱响雷锋歌曲 传承雷锋精神（来源：央视军事报道）,https://www.douyin.com/video/7206487747207433524,北陆强军号,,2.0,,2,
5932,有一种爱情叫军恋，有一种邂逅在军营。他们在这场军地联谊会中甜蜜互动#军地联谊 #军营生活,https://www.douyin.com/video/7265974806410005795,北海舰队,1.0,0.0,,0,
6261,纠察系列执勤篇目，一道行走的警戒线。（赵侃、张先增、冯秋文、索朗班丹）#纠察 #执勤,https://www.douyin.com/video/7280866125364088124,高原战士,1.0,0.0,,0,
2312,突发车祸两人受伤！危急时刻他们挺身而出！ #致敬人民子弟兵 （肖牧奇；编辑：马寅翔）,https://www.douyin.com/video/7271231607212707129,八一青春方阵,2.0,1.0,,1,
11426,大灾无情人有情，通信兵永远在路上（刘颜滔 邵旭恒 王宇航）#全心全意为人民服务 #抗洪抢险 #永远做党忠诚可靠传令兵,https://www.douyin.com/video/7265132520000310528,永不消逝的电波,,1.0,,1,
1971,三尺讲台见真功，思想碰撞激发教育效能（吕舒婷 郝晴 农文尖 施晨洲）,https://www.douyin.com/video/7233599027806309692,学习军团,2.0,0.0,,0,
1183,虽然他不能说，但我们都知道。,https://www.douyin.com/video/7241731993522736441,中国军号,1.0,2.0,,2,
4959,一起挥洒汗水，去追逐新的篇章！#健身日常 #汗水不会辜负你 #兵哥哥,https://www.douyin.com/video/7266796727338814760,中部空军,2.0,0.0,,0,
11443,北京门头沟某村因暴雨导致多日信号中断，通信兵深入灾区打通通信链路，帮助灾民与家人取得联系（杨师、赵宛宜、张文诗）#北京暴雨 #永远做党忠诚可靠传令兵,https://www.douyin.com/video/7263402572759764276,永不消逝的电波,,1.0,,1,
10637,超燃混剪！看特战队员的训练日常（作者：武警云南总队 罗志成、李义；编辑：岳彩嵩）,https://www.douyin.com/video/7219984350442491171,人民武警,,4.0,,4,
2868,楼顶上的军营，风雪中的练兵！ #青年官兵 （朱子琪、陈乾根、张帅）,https://www.douyin.com/video/7197429863014305081,八一青春方阵,2.0,4.0,,4,
1067,专家：北约国家中仅有土耳其至今仍与俄方保持防务合作。#军事制高点  #国际 #看军事上军号,https://www.douyin.com/video/7260830902454865164,中国军号,3.0,0.0,,0,
2799,全域渗透，立体突防，带你体验特战队员高空跳伞训练  #特种兵  #跳伞训练 （刘超、李广琛）,https://www.douyin.com/video/7207745861139418405,八一青春方阵,2.0,4.0,,4,
4940,新训班长已就位，迷彩军营欢迎你！#班长 #新兵 #训练,https://www.douyin.com/video/7276091737431461154,中部空军,2.0,4.0,,4,
7843,这个春节与亲人相伴我们一起在部队看烟花,https://www.douyin.com/video/7192043222141652282,中国火箭军,1.0,2.0,2.0,2,
2346,我弟从这个夏令营回来后，坐火车非得走军人通道 #军娃 #军事夏令营（曲奎山、吴浩东、胡涛涛、张正明；编辑：郑洋榕）,https://www.douyin.com/video/7267166911752965395,八一青春方阵,2.0,0.0,,2,
217,新兵开训 强军号角已经吹响,https://www.douyin.com/video/7282677491620252989,中国军网,2.0,4.0,,4,
10864,社区突发火灾，休假武警警官迅速救援。（武警湖北总队 王赛、赵晋纶、王子阳；编辑：王超）,https://www.douyin.com/video/7192545018672942397,人民武警,,1.0,,1,
6917,#海军喊你报考军校了 【海军五大院校招生之海军航空大学】召唤敢于从零开始的勇士，复制粘贴型队列、硬核整理术，带你解锁几何世界更多惊喜与挑战；召唤不给自己设限的多边形战士，可以与海浪近距离搏击，脚踏实地和天空并肩翱翔……如果镜头前的你听到了这些召唤，欢迎加入海军航空大学，发出你的时代回响！（海军参谋部训练局 军事训练中心 编/池敬爽）,https://www.douyin.com/video/7244353002268626216,人民海军,1.0,0.0,0.0,0,
11300,#周末时光 快带上军嫂军娃来打卡“红一师”影城，蛋糕、冰激凌、水果……舒适座椅配上院线大片，与家人共享美好周末。（徐　亮、朱永科、郭炳乾）,https://www.douyin.com/video/7209532684945739064,铸剑中原,,2.0,,2,
7225,新春佳节，神州大地处处张灯结彩，暖意融融。陆军部队年夜饭各具特色，从南海海岛到北疆边防，从西部高原到东海之滨，各级保障机关和人员为坚守岗位战位的官兵奉上家乡菜、特色菜，营造浓浓节日氛围。锻铸绝对忠诚，扛起神圣使命，陆军官兵舍小家为大家，守护万家灯火，守卫国泰民安。把最好的给最可爱的人，一起看看他们的年夜饭，保障到“胃”了吗。(作者：闫海涛),https://www.douyin.com/video/7191658173080554810,人民陆军,1.0,4.0,4.0,4,
8142,坚决捍卫国家主权和领土完整（编辑:韩咏轩）#维护国家主权和领土完整 #中国领土一寸都不可分割 #归,https://www.douyin.com/video/7278635949767003432,联勤集结号,2.0,1.0,1.0,1,
4264,有生之年总要挑战一下极限吧（袁逸伦、孙雯忆、马志聪、向殷天卓）,https://www.douyin.com/video/7229990718356376887,南部战区,1.0,4.0,,4,
397,解放军有能力有信心粉碎“台独”分裂和外来干涉图谋,https://www.douyin.com/video/7250015841876446525,中国军网,1.0,1.0,,1,
11620,转身亦出征（张宏远）#青春有很多样子我的青春有迷彩 #退伍不褪色 #致敬我们的军旅生涯 #青春无悔军营路,https://www.douyin.com/video/7206288831564287288,永不消逝的电波,,0.0,,0,
5150,震中老奶奶牵着小孙子哭着感谢解放军#老奶奶#子弟兵,https://www.douyin.com/video/7315704428793826569,西陆强军号,2.0,1.0,,2,
5905,用喊麦方式，打开各军兵种，为喜欢的军兵种点个赞（黄镇强、韩咏轩）#军兵种打开方式  #入伍参军 #解放军,https://www.douyin.com/video/7279593376805113122,联勤集结号,2.0,0.0,0.0,0,
9343,“这一刻，我爱上了#新疆 ，在这里，我如此贴近地看到了巍峨的雪山......”带你感受大美#新疆伊犁的杏花村 ，引领我们朝着正确的方向迈动脚步（刘国辉、熊飞）,https://www.douyin.com/video/7217382276269739320,中国战略支援,1.0,0.0,0.0,0,
1528,无死角消杀！中部战区派出专业疾控力量协助灾后疫情防控,https://www.douyin.com/video/7264508164890971426,中国军视网,1.0,1.0,,1,
10897,一朝入军营，一生军旅情。近日，一名退伍老兵骑车路过营区时停车向正在执勤的哨兵庄重敬礼（武警湖北总队 卢旭东、王子成；编辑 吴敬楠）,https://www.douyin.com/video/7188477136267676987,人民武警,,2.0,,2,
5458,那年他29岁，乱刀加身却#誓死不跪！纪念#陈延年烈士牺牲96周年,https://www.douyin.com/video/7251882738612014394,西陆强军号,,1.0,,2,
9000,当战士清淤作业一天后，摘下手套的那一刻令人心疼…（人民网）,https://www.douyin.com/video/7266716295624805647,中国战略支援,1.0,1.0,1.0,1,
10346,7月4日，重庆市万州区突发洪涝灾害，武警官兵紧急驰援（作者：徐礼跃；武警重庆总队 王旭宝、徐优；编辑：吴敬楠）,https://www.douyin.com/video/7251946420469615928,人民武警,,1.0,,1,
7198,这所“防化兵摇篮”，录取通知书长这样……,https://www.douyin.com/video/7270681655507995916,人民陆军,0.0,0.0,0.0,0,
8300,纠察:军容严整，坐姿端正，优雅！真是优雅(作者:刘伯晗、常文强、王春辉   编辑:黄镇强)#纠察 #优雅永不过时 #优雅气质  #兵哥哥 #185,https://www.douyin.com/video/7245427358843440445,联勤集结号,2.0,3.0,3.0,3,
4132,《你好 新战友》第八期 下连以后找不到方向，很迷茫怎么办？（常欢）,https://www.douyin.com/video/7186607625751022903,人民前线,1.0,0.0,,0,
8313,女网友的手段千奇百怪，但兵哥哥就是油盐不进(作者:马小尉、王驰、张学斌   编辑:黄镇强)#诈骗套路 #ai变脸 #ai诈骗正在全国爆发 #ai诈骗如何防范 #如何预防诈骗,https://www.douyin.com/video/7243935421053422885,联勤集结号,2.0,0.0,0.0,0,
1830,新年快乐！来自人民子弟兵的祝福请查收,https://www.douyin.com/video/7190972661831421196,中国军视网,2.0,2.0,,2,
3831,快看有没有自己家乡“方言”说“妈妈我爱你”（蔡临挺 江刘鑫 李钦赟）#母亲节 #妈妈 #方言版 #母亲是这个世界上最伟大的人 #母亲节为母亲做点什么,https://www.douyin.com/video/7232654254593363261,人民前线,0.0,2.0,,0,
303,妈妈就在岸边等我们，千万不要哭呀！叔叔比你还紧张！#闻令而动子弟兵奋战在抗洪一线,https://www.douyin.com/video/7263768871147015461,中国军网,2.0,1.0,,2,
2581,这样的双杠五练习，你爱了么？  #青年官兵 #超帅剪辑 （任鹏、王利渊 编辑：郑洋榕）,https://www.douyin.com/video/7236373398484471100,八一青春方阵,2.0,0.0,,0,
11197,新兵手榴弹实投训练，“战味”浓,https://www.douyin.com/video/7304658362644385051,亮剑东南,,4.0,,4,
3652,陆军第71集团军某旅实弹射击 检验战炮分队火力打击效能#军事训练 #实弹射击 #炮兵,https://www.douyin.com/video/7265314904016473396,人民前线,1.0,4.0,,4,
6832,【#国庆节# 微电影《深海的光》：他们潜行深海，内心有光】他们是“深海铁鲨”，在常人眼中是神秘而危险的。他们是最飒的深海潜行者，战斗、训练、生活在深海，封闭、幽暗是生活的常态。但他们的内心始终有一道光，那是家国、是真情、是信仰，在党和人民需要的时候，终将汇聚成霹雳，排山倒海的力量！微电影《深海的光》以海军某潜艇部队官兵真实故事为原型，全部演员均由潜艇各战位官兵本色出演，让我们在这个国庆假日感受这群最可爱的人的坚韧与担当。（王梅 田栋栋 编/程嘉豪）,https://www.douyin.com/video/7285206742198160692,人民海军,1.0,0.0,0.0,0,
5388,#当祖国和人民需要的时候，我们一定能利刃出鞘，夺取胜利！#刘近营长的铮铮誓言,https://www.douyin.com/video/7261554221537938743,西陆强军号,,2.0,,2,
9859,感人MV《战友情歌》（武警北京总队 何冠呈、万佳磊；编辑：曾锦旭）,https://www.douyin.com/video/7307594148767386914,人民武警,1.0,0.0,0.0,0,
9722,中国战略支援新媒体账号《礼赞新时代 奋进新征程》电影《长津湖》精彩片段“打得一拳开、免得百拳来”#长津湖 （熊飞）,https://www.douyin.com/video/7192500983468019002,中国战略支援,1.0,0.0,0.0,0,
848,一边做蒜香排骨，一边喊麦，好嗨！#军营伙食连续剧,https://www.douyin.com/video/7283843845316463931,中国军号,2.0,4.0,,4,
11099,#对视变装 还好我衣服穿的利索，就是有点紧张！！！（李德伟、张景木）,https://www.douyin.com/video/7210946083646639397,我们的天空,,0.0,,0,
3268,当新战友遇见文艺轻骑兵#新兵 #文艺汇演 #欢乐时光 （作者：王宁、李军、董仁成 编辑：冯冲浪）,https://www.douyin.com/video/7222652532424822077,东部战区,2.0,0.0,,0,
1684,跨昼夜集群伞降演练来袭！精彩内容别错过,https://www.douyin.com/video/7218128124385496357,中国军视网,1.0,4.0,,4,
5350,"军嫂夏令营还赠送旅拍Vlog？！
 #军嫂夏令营#旅拍  
（作者：张旭东 任志魁 段奇东 张勇强）",https://www.douyin.com/video/7266665360588377402,西陆强军号,,0.0,,0,
8079,中国人民解放军时刻准备着！坚决捍卫国家主权和领土完整（作者:陶佳鹏、訾文朋、李继强  编辑:黄镇强)#军事力量 #东部战区回应美军机过航台海 #东部战区回应,https://www.douyin.com/video/7289276715484941608,联勤集结号,2.0,1.0,1.0,1,
6466,青藏兵站部组织新兵赴“将军楼公园”和青藏公路纪念馆等地，开展主题教育实践活动。（王先锋、梁金安、杨东、路前进、邹宁宁）#将军楼 #致敬人民子弟兵,https://www.douyin.com/video/7248800360121240892,高原战士,1.0,2.0,,2,
8768,15岁开始，从牧民到民兵，再到护边员……守护边境45年，他在界碑旁光荣离岗。,https://www.douyin.com/video/7282207412747111732,中国战略支援,1.0,2.0,2.0,2,
6474,6月21日，西藏军区机关幼儿园举行“倾听儿童 相伴成长”文艺演出，孩子们载歌载舞，放飞梦想，用动听的歌声，优美的舞姿表达着对党、对祖国、对父母、对老师的爱。,https://www.douyin.com/video/7247132662454914360,高原战士,1.0,0.0,,0,
338,前出大洋不迷航，置身深海心向党#逐梦强军新征程#闻令而动子弟兵奋战在抗洪一线,https://www.douyin.com/video/7262332015402306853,中国军网,1.0,4.0,,4,
1924,这就是中国军人带来的安全感（记者 李鹏 杜江 王斌 胡立轩）,https://www.douyin.com/video/7262579986178051386,学习军团,1.0,1.0,,1,
4774,"画说二十大⑫丨快速解码“五个坚持”
作者：钱振军、张艳俊、梁进汉
来源：忠诚号",https://www.douyin.com/video/7241472822172863805,忠诚号,0.0,0.0,,0,
1958,弹无虚发！看狙击集训超燃瞬间 （王航舵 张家泰 陈晨 张亚博 张力）,https://www.douyin.com/video/7252611783016385852,学习军团,1.0,4.0,,4,
10275,落水后不要慌，武警兵哥教你如何自救（武警第一机动总队 韦慎、刘德钊、杨攀琪、武星光；编辑：曾锦旭）,https://www.douyin.com/video/7260073582330465593,人民武警,,4.0,,4,
9252,“墙”烈推荐，快来和兵哥哥打卡军营网红墙！（陈礼豪、庞涛、张云帆）,https://www.douyin.com/video/7225953857728302392,中国战略支援,1.0,0.0,0.0,0,
5813,既要走到身边，更要走进心里，致戎装 第二期，一起看看训练场上不一样的“Ta”。（崔义佳 曹超 谢杨 刘东哲）#青春无悔军营路 #又是一年入伍季 #北陆强军号,https://www.douyin.com/video/7215896713838562575,北陆强军号,,4.0,,4,
10804,路遇车祸，武警官兵出手救援（武警第二机动总队 陈彧瀚、颜镜恒；编辑 丁镛瀚）,https://www.douyin.com/video/7199952389145709883,人民武警,,1.0,,1,
9187,回复 @该账号已注销的评论 铠甲勇士来喽~,https://www.douyin.com/video/7251068655386053903,中国战略支援,1.0,0.0,0.0,0,
1776,对空  对海  对潜！海军舰艇编队开展多课目实战化训练,https://www.douyin.com/video/7202171942768610618,中国军视网,1.0,4.0,,4,
8510,紧急惊魂哨可不是跟你闹着玩的(作者:李洪魁、张劲松、杜瀚    编辑:黄镇强)#吹哨人时刻 #军人#饺子蘸酱 #中国军人 #联勤,https://www.douyin.com/video/7213518577071148288,联勤集结号,2.0,0.0,0.0,0,
8578,震毁路、涉水路、火焰路，挑战极限，看兵哥哥玩转战地驾驶(作者：万韧  彭志扬 刘宇    编辑:黄镇强)#驾驶 #挑战极限 #联勤 #危险驾驶请勿模仿,https://www.douyin.com/video/7204635151102414095,联勤集结号,1.0,4.0,4.0,4,
1272,精准打击！看两栖战车海上超燃实弹射击,https://www.douyin.com/video/7219595125893221691,中国军号,1.0,4.0,,4,
4640,【#战位风采  我是一名军械员】如果说枪是军人的第二生命，那我就是这第二生命的主治医生，我的责任就是枪支的维修保养，保证每一支枪都能够发挥它最佳性能。（徐大权、黄金奎、洪志顺、穆思远） #青春有很多样子我的青春有迷彩,https://www.douyin.com/video/7185873077002177853,中部号角,1.0,0.0,,1,
607,新兵首次实弹射击现场，你想不想来一碗，加入他们吧！,https://www.douyin.com/video/7186201520625437986,中国军网,1.0,4.0,,4,
1840,倒计时3天！1月19日锁定2023军营网络春晚#大拜年手势舞,https://www.douyin.com/video/7189179355979894016,中国军视网,0.0,2.0,,0,
1372,专家：美在本土培训乌军，或想向俄证明美未更深介入俄乌冲突！#军事制高点 #国际 #俄乌冲突,https://www.douyin.com/video/7189531597006277922,中国军号,3.0,0.0,,3,
4624,【#当兵就要练练练#直击航空兵兔年第一飞】雁门关外，寒风凌冽。近日，中部战区空军航空兵某旅组织春节后首个飞行日，随着指挥员一声令下，数架战机腾空而起，划破了冬日的沉寂。（邱诗帆、陈玥含、高德泉）,https://www.douyin.com/video/7195387376573713720,中部号角,1.0,4.0,,4,
5163,冬日寒夜，子弟兵搭起防寒帐篷 #甘肃临夏地震 #热点新闻事件 #子弟兵抵达震区 #抢险救灾,https://www.douyin.com/video/7314944577012632842,西陆强军号,1.0,1.0,,1,
4498,"【#坚决打赢防汛救援攻坚战】连日来,中部战区各军兵种部队和驻地广大人民群众团结一心、奋力抗灾救灾,目前已取得重要阶段性成果,北京、河北受灾地区灾后重建工作已全面启动。（李迎新、王子牧、侯玉春 、马英、孙传宗、苏英凡、李晖、张康、庞鑫、万端武、饶卫平、李硕、傅应林  编辑：常延凯）",https://www.douyin.com/video/7264768058919505152,中部号角,1.0,1.0,,1,
7892,想到和得到，中间还有两个字，做到（作者：李振朝、代智斌 编辑：韩咏轩）#中国军人  #奋斗  #追星就追人民子弟兵,https://www.douyin.com/video/7317996355467611418,联勤集结号,2.0,0.0,0.0,0,
7710,抽签挑战，快来应战！,https://www.douyin.com/video/7216490423651519805,中国火箭军,1.0,0.0,0.0,0,
8458,涉嫌分裂国家罪“台独”分子杨智渊被批准逮捕！#台湾是中国的必须统一 #海峡两岸 #两岸和平统一,https://www.douyin.com/video/7225852492003675426,联勤集结号,2.0,1.0,1.0,1,
6902,【3访汤加！海军“和平方舟”号医院船今天上午抵达】当地时间28日上午10时，海军“和平方舟”号医院船抵达汤加努库阿洛法港码头，开始进行为期7天的友好访问并提供医疗服务。据悉，这也是和平方舟第3次访问汤加。戳视频，看现场！（程嘉豪 谢菲 李珂嘉贺 刘伟 桂江波 编/池敬爽）,https://www.douyin.com/video/7260832915074862351,人民海军,1.0,1.0,1.0,1,
4592,#你身边最温柔的人 当新驾驶员第一次练车，来看班长鼓励式教学！网友：又是羡慕别人班长的一天。（王丹 姚旭照 李士康）#男人的快乐就是这么简单,https://www.douyin.com/video/7207691664587001144,中部号角,2.0,4.0,,2,
11738,你好！我们是测海量天的导弹测控兵#压迫感 #卡点 #部队 （作者：管岳 贺加 卢隆城 程卓 许鑫 苏瑾萱 李东升 编辑：贺加 ）,https://www.douyin.com/video/7306091289852906778,沧海铸剑,,4.0,,4,
1315,老兵珍重！你的战友有话对你说……#退伍不褪色,https://www.douyin.com/video/7205747804566867257,中国军号,2.0,2.0,,2,
3212,陆海联合，抢滩登陆…… #军事训练 #抢滩登陆 #时刻准备着 （作者：邹超、李小字  编辑：冯冲浪）,https://www.douyin.com/video/7237755446407220536,东部战区,1.0,4.0,,4,
4376,小伙子，你也“拍鸟”吗？,https://www.douyin.com/video/7223223612411497787,南部空军,0.0,3.0,,0,
1899,#“和谐使命—2023” 任务途中，“和平方舟”号医院船官兵化身书画家、茶艺师、功夫小子、民族舞者，在甲板之上劲炫“中国风”，为各国民众烙下深深的中国印记。（记者谢菲、通讯员程嘉豪 刘博 刘伟 桂江波）,https://www.douyin.com/video/7277125577448918284,学习军团,2.0,0.0,,0,
6157,纪念西沙海战胜利49周年。1974年1月19日，南海舰队某扫雷舰大队389、396舰编队奉命参加西沙海战，与兄弟部队一起击沉敌护卫舰1艘，重创敌驱逐舰3艘，击毙击伤敌100余人。(作者：姬翔 高重 王竞阳 宋哲 郭兴 周思鸿  江王洋 曹建强 张焜 凌浩 / 编辑：姬翔）,https://www.douyin.com/video/7190268487061785893,南海舰队,1.0,1.0,,1,
6185,跨越千年，你依旧是我爱的祖国。（梁馨媛、张寅、冯馨）#汉服#传承弘扬中国传统文化  #巾帼不让须眉,https://www.douyin.com/video/7299331745994902794,高原战士,1.0,0.0,,0,
4988,1937年7月7日，这是中国人民不能忘却的日子，它时刻提醒我们：和平来之不易！#七七事变 #卢沟桥事变 #铭记历史#七七事变爆发86周年,https://www.douyin.com/video/7252710931631770880,中部空军,0.0,2.0,,0,
3598,国防部：“台独必亡” 民进党当局不要螳臂当车#螳臂当车 #台湾 #台岛 #统一 #国防部,https://www.douyin.com/video/7274119398804196648,人民前线,1.0,1.0,,1,
6421,青春与未来，除了读万卷书，还可以行万里路。从军路上，行遍山河湖海，最美的风景永远在前方。（高莎惠、郭强、孟金亮）#青春无悔军营路 #未来可期#维和,https://www.douyin.com/video/7255142710447754533,高原战士,1.0,0.0,,0,
1752,"又是一年退伍季！再见了老兵,愿你们前程似锦，一切顺利#退伍季",https://www.douyin.com/video/7205524018877795639,中国军视网,2.0,0.0,,2,
9426,超强的机动能力！歼-10B展示五大经典过失速机动动作。,https://www.douyin.com/video/7211327548083506491,中国战略支援,1.0,2.0,2.0,2,
2235,这场强军文化艺术节，官兵直呼过瘾  #超燃混剪 （李旭辉、先大蓉）,https://www.douyin.com/video/7283448798226025765,八一青春方阵,2.0,0.0,,0,
4067,侦察兵鏖战高原 征服5800米冰川（国防军事）,https://www.douyin.com/video/7197068482415004986,人民前线,1.0,4.0,,4,
7091,【人民海军##壮丽新航程宣传片发布！】忠诚航向、制胜航道、巨舰航速、如炬航标、深蓝航迹……强军这十年，人民海军挺进深蓝阔步前行。如今，巍巍钢铁舰阵，正朝着建军一百年目标踔厉奋发团结奋进！（剪/宋浩 策/王震宇）#强军十年海军时刻4月17日-21日，海军5集电视纪录片《壮丽新航程》将在CCTV-7国防军事频道黄金时段连续播出，敬请关注！,https://www.douyin.com/video/7221882364996242749,人民海军,1.0,4.0,4.0,4,
1999,清明节当日北部战区陆军某边防旅组织官兵来到李相恩烈士墓，开展瞻仰祭扫、敬献花圈、重温誓词等活动（邱泉 李朋儒 刘孝波 龙喜涛）,https://www.douyin.com/video/7219103024449473848,学习军团,2.0,2.0,,2,
4560,号手就位，“军营4S店”复工了！（林泽、薛英杰、汪洋）,https://www.douyin.com/video/7231942041607982373,中部号角,4.0,4.0,,4,
3591,你永远可以相信中国军人！“特殊的生日”#军事训练 #魔鬼周 #生日,https://www.douyin.com/video/7274891000357686562,人民前线,2.0,2.0,,2,
3138,实战化演练，热血燃爆训练场#实战练兵  #后装保障  #军事训练  （作者：曾诚 边鸿涣 冯震宇 吕雪祥  编辑：刘坚）,https://www.douyin.com/video/7264174442647932172,东部战区,1.0,4.0,,4,
834,陪你一起看东方第一哨的日升月落#繁华如你守护有我  #你好哨兵  #看军事上军号,https://www.douyin.com/video/7286306177464405263,中国军号,1.0,1.0,,1,
9724,中国战略支援新媒体账号《礼赞新时代 奋进新征程》电影《长津湖》精彩片段。（熊飞）,https://www.douyin.com/video/7192445139720113463,中国战略支援,1.0,0.0,0.0,0,
210,亚运“飞”常时刻丨这届“00后”很牛！,https://www.douyin.com/video/7283663503527857465,中国军网,0.0,0.0,,0,
2906,祝大家新年旺！旺！旺！#新春祝福（田文杰、涂创、黄祖万）,https://www.douyin.com/video/7191110220066655544,八一青春方阵,0.0,0.0,,0,
4414,【初显锋芒！看#武警新战士队列会操 】近日，武警河北总队新兵团严密组织秋季新兵队列会操，新战友们个个激情满满、劲头十足，在一令一动之间，演绎着成长与蜕变。（王川北、王泽兵、王少猛、王新、申泽刚  编辑：常延凯）,https://www.douyin.com/video/7296391663763705088,中部号角,2.0,4.0,,4,
4315,光荣“加冕”，请接过红七军的钢枪！（罗旭、陈天鹤、梁力）#致敬我们的军旅生涯 #青春无悔军营路,https://www.douyin.com/video/7205015668436077879,南部战区,1.0,3.0,,3,
1895,“虚拟演兵引领青年新风尚，智能博弈砺剑未来指挥官。”经过7年成长，兵棋推演已经成为国防教育领域具有较强影响力和军民融合特色的、常态化的全国性赛事活动。2023第七届全国兵棋推演大赛，经过几轮角逐，京津沪冀联合赛区决赛将于9月24日火热开赛，中国军号进行独家直播，我们在直播间等你。#兵棋推演 #看军事上军号 #全民国防教育月 @中国军号,https://www.douyin.com/video/7282344895149346108,学习军团,4.0,0.0,,0,
6380,五星闪耀皆为信仰，忠诚驻守边关。（宋伟坤、孟从荣、赵司友）#五星闪耀皆为信仰 #八一建军节 #忠诚守护美丽家园,https://www.douyin.com/video/7261826326724709690,高原战士,1.0,1.0,,1,
5226,"美国#国防部发布2023年《中国军事与安全发展报告》
国防部回应！（来源：国防部发布）",https://www.douyin.com/video/7293747818987015461,西陆强军号,3.0,3.0,,3,
11775,一部没有票房意义的电影，如今你还记得吗？它曾唤起无数国人的力量！#泪目 #致敬 #人民安全守护者#好剧推荐  （编辑：贺加）,https://www.douyin.com/video/7268810301166898493,沧海铸剑,,0.0,,0,
5801,近日，一段昏迷男子被学医青年跪地抢救的视频在网络上广泛传播，视频中奋力救治地方的年轻人之一是北部战区陆军某部的军医康嘉。为他点赞！（作者：丁战魁 编辑：曹超）@人民日报 @央视军事 @中国青年报 @环球网,https://www.douyin.com/video/7250094626441317647,北陆强军号,,1.0,,1,
4887,“太激动了，我为中国空军‘战鹰’的精彩表演感到骄傲。” #点赞 #八一飞行表演队 #迪拜 #飞行,https://www.douyin.com/video/7301700963428011299,中部空军,1.0,0.0,,0,
1905,【微纪实丨习主席回信勉励的他们，为何向往军校】近日，习主席给安徽省潜山野寨中学新考取军校的20名同学回信，勉励他们铸牢忠诚品格，刻苦学习训练，锤炼过硬作风，努力成长为高素质专业化新型军事人才，为国防和军队现代化贡献力量。启程报到前一天，4名新考取军校的野寨中学毕业生相约返回梦开始的地方，以各自方式向母校告别……（曹春耀 曹壮 王旭 冯喆信 何有星  ）,https://www.douyin.com/video/7273740428065770793,学习军团,2.0,0.0,,0,
566,国防部新闻发言人谭克非就美方武力袭击中国民用无人飞艇发表谈话（国防部微信）,https://www.douyin.com/video/7196621760832261380,中国军网,3.0,3.0,,3,
292,听从统帅号令·人民军队在行动 解放军和武警部队全力以赴投入抗洪抢险(军事报道)#闻令而动子弟兵奋战在抗洪一线,https://www.douyin.com/video/7264778910129212728,中国军网,2.0,1.0,,1,
7457,空军迎新春网络“云歌会”，男生大合唱《备战打仗歌》来了！,https://www.douyin.com/video/7190543675447938362,人民空军,1.0,0.0,0.0,0,
11459,让青春在军营绽放，人生因奋斗而升华！战友们八一建军节快乐！（张萌 崔悦 牟静娴）#八一建军节#我是中国军人  #通信兵,https://www.douyin.com/video/7262217555215945017,永不消逝的电波,,1.0,,1,
11631,通信兵，等你入列（石涪江）#新兵请入列 #迷彩青春 #通信兵 #青春有很多样子我的青春有迷彩,https://www.douyin.com/video/7204291969730825483,永不消逝的电波,,0.0,,0,
6201,思想火炬领航强军征程，向战而歌提振军心士气！（温燃、邓智文、马龙、胡金升、余觐）#强军征途 #高原战士,https://www.douyin.com/video/7293061083391085875,高原战士,1.0,0.0,,0,
9038,为落坡岭建立第一道通联的子弟兵找到了（杨师 赵宛宜 李宁 董东东 张文诗）#抗洪救灾 #全心全意为人民服务 #永远做党忠诚可靠传令兵,https://www.douyin.com/video/7264600439964945724,中国战略支援,1.0,1.0,1.0,1,
5909,用“相亲相爱一家人”的方式打开军兵种和武警部队#军人版 #相亲相爱一家人 #军兵种打开方式,https://www.douyin.com/video/7278261354505587983,联勤集结号,2.0,2.0,2.0,2,
4393,【路遇车祸，子弟兵挺身而出】路遇事故现场，你果断出手，凭借自己在部队过硬的专业知识，紧急救助被困司机，为卫生员刘博同志点赞，你是好样的！（滕伟明）,https://www.douyin.com/video/7311260836452896015,中部号角,1.0,1.0,,1,
708,你喜欢的样子，我都有！#变装,https://www.douyin.com/video/7306038670807649599,中国军号,1.0,2.0,,2,
7886,2023年第一场升旗#你好2023,https://www.douyin.com/video/7183569661210955064,中国火箭军,2.0,0.0,0.0,0,
8667,"      中国军医，一个响亮的名称，一支光荣的队伍。她诞生于炮火连天的峥嵘岁月，她与人民血肉相连，她铁心向党、一心为民、无私忘我、救死扶伤，“关键时刻上得去，危难时刻显身手”、“最美逆行者”等都是人民对她的由衷赞扬。
      一声军医，一生许党，一切为民。这支队伍之所以拉得去打得赢，是因为骨子里、血液里深植着红色军医基因、红色军医精神。#中国军人",https://www.douyin.com/video/7195485991686147360,联勤集结号,2.0,0.0,0.0,0,
7126,【国风版战舰与家乡，共“舰”大美中国】“你为我命名，我为你守护”。速看！22艘#家乡舰 集体亮相，快来找一找，属于您的“家乡舰”。#我的家乡我的舰 （编/池敬爽）,https://www.douyin.com/video/7201023183430995261,人民海军,1.0,4.0,4.0,4,
10427,广西防城港海警局连查三起涉嫌走私案（中国海警局 宋俊杰、张园、吴晋欢；编辑：华巍）,https://www.douyin.com/video/7244517891134065957,人民武警,,0.0,,1,
2337,四代从军志不改，一脉相传家国情  #军校学员  #新生报到（何嘉华、谢文青、张语桐；编辑：郑洋榕）,https://www.douyin.com/video/7268238051158003005,八一青春方阵,2.0,0.0,,2,
5754,习主席亲切关怀边防官兵防寒物资保障、饮食情况,https://www.douyin.com/video/7190330110329834804,西陆强军号,,0.0,,0,
7219,未来属于青年，希望寄予青年。广大青年官兵牢记习主席嘱托，坚定理想信念，筑牢精神之基，厚植爱国情怀，矢志不渝跟党走，以实现中华民族伟大复兴为己任，不负时代，不负韶华，不负党和人民的殷切期望。（来源：八一青春方阵）#五四青年节,https://www.douyin.com/video/7229165810814635301,人民陆军,1.0,0.0,0.0,0,
6363,纠察对你的爱，就是翻山越岭也要拿住你。（陈珏吉）#纠察 #军营生活 #特别的爱,https://www.douyin.com/video/7263453933018877239,高原战士,1.0,3.0,,0,
3882,这场交流会，兵王们来啦！（刘文 田拾豆）#兵王 #交流会,https://www.douyin.com/video/7224067644201110845,人民前线,2.0,0.0,,0,
8827,#遥遥领先 （剪辑：林宗钰 编辑：王奕文）,https://www.douyin.com/video/7277875123615468815,中国战略支援,1.0,4.0,4.0,4,
1627,超燃！一起围观120火箭筒实弹射击,https://www.douyin.com/video/7231071721061748005,中国军视网,1.0,4.0,,4,
86,英雄回家｜魂归故里 山河永念,https://www.douyin.com/video/7304895849975270693,中国军网,3.0,2.0,,2,纪念烈士
7660,书香满军营 阅享新征程,https://www.douyin.com/video/7225902711542123837,中国火箭军,1.0,0.0,0.0,0,
11530,星光不负有前行路，岁月不负有心人！祝所有考生都顺利上岸（潘婧轩）#2023高考季 #高考加油 #上岸上岸上岸,https://www.douyin.com/video/7242220657621175611,永不消逝的电波,,0.0,,0,
9513,对空、对海、对潜！海军舰艇编队开展多课目实战化训练。,https://www.douyin.com/video/7203253139905039672,中国战略支援,1.0,4.0,4.0,4,
9551,#全国政协委员 、东部战区海军某驱逐舰支队#太原舰 舰长吴仲戈——执戈远航卫和平。,https://www.douyin.com/video/7201018218566192443,中国战略支援,1.0,0.0,0.0,0,
11699,电波春晚【战鼓催征】#春晚 #温暖平安过大年 #女兵帅爆了 #春节快乐的n种方式,https://www.douyin.com/video/7191433974042955066,永不消逝的电波,,0.0,,0,
11534,春风得意马蹄疾，一日看尽长安花！快来看看兵姐姐对你们的祝福吧！（陈明媚、李玥）#为高考加油 #上岸上岸上岸,https://www.douyin.com/video/7241504291683339579,永不消逝的电波,,0.0,,0,
10837,5岁男孩与家人走散，被送武警营区求助（武警江西总队 游东霖、文格；编辑 别特）,https://www.douyin.com/video/7195513940154109243,人民武警,,1.0,,1,
9764,1月13日2时10分，我国在西昌卫星发射中心使用长征二号丙运载火箭，成功将亚太6E卫星发射升空，卫星顺利进入预定轨道，发射任务获得圆满成功。#火箭 （刘常连、瞿良）,https://www.douyin.com/video/7187927669315538234,中国战略支援,0.0,0.0,0.0,0,
2054,这一笑破防了！AI修复让英雄露出微笑，原来万家灯火一直绽放在你的眼眸里。（来源：中国军号）,https://www.douyin.com/video/7190673222122163512,学习军团,2.0,2.0,,2,
295,中部战区组织疾控力量在门头沟开展灾后防疫工作#闻令而动子弟兵奋战在抗洪一线,https://www.douyin.com/video/7264407832496327992,中国军网,2.0,1.0,,1,
8092,爱情恰恰跟部队战斗画面还是蛮般配的（编辑:黄镇强）#爱情恰恰 #转场 #00后上岗官方画风就变了,https://www.douyin.com/video/7286793967763475746,联勤集结号,2.0,0.0,0.0,0,
2445,祝大家花开富贵  #官方整活 #土到极致就是潮（张昌辉，邓世宁；编辑：陈继欢）,https://www.douyin.com/video/7255660802726776124,八一青春方阵,2.0,4.0,,4,
8202,王者⑤ | 用《龙拳》歌曲打开各军兵种，燃起来了！（作者:刘瑞雪、卢剑锋   编辑:黄镇强） #龙拳 #周杰伦 #八度空间 #王者荣耀,https://www.douyin.com/video/7267098396933098792,联勤集结号,2.0,4.0,4.0,4,
7188,【#这是水兵最清澈的爱 ：潜艇官兵】2023年，我将随潜艇一起游弋在深海大洋，为祖国铸就牢不可破的钢铁长城。#一起跨年#水兵眼里的壮美山河 （邓博宇 杨晨 宋浩 张立伟 策划/孙晨旭 编辑/焦飞宇）,https://www.douyin.com/video/7183496156809284925,人民海军,1.0,2.0,2.0,2,
2090,一起来看兵哥哥们打雪仗吧（耿文渌、李怀志） #打雪仗,https://www.douyin.com/video/7315053098626452775,八一青春方阵,2.0,0.0,,0,
5343,他妄图抢夺弹药库，用暴力行为颠覆国家政权！,https://www.douyin.com/video/7267748034388233527,西陆强军号,,0.0,,0,
11546,来看看营门警卫的一天（包书剑、磨熠相）#军营 #迷彩青春 #军营生活,https://www.douyin.com/video/7238418247719062839,永不消逝的电波,,0.0,,0,
2907,兔年到来啦，新春快乐！ #青年官兵  #新春祝福  #一起跨年  （梁馨媛 张寅）,https://www.douyin.com/video/7191107418082790711,八一青春方阵,0.0,0.0,,0,
6165,感谢每一个奉献青春的你（田志强、胡海、叶正强）#退伍不褪色,https://www.douyin.com/video/7309017037836274971,高原战士,2.0,2.0,,2,
5401,军BA，火热开打！#篮球赛,https://www.douyin.com/video/7261057014162279738,西陆强军号,,0.0,,0,
2327,“青青子衿 与军共赴”这场军营联谊会，真甜！ #军营联谊会 （黄博、蔡仲秋、张鹏）,https://www.douyin.com/video/7269376024239000844,八一青春方阵,2.0,0.0,,2,
3962,“虽是不舍，更是骄傲！”新兵入伍家人含泪送别（德清国防）#入伍 #送别 #军人 #新兵,https://www.douyin.com/video/7212071444451183929,人民前线,1.0,2.0,,2,
9162,走啊少年，去见一见命运里的风（郑高泽）,https://www.douyin.com/video/7254348659381275959,中国战略支援,1.0,0.0,0.0,0,
1973,比别的妈妈多一份自豪和荣耀，也多一份思念和牵挂……（孙海峰 王海 付枰凯 禹应军 张海博 丁迪 何炯）,https://www.douyin.com/video/7232201149137292600,学习军团,2.0,2.0,,2,
8120,中国“智造”出圈！硬核科技让杭州亚运会更加“智能”（编辑:黄镇强）#杭州亚运会开幕式 #2023杭州亚运会开幕式 #数字火炬手现场真的能看到,https://www.douyin.com/video/7282233815832055040,联勤集结号,2.0,0.0,0.0,0,
7915,冬至时节，部队官兵为灾区百姓准备美食（作者：李东东、何威、陈毛毛、郭佳兵、孙道冰  编辑：黄镇强）#震区伤员救治工作有序进行 #人民子弟兵 #人民群众的生命安全由我们来守护 #今日冬至,https://www.douyin.com/video/7315261666680343847,联勤集结号,2.0,1.0,1.0,1,
7317,歼-20飞行员深情地向志愿军烈士们讲述如今眼前的祖国，潸然泪下,https://www.douyin.com/video/7274109404432076089,人民空军,1.0,2.0,2.0,2,
11604,只是因为在人群中多看了你一眼（杨天文、王万利）#只是因为在人群中多看了你一眼 #对视 #兵哥哥,https://www.douyin.com/video/7211423937241025807,永不消逝的电波,,0.0,,0,
11005,主打的就是一个开朗自信，阳光灿烂。#长春航空展,https://www.douyin.com/video/7260134389923859749,我们的天空,,0.0,,0,
4943,听说，每个兵哥哥心里都住了一个功夫梦~#中国功夫 #强军征途 #兵哥哥,https://www.douyin.com/video/7274987287384034621,中部空军,2.0,0.0,,0,
6386,中国第26批赴刚果（金）维和官兵荣获联合国“和平勋章”。（高莎惠、王锦伟、郭强、党天宇、周家祥）#维和部队 #和平勋章,https://www.douyin.com/video/7260875541518028091,高原战士,1.0,1.0,,1,
5484,烎！烎！烎！#重火器#实弹射击震撼来袭！（作者：李波 王博峰 杨田华）,https://www.douyin.com/video/7248464440084024632,西陆强军号,,4.0,,4,
529,习近平出席解放军和武警部队代表团全体会议并发表重要讲话,https://www.douyin.com/video/7208156402920049920,中国军网,0.0,0.0,,0,
4331,穿戴20斤装备，武警下士夏崴14秒完成13米阳台攀登（王冠程  孙童露）,https://www.douyin.com/video/7197714491226852645,南部战区,2.0,4.0,,4,
8219,第31届世界大学生夏季运动会开幕式7月28日晚在四川省成都市举行。国家主席习近平出席开幕式。现场升国旗，奏唱国歌！#世界大学生运动会 #大运会开幕式 #成都大学生运动会,https://www.douyin.com/video/7260858694685052175,联勤集结号,2.0,0.0,0.0,0,
1555,向战斗员迈进！为圆满完成训练任务的飞行学员点赞,https://www.douyin.com/video/7255597929891630388,中国军视网,1.0,4.0,,4,
8249,技能文职招考截止到7月9日，登录军队人才网报名。欢迎咨询报考，一起做战友！(作者：张春华，宋晨雪，刘宁   编辑:黄镇强)#军队文职 #参军入伍 #文职报考 #文职考试 #军队文职报名,https://www.douyin.com/video/7253352776237944079,联勤集结号,2.0,0.0,0.0,0,
10830,3岁军娃给归队兵爸的暖心“叮嘱”，说着说着就泪目了……（武警四川总队 王幻、薛颖；编辑 邢帅）,https://www.douyin.com/video/7197017400888266044,人民武警,,2.0,,2,
4208,回复 @种花家的砖的评论 从红歌中汲取精神力量，干啥都嘎嘎有劲！,https://www.douyin.com/video/7258176592529116450,南部战区,0.0,4.0,,0,
9687,谁是“北京明白”？一起揭秘实施航天任务常说的这句口令。（空天逐梦）,https://www.douyin.com/video/7194626806140407097,中国战略支援,1.0,0.0,0.0,0,
420,国防部敦促日方增强紧迫感 消除日遗化武毒害,https://www.douyin.com/video/7238507927252913420,中国军网,1.0,1.0,,1,
2440,愉快的周末结束啦！ #周末愉快 #军营生活（李超、支熙贺、杨波涛）,https://www.douyin.com/video/7255970125961071887,八一青春方阵,2.0,0.0,,0,
567,我们是“鲲鹏”的护卫者 #军营的味道（来源：军事纪实）,https://www.douyin.com/video/7196508864647384335,中国军网,1.0,4.0,,4,
2220,军校小哥哥的伪装训练，看看你能找到几个 #青年官兵 #军校学员（张叶盛）,https://www.douyin.com/video/7285732834873019685,八一青春方阵,2.0,4.0,,4,
2893,高速遇车辆侧翻事故，休假武警官兵奋勇施救！#致敬人民子弟兵  #青年官兵  （杨垒、章鸿达、刘望新）,https://www.douyin.com/video/7194070813623078199,八一青春方阵,2.0,1.0,,1,
8208,不赞网红不赞星，只赞人民子弟兵👍（编辑:黄镇强）#抗洪救援 #暴雨洪灾中的双向奔赴 #致敬人民子弟兵 #暴雨洪灾下的中国力量 #解放军来了,https://www.douyin.com/video/7265278854892113187,联勤集结号,2.0,1.0,1.0,1,
2034,来自狙击手的压迫感！（李昌奇 石李 罗炀 马衍明）#狙击手,https://www.douyin.com/video/7201825517283167545,学习军团,1.0,4.0,,4,
9728,中国战略支援新媒体账号首届网络春晚《星际》。#中国战略支援 #网络春晚,https://www.douyin.com/video/7192207764142263611,中国战略支援,1.0,0.0,0.0,0,
2993,光荣！新兵结业仪式 #新兵 #蜕变 #成长  （作者：马钦祥、罗宗 编辑：李润泽）,https://www.douyin.com/video/7310180046835141942,东部战区,1.0,2.0,,2,
1414,新训结束！入伍新兵奔赴新战位,https://www.douyin.com/video/7313929999470366003,中国军视网,1.0,0.0,,0,
1113,军事专家杜文龙力赞“中国军号”,https://www.douyin.com/video/7257070066968153359,中国军号,0.0,0.0,,0,
10629,【海警执法员汪晓龙在与不法分子斗争中壮烈牺牲】（作者：中国海警局 傅淑明、陈荣耀；编辑：岳彩嵩）,https://www.douyin.com/video/7220762879719443746,人民武警,,2.0,,2,
1403,暖心又暖胃！受灾群众和救援人员吃上了热乎乎的饺子,https://www.douyin.com/video/7315384504288283954,中国军视网,1.0,4.0,,4,
7948,新兵下连，女兵班长依依不舍目送远行 （作者：覃钊、付涛、马腾、向虹禹   编辑：黄镇强）#新兵营 #下连 #女兵入伍,https://www.douyin.com/video/7310778411394419977,联勤集结号,2.0,0.0,0.0,0,
3514,近距离感受实爆现场（王慎启 刘德文 张展文） #军事训练 #实爆,https://www.douyin.com/video/7292308822545173812,人民前线,1.0,4.0,,4,
4571,多视角，手榴弹实投现场画面来了#手榴弹实投 #军事训练,https://www.douyin.com/video/7222813916370341181,中部号角,1.0,4.0,,4,
6110,“最美新时代革命军人”海军海南舰舰长张美玉：吐就吐在站位上（作者：蒲衍逸 李俊志 胡显兵 董鑫 / 编辑：张杰）,https://www.douyin.com/video/7267167844004072759,南海舰队,2.0,2.0,,2,
5989,来啦！来啦！海军版#多巴胺穿搭 ，夏日清凉来袭（作者：孙清、张成旺、秦永康、杨帅、王胜阳、卜令彬，编辑：娄欣辉）#迷彩青春 #海军蓝,https://www.douyin.com/video/7245218188974099716,北海舰队,1.0,4.0,,0,
4969,7月31日上午，北京市昌平区连日暴雨，沙河水库周边防汛抢险形势严峻。应昌平区沙河镇政府人武部请求，中部战区空军某场站迅速出动60余名官兵、4台车辆、7艘皮划艇展开救援工作。救援历时12小时，成功疏散被困群众近400余人。目前，该部救援分队正在张家口组织物资投送任务。#北京暴雨  #子弟兵#救灾  #军民鱼水情,https://www.douyin.com/video/7262651334782897465,中部空军,1.0,1.0,,1,
11085,空降新兵的第一封家书（王巨松）,https://www.douyin.com/video/7222272360278166841,我们的天空,,2.0,,2,
4056,《你好新战友 第十四期》授枪就是授责任，新兵专属“成人礼”——授枪仪式（王宁 卞建行 刘德文）,https://www.douyin.com/video/7199161916156153149,人民前线,2.0,3.0,,3,
5278,#亮剑出征！四川省蒲江县人武部举行2023年下半年#新兵#出征仪式。（作者：罗越  王宽  陈航）,https://www.douyin.com/video/7280451463271255357,西陆强军号,1.0,0.0,,0,
8023,立冬！中国军人不惧风雪，只为守护一方平安！（编辑:黄镇强）#立冬 #边防 #兵哥哥,https://www.douyin.com/video/7299033870719044904,联勤集结号,2.0,1.0,1.0,1,
10437,逼真！这场反劫持演练看着太过瘾（武警江西总队 李杰、吴伟；编辑：曾锦旭）,https://www.douyin.com/video/7243381745544989989,人民武警,,4.0,,4,
4403,超燃！带你#多角度体验单兵火箭筒实弹射击 。( 王旭光 郭晨浩),https://www.douyin.com/video/7305631025281944872,中部号角,1.0,4.0,,4,
7791,我们的下一站,https://www.douyin.com/video/7205381901077450040,中国火箭军,1.0,2.0,2.0,2,
203,国防在线“型”动指南第一季——军事体育训练火热开练！,https://www.douyin.com/video/7284039312482585891,中国军网,4.0,4.0,,4,
3956,《小卫说健康》第3期——我们该如何预防诺如病毒感染呐？（吴志翔 刘峰 樊玉双）#卫生员 #健康 #诺如病毒,https://www.douyin.com/video/7212869509512744251,人民前线,0.0,0.0,,0,
9628,当兵前丑关我当兵后什么事！#请你不要到处叩叩 （熊飞）,https://www.douyin.com/video/7197776227476753720,中国战略支援,1.0,0.0,0.0,0,
652,西部战区军机深入地震灾区勘察,https://www.douyin.com/video/7314247695877573903,中国军号,1.0,1.0,,1,
4656,"up青年在军营⑩丨王泽涵：以钉钉子精神，苦练本领砺精兵
战区陆军某训练基地王泽涵，面临新职能、新任务，始终坚持立足岗位深研深学，对目标坚定执着不放松，练就了过硬能力素质，不断书写军旅人生新篇章。
作者：齐   申、谢   凯、曹   鲜",https://www.douyin.com/video/7282928879235288375,忠诚号,2.0,0.0,,0,
7444,"我的这一年 | 夺冠！这一年我们战斗力拉满
上台能讲课，上阵能指挥。政治干部只有成为军事工作和政治工作“两个行家里手”，才能真正担负起带兵打仗重任。2022年，在空军某演训任务中，作为政治教导员的他“临危受命”，亲手弯弓搭“箭”，一击制胜。“我的这一年”主题系列短视频，本期聚焦空军地导某营政治教导员何大勇，看他如何带领战勤人员夺得空军地导部队训练领域的最高荣誉。（马伟、赵振龙、祝嘉）",https://www.douyin.com/video/7190727930777996599,人民空军,2.0,0.0,0.0,0,
1124,请收藏这波儿表白！,https://www.douyin.com/video/7252980130933443855,中国军号,2.0,1.0,,1,
4500,【中部战区任务部队坚守一线#为尽快恢复群众生产生活秩序持续发力#】连日来，中部战区任务部队坚守在京津冀多个防汛救援点位，执行抢修道路、清理淤泥、运送物资、消杀防疫等任务。官兵们克服高温高湿天气条件，发扬特别能吃苦、特别能战斗的精神，连续作战，为尽快恢复灾区群众生产生活秩序持续发力。（李迎新、刘新雨、付超、闫涛、张小乐、邓青华、王曙光、朱姜海、牛淑锋、卫平、吴梓梁、张志强、张子阳、邵将、任昱安、杜江、李世昭、钟汇仑、杨艺哲 编辑：常延凯）,https://www.douyin.com/video/7264524282695404852,中部号角,1.0,1.0,,1,
4283,震撼！数百名驻港部队官兵出征（王鹏、黄桦、杨杰揆、王万禹、黄思瑜）,https://www.douyin.com/video/7220315935301831996,南部战区,1.0,0.0,,1,
3999,东部战区陆军“最美军嫂”戚培#38妇女节 #最美军嫂,https://www.douyin.com/video/7208096595504631044,人民前线,2.0,2.0,,2,
9278,数架#轰6k 跨昼夜#飞行 训练，完成对地模拟攻击,https://www.douyin.com/video/7221706638984613175,中国战略支援,1.0,4.0,4.0,4,
1072,运油-20飞行员邀您#看军事上军号,https://www.douyin.com/video/7261087556438117666,中国军号,0.0,0.0,,0,
6515,六一”儿童节，西藏军区官兵来到驻地小学，与同学们共度一个快乐且有意义的“六一”。（徐勇、闫建雄、王佐龙、胡金升、葛维家、王强、李波）#这儿童节礼物太值了  #儿童节快乐 #高原战士 #中国军人,https://www.douyin.com/video/7239567538982620431,高原战士,1.0,2.0,2.0,2,
9371,多角度看空战！海军航空兵某旅开展异型机对抗训练,https://www.douyin.com/video/7215862500133293369,中国战略支援,1.0,4.0,4.0,4,
11111,可能你的不经意，成了有心人利用工具 {张宇 冯顺利 许洋},https://www.douyin.com/video/7205567185777855805,我们的天空,,0.0,,0,
7192,2023年军营网络安全宣传周主题宣传片发布,https://www.douyin.com/video/7277371176006028556,人民陆军,0.0,3.0,3.0,3,
2938,【军营一刻】军营里的那些豪横兵哥哥  #青年官兵  #军营一刻 #我就是这么豪横的银 （王耀宗、张志浩）,https://www.douyin.com/video/7187428031118495035,八一青春方阵,2.0,0.0,,0,
6584,边关通信兵，守护无人区的信息生命线 #通信兵  #边防军人 （杨鹏、刘海涛、马军、杨振坤、吴家豪、张竣）,https://www.douyin.com/video/7223349049527667983,高原战士,1.0,0.0,0.0,0,
6044,多组镜头首次公开！#海军主题宣传片蛟龙行动 震撼上线！#人民海军生日快乐 #人民海军向前进,https://www.douyin.com/video/7224722539249978681,北海舰队,1.0,4.0,,4,
10454,直击武警呼和浩特支队野外驻训现场（武警内蒙古总队 李研、胡毅楠、郭磊；编辑：曾锦旭）,https://www.douyin.com/video/7241919625338834237,人民武警,,4.0,,4,
7525,天安门广场的祝福祖国主题花篮，花团锦簇。大山深处，导弹工程兵也自制花篮。裁切、编织、定型、喷色……饱含着大家对祖国深厚的爱意与美好的祝福……,https://www.douyin.com/video/7286042752943426855,中国火箭军,1.0,0.0,0.0,0,
2419,祝大家 #周一快乐#元气满满（谢瑞烽、王鑫鑫、熊家盼；编辑：郑洋榕）,https://www.douyin.com/video/7258963413198441785,八一青春方阵,2.0,0.0,,0,
10818,急速狂飙！武警官兵飞奔火场救火！（武警河北总队 张雪岩、毛佳伟；编辑 邢帅）,https://www.douyin.com/video/7198503642817776911,人民武警,,1.0,,1,
8598,各部队单位送来祝福(王照亮、米震、田忠彬、黄镇强)#联勤#高原兵 #军人,https://www.douyin.com/video/7202421945051188514,联勤集结号,0.0,0.0,0.0,0,
993,中国篮球传奇人物王治郅带您探秘“军BA”决赛，8月11日下午3点，中国军号直播间共同见证夺冠时刻！#强军杯比赛,https://www.douyin.com/video/7265270484974013730,中国军号,0.0,0.0,,0,
11083,拒绝颓废，驱散迷茫！（冯顺利 张宇 江成 许洋 蔡晓源）#正能量传递,https://www.douyin.com/video/7224162273000951098,我们的天空,,0.0,,0,
5526,#直击#军考结束现场，#兵哥兵姐信心满满~,https://www.douyin.com/video/7242615920110226748,西陆强军号,,0.0,,0,
8060,军人刻在骨子里的素养，是一点一滴养成的（作者:范青锋、张政  编辑:邢雨辰）#叠被子 #军被 #新兵营 #新兵,https://www.douyin.com/video/7292590525046181160,联勤集结号,2.0,4.0,4.0,4,
1401,火热军营！等你报名！2024年上半年征兵工作正在进行时,https://www.douyin.com/video/7315360099525020963,中国军视网,1.0,1.0,,1,
8032,一个鼓励他人的小善举，也许会传递无穷的力量（作者:杨浩、王豪  编辑:韩咏轩）#新兵 #兵哥哥 #正能量,https://www.douyin.com/video/7297412791495937314,联勤集结号,2.0,0.0,0.0,0,
6140,近日，一场“胜战尖兵”军港越野接力跑拉开帷幕，快来看看兵哥哥们如何挥洒汗水、接力冲锋吧！（作者：姜海涛 贾晓鹏 尹硕 / 编辑：邹利源）,https://www.douyin.com/video/7211475750992596283,南海舰队,1.0,0.0,,0,
4070,“兔年第一投”（黄梓梁）,https://www.douyin.com/video/7196507049679768891,人民前线,2.0,4.0,,4,
8859,#74年前的今天小萝卜头惨遭杀害 还记得“我的弟弟小萝卜头”吗？他是共和国年龄最小的革命烈士，8个月大入狱，8岁牺牲。在狱中，黄显声将军教他语文、算术、武术、俄语，还送给他铅笔。74年前的今天，“小萝卜头”惨遭杀害。他的遗骸被发现时，小小的手里还紧握着半截铅笔……,https://www.douyin.com/video/7275540455402655016,中国战略支援,1.0,2.0,2.0,2,
9965,海岳盟誓，情定军营！这场集体婚礼仪式感满满（武警河北总队 魏悦岭、肖牧奇、孙靖壹；编辑：华巍）,https://www.douyin.com/video/7292742258338614568,人民武警,2.0,0.0,0.0,0,
10318,“锋刃-2023”狙击手竞赛第一组近距离精准狙击课目结束，科特迪瓦选手霍托夺得轩辕剑（作者：别特、丁首越、赵红郡）,https://www.douyin.com/video/7255334528665898297,人民武警,,4.0,,4,
6181,强强对决直击火热比武现场。（裴斌）#比武 #强强对决,https://www.douyin.com/video/7299351900242201866,高原战士,1.0,4.0,,4,
6888,《逐梦》推广曲《奔赴》发布！,https://www.douyin.com/video/7262676253977693440,人民海军,1.0,0.0,0.0,0,
42,国防部：菲方蓄意挑衅蓄谋炒作破坏南海和平稳定,https://www.douyin.com/video/7312621456154758450,中国军网,1.0,1.0,,1,指责他国的不正义行径
4850,“红一师”开训，厉兵秣马正当时！（陈亚峰）,https://www.douyin.com/video/7184985518646562106,忠诚号,1.0,4.0,,4,
11075,#长空之王官宣 走进《长空之王》空降兵部队路演现场，向翱翔蓝天的勇士们致敬！（郭籽材 陈思  陈为森 田庚元）#中国空降兵,https://www.douyin.com/video/7228155589841538363,我们的天空,,4.0,,4,
8951,既许一人以偏爱，愿尽余生之慷慨。#军恋  #七夕 （作者：赵威宇、刘朝阳 编辑：王奕文）,https://www.douyin.com/video/7268333322080718136,中国战略支援,1.0,0.0,0.0,0,
9577,海上低空突防，一起看直-10超燃训练！,https://www.douyin.com/video/7199827564423122234,中国战略支援,1.0,4.0,4.0,4,
10462,巧了！“见义勇为”主题公园内，武警官兵见义勇为（武警河北总队 吴伟光、耿鹏宇；编辑：曾锦旭）,https://www.douyin.com/video/7241147403171024143,人民武警,,1.0,,1,
9819,调大音量，感受实爆训练炸裂瞬间 （武警云南总队 吴恩德、王康、王兴富；编辑：徐礼跃）,https://www.douyin.com/video/7312796102661508361,人民武警,1.0,4.0,4.0,4,
5433,#西部#边陲有一群可爱的“#小精灵”~,https://www.douyin.com/video/7256078191066991927,西陆强军号,,0.0,,0,
764,风风火火闯九州！#汽车兵,https://www.douyin.com/video/7296675985657777408,中国军号,1.0,4.0,,4,
10169,“军营Rapper”来了，原创Rap《时代尖兵》点燃演兵场（作者：武警贵州总队 何文博、孙恒鑫、侯鲁晋；编辑：卢然）,https://www.douyin.com/video/7268515910418304316,人民武警,,0.0,,0,
3186,火力覆盖，防空兵硬核“烟花秀”#夜间射击 #防空 #时刻准备 （作者：杨川、谢佳、李政、徐大航 编辑：刘坚）,https://www.douyin.com/video/7247124132188523808,东部战区,1.0,4.0,,4,
4581,#当兵就要练练练 【下雪天练什么？倒功！！！】练起来，在雪天开展一次倒功训练，和雪花来一个亲密接触，火箭军东风第一旅官兵最来劲！（陈世锋、潘槿、邹浩、满玉辉、盛鹏鹏、李志锴）,https://www.douyin.com/video/7211425474667449658,中部号角,2.0,4.0,,4,
6911,【又逢端午时，粽香满军营】折粽叶、装馅料、包严实、扎绳子……#端午节 海军航空大学某团组织官兵集体包粽子，戳视频↓↓↓和兵哥哥一起沉浸式体验包粽子吧！（原磊 王梓行 郭扬帆 王祥 罗盼永 王依 郭信宏）,https://www.douyin.com/video/7247429833867693346,人民海军,1.0,0.0,0.0,0,
7760,送知识 送健康 送快乐 兵哥哥的三八节礼物就很特殊,https://www.douyin.com/video/7207977654476131643,中国火箭军,1.0,2.0,2.0,2,
2461,让我们看看军用水壶都有哪些妙用吧  #军营神器  #军营生活（保定 孙旋、郭泽霖、陈金木）,https://www.douyin.com/video/7253740212524731707,八一青春方阵,2.0,4.0,,4,
4145,《你好 新战友》第五期 丫丫的室外课堂来到新兵营啦~现场十分欢乐！（崔艳茹 彭凤瑶）,https://www.douyin.com/video/7184636609394953533,人民前线,2.0,0.0,,0,
1948,军事专家李莉邀您走进“中国军号”！#看军事上军号,https://www.douyin.com/video/7257467398696078648,学习军团,0.0,0.0,,0,
2982,爸妈，请看我新兵连的训练成果#新兵 #训练 #军旅  （作者：敬磊、梁永豪、顾超泽 编辑：李润泽）,https://www.douyin.com/video/7313539280842820927,东部战区,2.0,0.0,,0,
3444,“打仗再喊我回来” #老兵 #退伍不褪色 #退伍季,https://www.douyin.com/video/7307850341146430731,人民前线,2.0,2.0,,2,
3746,联合侦察训练在东部战区陆军某旅展开#军事训练 #侦察兵,https://www.douyin.com/video/7249208341262585103,人民前线,1.0,4.0,,4,
9909,四人保障一百人！直击武警炊事兵野战给养单元专项训练（武警第一机动总队 周静、程文波；编辑：徐礼跃）,https://www.douyin.com/video/7300533359120338211,人民武警,1.0,4.0,4.0,4,
1058,先睹为快！《逐梦》预告片来了！#看军事上军号#逐梦强军新征程,https://www.douyin.com/video/7262238246850022671,中国军号,1.0,0.0,,0,
4737,"up青年在军营⑥丨柴康乐——矢志追梦，敢想敢为
功成不必在我，功成必定有我。从事事易“满足”到事事拼全力，再到创破旅武装三公里纪录，战区陆军第82集团军某旅战士柴康乐，敢想敢为践行使命任务，以“明知山有虎，偏向虎山行”的血性胆气奔跑在强军兴军新征程上。
作者：陈清民、杨   伟、郭伟峰
摄影：李晓勋、乔剑波、周   琨",https://www.douyin.com/video/7256248212334431525,忠诚号,0.0,0.0,,0,
2758,雪天变装更惊艳！ #雪天变装 #青年官兵（李宏鑫、索朗曲觉、倾金强、何东林）,https://www.douyin.com/video/7212434589258714428,八一青春方阵,2.0,0.0,,0,
11260,致敬坚守战位的中国军人 #春节我在岗,https://www.douyin.com/video/7191836536428694843,亮剑东南,,2.0,,2,
9648,战略支援部队某部组织开展赏花灯、猜字谜活动，将军营文化和中国传统文化结合起来，突出兵味、军味、趣味，让官兵感受到浓浓的节日氛围和传统文化的魅力。（周凯鑫、朱云焘、崔明豪）,https://www.douyin.com/video/7196576861915254076,中国战略支援,1.0,0.0,0.0,0,
6146,军营独家灯谜震撼来袭！同步关注“南海舰队”公众号、抖音号、快手号、视频号，并在此条视频评论区留下答案，就有机会获得舰帽1顶，赶快参与活动吧！(作者：凌浩 神宇 冯丽 王原 张焜 刘梦浪 李润发 徐晓东 赵一凡 侯捷 / 编辑：姬翔 ),https://www.douyin.com/video/7196461592957996325,南海舰队,1.0,0.0,,0,
11481,你要的兵哥哥版一秒长大运镜来咯（石涪江）#一秒长大,https://www.douyin.com/video/7256313507480751394,永不消逝的电波,,0.0,,0,
5253,"六旬老人突发#车祸 
#子弟兵 关键时刻#挺身而出 ！",https://www.douyin.com/video/7288870215826328891,西陆强军号,1.0,1.0,,1,
6137,征衣解甲归故里，再敬军礼别军旗。近日，南部战区海军隆重举行大校军官退役仪式，在战友和家人的见证下，告别军旅生涯。临别之际，他们面向鲜艳的“八一”军旗庄严宣誓：若有战，召必回。（作者：李全 李晴 蔡林林 石少军 贾靖 / 编辑：邹利源）,https://www.douyin.com/video/7217645761125829925,南海舰队,2.0,2.0,,2,
3913,山东舰首次参加环台岛战备警巡和“联合利剑”演习！#山东舰 #台海 #东部战区,https://www.douyin.com/video/7220366501151280421,人民前线,1.0,1.0,,1,
2259,勿忘国耻，吾辈自强  #九一八事变 #勿忘国耻（陈力枢、何嘉乐、翟世杰、刘晔溥）,https://www.douyin.com/video/7279815736032267577,八一青春方阵,2.0,2.0,,2,
10009,庆佳节军营大联欢主题活动，跟随Vlog一起走进我们的活动现场吧（武警黑龙江总队 于耀威、朱浩、李建军；编辑：华巍）,https://www.douyin.com/video/7286021084137164066,人民武警,,2.0,,2,
9808,#甘肃地震 #子弟兵在行动 武警官兵的臂膀，是最坚实的守护 （作者：侯崇慧、许新强、赵冰晶、徐礼跃）,https://www.douyin.com/video/7314128294243274034,人民武警,1.0,1.0,1.0,1,
2452,“远火”版“恐龙抗狼” #恐龙抗狼（翟洋洋，编辑：陈继欢）,https://www.douyin.com/video/7254915016946666789,八一青春方阵,2.0,4.0,,4,
10833,包汤圆、庆元宵，军民鱼水情深（武警江西总队 张永灿、史延鑫；编辑 别特）,https://www.douyin.com/video/7196613930033122620,人民武警,,0.0,,0,
3239,可爱！卫生员版“小小花园”来啦！#挖呀挖呀挖 #卫生员 #兵姐姐 （作者：樊玉双、刘嘉仪  编辑：冯冲浪）,https://www.douyin.com/video/7230424460510154041,东部战区,2.0,0.0,,0,
9370,当时我军机与外机相距仅20公里，一分钟之内就会交叉，多次交涉无果，高中强和战友坚定的飞上去，最终逼退外机,https://www.douyin.com/video/7216137157709172029,中国战略支援,1.0,1.0,1.0,1,
1244,有一种自信，叫人民海军。#人民海军生日快乐  #人民海军向前进,https://www.douyin.com/video/7225501476733439269,中国军号,1.0,1.0,,1,
7393,#我眼中的航迹  战巡南海、前出西太、绕岛巡航……空军航空兵某团飞行二大队的飞行航迹与空军转型跨越的步伐同频共振。大队飞行人员越飞越有底气、越飞越自信。面对时代之问，他们坚定回答#只要祖国需要战神随时出击#,https://www.douyin.com/video/7247702004972260667,人民空军,1.0,0.0,0.0,0,
8593,王福生院士送来祝福#军医 #院士 #医者仁心 #中国科学院 #解放军总医院,https://www.douyin.com/video/7202574241517145384,联勤集结号,0.0,0.0,0.0,0,
209,我想爸爸了,https://www.douyin.com/video/7283708735661395219,中国军网,2.0,1.0,,2,
2839,今天的阳光开朗大男孩是这样的！ #阳光开朗大男孩 （刘思扬、丁国帅）,https://www.douyin.com/video/7201844928769576249,八一青春方阵,2.0,0.0,,0,
339,我眼中的师父VS现实中的师父（上集）,https://www.douyin.com/video/7262307699721817401,中国军网,2.0,0.0,,2,
4383,【#时节里的军营#冬至 】夏尽秋分日，春生冬至时。今天我们迎来24节气中第22个节气——#冬至 。#冬至快乐,https://www.douyin.com/video/7315207326607084840,中部号角,1.0,0.0,,0,
10475,六一儿童节当天，武警山东总队潍坊支队组织军娃进军营，近距离感受爸爸妈妈的部队生活，场面简直太欢乐！（武警山东总队 杨一鸣、杨鑫庆；编辑：华巍）,https://www.douyin.com/video/7239667975718997285,人民武警,,2.0,,2,
575,杜富国，当爸爸了！,https://www.douyin.com/video/7193622777960664320,中国军网,1.0,2.0,,2,
4130,第80集团军某陆航旅：铁翼飞旋 武装直升机对地实弹射击（国防军事）,https://www.douyin.com/video/7187287610946047290,人民前线,1.0,4.0,,4,
4865,保障战鹰高飞，来见识一下空军航空兵的除雪“神器”#神器 #雪#兵哥哥,https://www.douyin.com/video/7312088551049415973,中部空军,4.0,0.0,,4,
6179,带你体验多视角实弹射击。（阿卜杜库杜斯·艾拜、黄世杰、陈志豪）#多视角 #实弹射击,https://www.douyin.com/video/7299363047422823690,高原战士,1.0,4.0,,4,
1068,实拍上甘岭阵地上的焦土，还原那场不畏强敌、舍生忘死战役的细节。 #抗美援朝  #看军事上军号,https://www.douyin.com/video/7261500885551959354,中国军号,1.0,2.0,,2,
3702,陆军第71集团军某旅组织多机型伞降突击训练#军事训练 #跳伞 #直升机 #伞降 #陆航,https://www.douyin.com/video/7255586084392914195,人民前线,1.0,4.0,,4,
11638,便装是青春的朝阳，而军装则是责任与担当（张超帆、马志涛）#青春的样子 #军装 #致所有当过兵的战友 #把青春献给祖国,https://www.douyin.com/video/7199903975846481211,永不消逝的电波,,0.0,,0,
2353,变的是服装，不变的是信仰  #很新的一种表情包cosplay（南富国、焦庆弘、韩飞雄、陈凯文；编辑：郑洋榕）,https://www.douyin.com/video/7266380698020367652,八一青春方阵,2.0,0.0,,2,
393,中国外交部：有关国家应停止为反中乱港分子撑腰张目(军事报道),https://www.douyin.com/video/7252231289003068709,中国军网,1.0,1.0,,1,
6669,#孕妇在部队营门紧急分娩  高原战士暖心救助。（万玲）,https://www.douyin.com/video/7195759633917644066,高原战士,1.0,1.0,1.0,1,
5965,“兵之初”牵手“学之初”，又一所#八一爱民学校 揭牌 #军地共建 #国防教育 #红领巾 #爱心助学 #传播正能量,https://www.douyin.com/video/7254785242173689122,北海舰队,1.0,2.0,,1,
9336,建筑物布局、高度清晰可见，城镇进攻#战斗 再添新利器！#数据可视化,https://www.douyin.com/video/7217649035874766140,中国战略支援,1.0,4.0,4.0,4,
11245,#世界睡眠日#关注睡眠质量，第71集团军医院送你一份科普宣讲,https://www.douyin.com/video/7212966514394271013,亮剑东南,,0.0,,0,
7648,奋斗的青春最美丽，军营的生活更精彩，当青春遇上军营，青春有话说。火箭军某部在五四青年节到来之际，青年官兵在团旗前宣誓，用行动映照不一样的青春旅途。,https://www.douyin.com/video/7229311144886897975,中国火箭军,1.0,0.0,0.0,0,
10862,武警部队网络春晚 丨歌曲《砥柱擎天》,https://www.douyin.com/video/7192547033872485693,人民武警,,0.0,,0,
638,兵哥版#科目三  ，你敢挑战吗？,https://www.douyin.com/video/7315405935218920744,中国军号,2.0,4.0,,4,
2047,过年短片——《回“家”》,https://www.douyin.com/video/7191364076059086139,学习军团,2.0,2.0,,2,
3925,沉浸式感受“大狙”怒吼！（宋超 赵前程 张乃友 李汉朝）#狙击 #狙击手 #10狙,https://www.douyin.com/video/7219246033811901754,人民前线,4.0,4.0,,4,
6648,暖心！高原医疗小分队为驻地群众义诊 #义诊 （张宇、格桑罗布、刘锐、刘伟、何小艺）,https://www.douyin.com/video/7201747995266747708,高原战士,1.0,1.0,1.0,1,
7784,峥嵘从军路，转身亦荣光，致敬老兵！,https://www.douyin.com/video/7205840096787057976,中国火箭军,1.0,2.0,2.0,2,
6955,【致敬“兵王” ！海军山东舰2名一级军士长光荣退休！】一级军士长陈青松和梁全杰是山东舰首批舰员，也是山东舰第一批退休军士。此前，由于练兵备战任务繁重，计划中的退休仪式一直延期。今天，服役满30年的他们，军旅生涯画上了圆满句号。为他们点赞！（李刚 扈秀帅 刘海洋 赵琳鹏 刘梦浪 耿豪杰 荣珂鑫等 剪/冯伟豪 编/孙晨旭）,https://www.douyin.com/video/7233764118107508023,人民海军,1.0,2.0,2.0,2,
1847,“兔”飞猛进！来和新疆塔城军分区某边防团跳#大拜年手势舞,https://www.douyin.com/video/7187959427704687872,中国军视网,2.0,2.0,,2,
3061,超甜来袭！军营集体婚礼，让这个国庆幸福感爆棚#国庆  #集体婚礼  #幸福感  （作者：冯冲浪、肖明辉、夏姚伟 编辑：牟泓）,https://www.douyin.com/video/7285708404918668607,东部战区,2.0,0.0,,2,
9812,军营大厨手把手教你萝卜炖羊肉 （武警第一机动总队 赵宏超 高子涵 丁兆坤；编辑：陈绿祥）,https://www.douyin.com/video/7313890353424190747,人民武警,1.0,4.0,4.0,4,
491,驻香港部队组织2023年度首次联合巡逻,https://www.douyin.com/video/7216546213821205795,中国军网,4.0,4.0,,4,
3370,春节不忘战备！时刻准备战斗#春节我在岗  #致敬坚守岗位的你,https://www.douyin.com/video/7191812901731061050,东部战区,2.0,1.0,,2,
11437,胜由信息通！通信兵迅疾响应，为灾区打通信息通信“生命线”#抗洪抢险 #全心全意为人民服务 #永远做党忠诚可靠传令兵,https://www.douyin.com/video/7263857234982030592,永不消逝的电波,,1.0,,1,
10238,武警叔叔，我们来交“作业”啦（武警河南总队 李华、冯雨、江志伟；编辑:徐礼跃）,https://www.douyin.com/video/7262713850624036154,人民武警,,2.0,,2,
1859,隐蔽出航，低空突袭！歼-16战机精准命中目标,https://www.douyin.com/video/7185487177164410172,中国军视网,1.0,4.0,,4,
4011,重温下连授装仪式（秦乾隆 彭齐 宋积忠）#授枪 #授枪仪式,https://www.douyin.com/video/7206714403247476025,人民前线,1.0,3.0,,3,
4603,【#战位风采 我是一名新闻报道员】手握相机，是活跃在采编一线的兵记者。拿起武器，是一名冲锋在前的战斗员。执笔从戎，用文字讲述基层故事，用相机描绘强军画卷。（徐大权、黄金奎、洪志顺、穆思远） #青春有很多样子我的青春有迷彩 #有一种燃叫中国军人 #青春无悔军营路 #致敬我们的军旅生涯 #每一个精彩瞬间都值得记录,https://www.douyin.com/video/7205756110588972344,中部号角,2.0,0.0,,0,
5520,#外交部：我们#坚决反制一切“害台”“卖台”行径,https://www.douyin.com/video/7243969715268259132,西陆强军号,,1.0,,1,
6484,#一起涨知识  荒野求生小技巧之辨别方位。（罗嘉豪）#高原战士,https://www.douyin.com/video/7244849253200252217,高原战士,1.0,4.0,,4,
9169,回复 @中国航天科工的评论 恐龙抗狼行不行啊,https://www.douyin.com/video/7253452991263509775,中国战略支援,1.0,4.0,4.0,4,
11284,八一建军　献礼八一”  以笔为剑，以墨为锋，以字为刃，中国军人，战无不胜　（作者：陈亚峰　仇俪诺）,https://www.douyin.com/video/7262184764956839187,铸剑中原,,0.0,,0,
7735,【2023年#火箭军直接选拔招录军官宣传片  《执剑未来》震撼来袭！】最无悔的选择，是给自己一个机会，去丈量祖国河山的辽阔，去感受导弹腾飞的咆哮，肩负震慑寰宇的神剑，捍卫盛世中华的荣耀。火箭军，等你来！,https://www.douyin.com/video/7211461440111201593,中国火箭军,1.0,0.0,0.0,0,
5333,爱在七夕，更在一朝一夕（作者：刘兵 王福利 汪鹏鹏）#七夕#告白#情话#甜蜜,https://www.douyin.com/video/7269823473466297659,西陆强军号,,2.0,,2,
1841,倒计时4天！1月19日锁定2023军营网络春晚#大拜年手势舞 ,https://www.douyin.com/video/7188836123848756495,中国军视网,0.0,2.0,,0,
1015,请注意！这是战场不是游戏！#逐梦强军新征程,https://www.douyin.com/video/7263461905677716788,中国军号,1.0,4.0,,4,
10166,为荣誉而战，这场军体运动会，战味浓！（武警第一机动总队  许志赛、段楚晖、郭柏冬；编辑：卢然）,https://www.douyin.com/video/7268653867670195468,人民武警,,0.0,,4,
1347,这个元宵节，陪哨兵一起站岗！#你好哨兵  #元宵节与边防军人同屏站岗,https://www.douyin.com/video/7196719723344694528,中国军号,2.0,1.0,,1,
108,饭前一支歌，你学会了吗？,https://www.douyin.com/video/7300376432591506723,中国军网,2.0,0.0,,0,
9637,节日守护和春天问候：花好月圆人常聚，万世开泰国长安！#守护,https://www.douyin.com/video/7197239424835472698,中国战略支援,1.0,4.0,4.0,4,
70,国防部：捍卫国家主权和领土完整 解放军决不手软,https://www.douyin.com/video/7307235724548377895,中国军网,1.0,1.0,,1,
3848,被“挖呀挖”洗脑？是时候看看“大朋友”们的“挖呀挖”了！（李汉朝 肖杰 敬轩）#挖呀挖呀挖 #满脑子都是挖呀挖呀挖 #迫击炮,https://www.douyin.com/video/7229504060884274487,人民前线,2.0,4.0,,2,
2794,今天，愿“美”一个你都闪闪发光！ #女神节快乐  #我眼中独一无二的她,https://www.douyin.com/video/7208017758573956407,八一青春方阵,2.0,2.0,,2,
6530,硬核变装！高原战士版拔剑变装来啦。（吴强、葛维家 陈鹏）#拔剑变装 #硬核 #变装 #高原战士,https://www.douyin.com/video/7237126841545395496,高原战士,1.0,0.0,0.0,0,
8351,抗战时期的娃娃兵:那时我已战死沙场…#抗战 #抗战爱国 #金一南 #六一儿童节 #儿童节快乐,https://www.douyin.com/video/7239630038646181177,联勤集结号,2.0,2.0,2.0,2,
6921,【海军2023年度招生宣传片《向洋》震撼发布】#海军喊你报考军校了（海军参谋部训练局 军事训练中心 编/池敬爽）,https://www.douyin.com/video/7242985842040474920,人民海军,1.0,0.0,0.0,0,
9275,“雷达天团”惊艳亮相！记者带你直击第十届世界雷达博览会现场（黄永文、熊飞）,https://www.douyin.com/video/7222463579079888184,中国战略支援,1.0,0.0,0.0,0,
5011,以梦为马，不负韶华，预祝各位考生金榜题名！#决胜高考 #2023高考必胜 #军考,https://www.douyin.com/video/7241599945776581944,中部空军,1.0,0.0,0.0,0,
11408,若有战，召必回！（邹攀 彭博）#若有战召必回 #老兵退伍季,https://www.douyin.com/video/7269592103577996579,永不消逝的电波,,2.0,,2,
9194,用好“双四一” 奋进新征程① | 知兵爱兵，“双四一”从这里走向全军！（黄永文、李梦笑、林宗钰、熊飞）,https://www.douyin.com/video/7250663959479536931,中国战略支援,1.0,0.0,0.0,0,
100,国防部：山东舰编队远海训练提高体系作战能力,https://www.douyin.com/video/7301993614073203995,中国军网,3.0,3.0,,3,
8067,请全网车评人看过来！这是你们没说过的“硬汉款”（作者:奚梓雯、邢雨辰  编辑:黄镇强）#漂移 #油罐车 #联勤,https://www.douyin.com/video/7291500343693675811,联勤集结号,2.0,4.0,4.0,4,
5104,一起来看兵哥的别样春节#这才是过年该有的气氛 #新年快乐,https://www.douyin.com/video/7192626991558823228,中部空军,2.0,4.0,,2,
67,跟联合参谋探寻“参之道谋之法”#强军新征程跑出加速度 #挑战100秒,https://www.douyin.com/video/7308197258917383476,中国军网,4.0,4.0,,4,
10752,女子路边晕倒，武警警官暖心救助（武警兵团总队 李海勃、郑威琛；编辑 吴敬楠）,https://www.douyin.com/video/7205935209890483515,人民武警,,1.0,,1,
10665,巡逻武警奋力救助欲轻生男子（作者：武警广东总队  时羽龙；编辑：别特）,https://www.douyin.com/video/7217059476384304424,人民武警,,1.0,,1,
10793,情暖童心！武警江西总队鹰潭支队开展爱心助学活动（武警江西总队 蒋鹏辉；编辑 丁镛瀚）,https://www.douyin.com/video/7201070672209005883,人民武警,,2.0,,2,
4514,【#天津警备区民兵奋战防汛一线 】连日来，天津部分河道超警戒水位，在中部战区联指中心统一指挥下，天津警备区迅即启动应急响应。截止8月2日，全区累计出动民兵2000余人，连续作战近29小时，协助转移群众近千人。#风雨有我在人民请放心 （张志强、张子阳  编辑：常延凯）,https://www.douyin.com/video/7263236431202635023,中部号角,1.0,1.0,,1,
4628,【新春MV丨《我为你站岗》】岁序更替，华章日新。热闹非凡的西安城敲响了新年的钟声，灯火阑珊的背后是武警陕西总队西安支队官兵默默的坚守！他们与日月星辰为伴，同钢枪哨位为伍，以常备不懈的战斗姿态为祖国守岁，为人民站岗，守护万家灯火！（王少伟 万进宝 刘思勇 杨超凡）,https://www.douyin.com/video/7192876304050572602,中部号角,2.0,0.0,,2,
7390,空天战歌天天唱 | 不怕#空天战歌天天唱,https://www.douyin.com/video/7249524804011838775,人民空军,1.0,0.0,0.0,0,
5403,#荒野求生小技巧 获取#水源,https://www.douyin.com/video/7260803990944861477,西陆强军号,,4.0,,4,
5776,一只踩点，一只放哨，两只雪豹来军营偷鸡,https://www.douyin.com/video/7184629310639082808,西陆强军号,,0.0,,0,
231,你不知道的“海上敢死队” #强军新征程跑出加速度 #挑战100秒,https://www.douyin.com/video/7280322360203382079,中国军网,4.0,2.0,,4,
1901,乘风破浪！直击超燃海上实战化训练！（危乔巧 马宇辰）,https://www.douyin.com/video/7275604177768680758,学习军团,1.0,4.0,,4,
5450,10秒 #负重80斤 #单杠引体向上 #等你来战！(作者：杨兵、任自谦、李浩楠),https://www.douyin.com/video/7253275719613041980,西陆强军号,,4.0,,4,
3477,“卫勤战场”分秒必争！(冯冲浪 黄浩 樊玉双),https://www.douyin.com/video/7301520893732326710,人民前线,1.0,4.0,,4,
10235,这位好班长道出了一线带兵人的心声（武警河南总队 何志浩、闵健锋、王哲；编辑：曾锦旭）,https://www.douyin.com/video/7263083085451906365,人民武警,,0.0,,0,
4680,"秒懂要点⑱丨全面推进乡村振兴
作者：孙亚洲、张裕民、王伟鑫、张晓昆",https://www.douyin.com/video/7275526796450204984,忠诚号,0.0,0.0,,0,
2343,我的班长什么都会，而他…… （左阳、尹堞泓、杨路璐；编辑：郑洋榕）,https://www.douyin.com/video/7267717590535949608,八一青春方阵,2.0,2.0,,2,
5578,#我们是中国青年 #五四青年节,https://www.douyin.com/video/7229270350431866172,西陆强军号,,0.0,,0,
2170,文职人员方队亮相空军工程大学2023年阅兵场 #文职 （牛海文、马晨、许瑞涵、田野；编辑：刘子轩）,https://www.douyin.com/video/7296854434347339062,八一青春方阵,1.0,4.0,,4,
8156,军用防弹头盔，参军入伍即可拥有（作者:戴鹏飞、董立岩、秦元爽   编辑:邢雨辰）#征兵宣传 #征兵广告 #参军入伍,https://www.douyin.com/video/7276408340870090024,联勤集结号,2.0,0.0,0.0,0,
10100,看完热血沸腾！武警内蒙古总队军人运动会震撼来袭（武警内蒙古总队 王爽、张泽鑫；编辑：徐礼跃）,https://www.douyin.com/video/7275333492420988194,人民武警,,0.0,,0,
1968,【重磅微视频丨星辰大海，再出发！】从神舟五号到神舟十五号，从一人一天到多人多天，从舱内实验到出舱活动，中国载人航天不断攻坚克难，创造“飞天”奇迹。奋力追逐星辰大海，“神十六”再启新征程！中国航天人争当新时代中国航天事业的奋斗者、攀登者，向着更深远的太空，勇毅前行。 （制作：曹春耀 宋逸 胡立轩 曹壮）,https://www.douyin.com/video/7238770298701548837,学习军团,0.0,0.0,,0,
7511,主题MG动画 | 第五集 军队是要准备打仗的,https://www.douyin.com/video/7298280397526273319,中国火箭军,1.0,0.0,0.0,0,
8533,联勤小军娃:抬头，向爸爸看齐(作者：徐文泽   编辑:黄镇强)#当兵 #少年强则国强 #气质这一块拿捏死死的 #军娃日常,https://www.douyin.com/video/7209449733427825960,联勤集结号,2.0,0.0,0.0,0,
4499,【#中部战区任务部队持续奋战抗洪一线 】8月7日，中部战区共出动现役及民兵力量15691人，车辆装备1367台，舟艇92艘次，航空器61架次，解救转移受困群众359人，加固堤坝4250米，抢修道路78.76公里，消杀90.9万平米，转运物资1471.5吨。下一步，中部战区联指中心将根据汛情发展，继续派出力量投入抗洪抢险，全力保障人民群众生命财产安全。,https://www.douyin.com/video/7264766134719712546,中部号角,1.0,1.0,,1,
4228,回复 @故里旧事冷茶楼的评论 你看那云间吐出的一朵朵伞花，像不像美丽的蘑菇？,https://www.douyin.com/video/7251789728981339392,南部战区,2.0,2.0,,2,
7229,一片丹心，护战鹰远航 从一个机务“小白”成长为专业技术骨干，到获得全国装备维修职业技能大赛金牌，他用了18年。是什么让他从严寒到酷暑，数十年如一日地坚守在战鹰旁？#我的这一年 #抖音跨年生活节 主题系列短视频本期推出，空军航空兵某团机械技师孙露露筑就天梯护航战鹰的故事。（陈海玉 贾峻铭 张鹏 刘名）,https://www.douyin.com/video/7318663956363644223,人民空军,2.0,0.0,0.0,0,
4501,【#中部战区任务部队持续奋战抗洪一线#】 8月6日，中部战区当日共出动14300余人，车辆装备近1300台（艘、部），稳妥疏解受困群众800余人、医疗救治536人、封堵管涌91处、抢通道路64公里、加固堤坝9395米、装填沙袋49.6万个、运送物资709.7吨、防疫洗消258000平方米、清理淤泥19054立方米，最大限度保护人民群众生命财产安全。下一步，中部战区联指中心将根据汛情发展，继续派出力量投入抗洪抢险，全力保障人民群众生命财产安全。,https://www.douyin.com/video/7264401986517273908,中部号角,1.0,1.0,,1,
1302,习近平出席解放军和武警部队代表团全体会议并发表重要讲话（来源：学习军团）,https://www.douyin.com/video/7208137630746234167,中国军号,1.0,0.0,,0,
9710,你体验过睫毛结冰吗？边防军人的执勤日常。#边防军人 （央视军事）,https://www.douyin.com/video/7193370778346343737,中国战略支援,1.0,2.0,2.0,2,
10853,武警部队网络春晚｜诗朗诵《哨位》,https://www.douyin.com/video/7193301910441446716,人民武警,,0.0,,0,
11003,#空军航空开放活动 空降兵空中突击分队队员走进展示区与观众互动,https://www.douyin.com/video/7260526360924261690,我们的天空,,2.0,,2,
2122,别了，无声的战友（任超林、徐飞翔、徐梓涵、邵存鑫 编辑：郑洋榕） #退伍季,https://www.douyin.com/video/7308548168403160374,八一青春方阵,2.0,4.0,,2,
11513,致敬军恋（曹宇尚）#异地恋 #迷彩青春 #宝贝在干嘛,https://www.douyin.com/video/7247042241397607741,永不消逝的电波,,0.0,,0,
1343,一起围观兵哥的默契挑战！,https://www.douyin.com/video/7198077900187323682,中国军号,1.0,0.0,,0,
10101,武警全媒体走边疆｜火焰山下，有这样一群兵（王燕婷、陈宇、张瑜；武警新疆总队  张明、张桃双、王小杰、段戌文；编辑：徐礼跃）,https://www.douyin.com/video/7274948375592619304,人民武警,,4.0,,4,
8222,放肆地去做自己吧(作者:曹树鼎、颜敬涛、郭建军   编辑:奚梓雯)#年少的你啊 #军事训练 #海训,https://www.douyin.com/video/7259931743782718735,联勤集结号,2.0,4.0,4.0,4,
3104,说好的不哭，可最后再也没忍住……#退伍季  #泪目  #退伍军人  （作者：余显坤、刘宇航、刘安邦  编辑：刘坚）,https://www.douyin.com/video/7273800878115556644,东部战区,2.0,1.0,,2,
10942,【与时代共奋飞｜《铸剑》】守牢南大门，看好祖宗海。人民空军成立74周年之际，推出系列短视频“#与时代共奋飞 ”之《铸剑》，带你感受南部战区空军官兵的担当。,https://www.douyin.com/video/7298634157696093455,我们的天空,,0.0,,0,
2918,墨镜一带，武力全开！ #兵姐姐也可以这么帅  #青年官兵 （张鹏、赵坤）,https://www.douyin.com/video/7189611384315940157,八一青春方阵,2.0,0.0,,2,
11870,快来看看元宵节铸剑师硬核烟花秀吧！（作者：周建航 编辑：张楚）#烟花秀,https://www.douyin.com/video/7196609041932487996,沧海铸剑,,4.0,,4,
5136,震后第一次升旗仪式，新的开始，新的希望 #升旗仪式,https://www.douyin.com/video/7316739191554051337,西陆强军号,1.0,0.0,,0,
9190,考上这所大学 可以用卫星自拍哦！,https://www.douyin.com/video/7251021774194756879,中国战略支援,1.0,0.0,0.0,0,
8062,这就是中国军人！（作者:赵志斌、张雪强、卢晨阳、刘健、杜明帅  编辑:黄镇强） #祖国不会忘记 #奉献 #仪仗队 #天安门升旗,https://www.douyin.com/video/7292220362329230592,联勤集结号,2.0,0.0,0.0,0,
10981,齐天大圣 “收”（周章凡 刘振龙 金海浪）,https://www.douyin.com/video/7266278381988138240,我们的天空,,0.0,,0,
10482,咱们的后勤兵，真不是盖的！（武警西藏总队 吕敏敏、梁雪奇、姚岚、杨杰；编辑：徐礼跃）,https://www.douyin.com/video/7238947378768645433,人民武警,,4.0,,4,
2489,体技能多科目演练 锤炼特战尖兵  #鏖战魔鬼周 #氛围感大片 #青年官兵（汪喜超、涂创 编辑：郑洋榕）,https://www.douyin.com/video/7248979735110290722,八一青春方阵,2.0,4.0,,4,
4288,授枪仪式上，女兵誓言震天响（逄悦 陈泓宇）#女兵帅爆了 #新兵请入列,https://www.douyin.com/video/7217719351388982585,南部战区,1.0,3.0,,3,
9748,军营版短视频《听见》温情上线，听见这一年你我的不平凡，新的一年，祝你万事顺意!（吴昊、杨喆画）#过年,https://www.douyin.com/video/7190717132450057530,中国战略支援,1.0,2.0,2.0,2,
5807,文可提笔安天下，武能上马定乾坤，你的努力，会照亮整个夏天！加油少年，未来可期。(作者：徐梓然  编辑：曹超 于倩)#努力向前 #军考#北陆强军号,https://www.douyin.com/video/7241507464217136418,北陆强军号,,0.0,,0,
3425,我们永远不会忘记 #公祭日,https://www.douyin.com/video/7311977055061544226,人民前线,0.0,0.0,,0,
1266,习近平视察南部战区海军,https://www.douyin.com/video/7221117813371555132,中国军号,1.0,0.0,,0,
6893,【#“顶流”蓉宝登上成都舰啦 】在中国人民解放军建军96周年之际，成都大运会执委会代表登上海军成都舰，将成都大运会开幕式经典表演在成都舰的甲板上精彩再现，全舰官兵在家乡人的陪伴下，庆祝八一建军节。,https://www.douyin.com/video/7262290790871780643,人民海军,1.0,2.0,2.0,2,
4142,新兵老兵面对面（李仙 陈昱廷 王贤哲）,https://www.douyin.com/video/7185076934823382327,人民前线,2.0,0.0,,2,
1284,别划走，等我把马赛克去掉！#马赛克超燃卡点  #特战,https://www.douyin.com/video/7215779619335638312,中国军号,1.0,4.0,,4,
10718,人的双手只有这么大，却载满了希望（武警第一机动总队 于洪博、白日升、方耀东；编辑 李楠）,https://www.douyin.com/video/7209655387820182845,人民武警,,0.0,,0,
79,激扬青春 逐梦海天：欢迎加入舰载机飞行员队伍,https://www.douyin.com/video/7307220028380794166,中国军网,0.0,3.0,,1,征兵类归为1
7076,"#强军十年海军时刻 《#壮丽新航程 》第三集| 这位舰长，他3年经历3艘主力战舰……（剪/冯伟豪 编/王震宇）
4月17日-21日CCTV-7国防军事频道黄金时段（20：03），5集连播！",https://www.douyin.com/video/7223045517939445048,人民海军,1.0,0.0,0.0,0,
9141,关于小编的状态！！！,https://www.douyin.com/video/7257472751156448572,中国战略支援,1.0,0.0,0.0,0,
10692,你们想看的武警小哥哥对视变装来啦！（武警内蒙古总队 王爽、胡泽昊、丁国帅；编辑 吴敬楠）,https://www.douyin.com/video/7213308368255995193,人民武警,,0.0,,0,
10340,营区门口，男子骑车侧翻摔倒，武警官兵紧急救助(武警浙江总队 朱胜、朱书炜；编辑：徐礼跃）,https://www.douyin.com/video/7253012156977794365,人民武警,,1.0,,1,
5447,话不多说 开火！#开火,https://www.douyin.com/video/7253682103315860794,西陆强军号,,4.0,,4,
5001,这就是飒爽女兵的样子，真帅！慕了慕了！#巾帼不让须眉 #女兵帅爆了,https://www.douyin.com/video/7246783771356187938,中部空军,1.0,0.0,0.0,0,
176,我们时刻准备着,https://www.douyin.com/video/7288883023037140279,中国军网,2.0,4.0,,4,军队职责
1553,外出期间遇到老人被砸伤，3名火箭军战士挺身而出（赵艺林）,https://www.douyin.com/video/7257457315383627023,中国军视网,1.0,1.0,,1,
6192,狭路相逢勇者胜，奋力拼搏为打赢，直击西藏军区某旅军事体育运动会现场。（代元伟、李鸿飞、任凌锐）#军事运动会 #奋斗拼搏,https://www.douyin.com/video/7296041751075163419,高原战士,1.0,0.0,,4,
5235,"精彩“篮”不住
“铁拳杯”#篮球联赛火热开赛！",https://www.douyin.com/video/7291971010906049843,西陆强军号,2.0,0.0,,0,
9346,一击即中！这样的实弹射击场面很精彩,https://www.douyin.com/video/7216928155880148284,中国战略支援,1.0,4.0,4.0,4,
535,60年，学习雷锋好榜样！,https://www.douyin.com/video/7206879628915395855,中国军网,0.0,2.0,,2,
2688,一个手势，暖到班长心里！ #军中之母 #青年官兵（刘子杨、王健、张嘉琪、任珊；编辑：郑洋榕）,https://www.douyin.com/video/7222625159889325372,八一青春方阵,2.0,2.0,,2,
1826,特别版“新年快乐”！武警官兵驾驶挖掘机送上硬核祝福,https://www.douyin.com/video/7192173999814626617,中国军视网,2.0,2.0,,2,
7695,东风小编打卡吉林大学！直击火箭军直招军官宣讲会现场，期待广大学子早日加入火箭军队伍，火箭军直招军官等你来！,https://www.douyin.com/video/7219126065065676069,中国火箭军,1.0,0.0,0.0,0,
3463,“和平友谊-2023”多国联合演习实兵演练举行 #和平友谊2023 #军事训练 #演练,https://www.douyin.com/video/7304817460979502374,人民前线,1.0,4.0,,4,
5230,"重大#间谍案破获！
#美在我重点#国防#军工单位安插眼线（来源：央视新闻）",https://www.douyin.com/video/7293063009562316042,西陆强军号,1.0,3.0,,1,
7795,面向军旗，敬上最后一个军礼，致敬，退伍老兵！,https://www.douyin.com/video/7205378497949289787,中国火箭军,1.0,2.0,2.0,2,
4880,向战而行，锻造过硬防空“利箭”！#铁拳 #训练 #安全感 #实战,https://www.douyin.com/video/7304654185516076303,中部空军,1.0,4.0,,4,
10090,授枪即受命，宣誓即出征！（武警第一机动总队 付博、孙琪、林福帅；编辑：徐礼跃）,https://www.douyin.com/video/7276755582617505076,人民武警,,3.0,,3,
7342,全时待战！对于空军地导部队而言，每一秒都是在战斗，距离下一场战斗的倒计时，永远是零秒！#强军之路 #奋斗强军新征程 #人民空军,https://www.douyin.com/video/7262659765392657720,人民空军,1.0,4.0,4.0,4,
8049,太空会师！神舟十七号3名航天员顺利进驻中国空间站#神舟十七号,https://www.douyin.com/video/7294247422308420879,联勤集结号,2.0,0.0,0.0,0,
7303,"6秒破译密码！你手中电子设备设置的密码安全吗？
在军营网络安全宣传周期间，中部战区空军某部举办了网络安全互动展览，官兵走进展厅可以沉浸式体验各种网络安全技术手段、揭秘网络诈骗套路。想知道你设置的电脑密码安全吗？一起来看👇（李攀奇 孟晓雅 欧阳锋 王家奇）",https://www.douyin.com/video/7280104555918953788,人民空军,1.0,0.0,0.0,0,
10201,助力灾后重建，武警官兵在行动！（武警北京总队 张野、何冠呈；编辑：曾锦旭）,https://www.douyin.com/video/7266024838723079482,人民武警,,1.0,,1,
6263,精武强军砺精兵，实战实训谋打赢。（王昊宇、迟浩鹏、尼玛旦增、培布次里）#兵哥哥 #训练,https://www.douyin.com/video/7280455265407864123,高原战士,1.0,4.0,,4,
2734,千万别眨眼，青春与绿军装更配！ #变装秀 #女兵（刘德贵、罗一茗；编辑：姚天宝）,https://www.douyin.com/video/7215559546457099520,八一青春方阵,2.0,0.0,,0,
6290,感受一下满屏压迫感。（王飞、俞海洋）#压迫感 #哪一秒狙中了你的心,https://www.douyin.com/video/7275324156315487525,高原战士,1.0,0.0,,0,
7971,愿所有退伍老兵前程似锦！ （作者：谢宏沛、朱道鸿、张学斌）#老兵退役 #老兵退伍季 #光荣退伍,https://www.douyin.com/video/7307797173851163955,联勤集结号,2.0,2.0,2.0,2,
9008,你真的能分辨游戏和现实吗？ #第一人称视角 #射击（来源：@沧海铸剑  编辑：王奕文）,https://www.douyin.com/video/7266035623184682275,中国战略支援,1.0,4.0,4.0,4,
8397,训练！没有撤退可言！！(作者:兰鹏飞、余佩琦、陆伟、杨浩)#兵哥哥 #训练 #训练场日常 #军营趣事 #联勤,https://www.douyin.com/video/7234293876696026383,联勤集结号,2.0,4.0,4.0,4,
8556,这才是女神该有的样子(作者：张玲、董军民、周舒妤、梅雨瑶、马高峰、孙欣    编辑:黄镇强)#三八女神节 #不被定义的女孩 #三八妇女节 #最美女神 #祝福,https://www.douyin.com/video/7207741806753205544,联勤集结号,2.0,0.0,0.0,0,
10219,防汛救灾特稿 | 原创MV《我是你的兵》，致敬奋战在抗洪抢险一线的武警官兵（作者：孙崇峰、枕月、李博、吴征、牛钟伟、张磊、杨杰、武炎龙、任昱安、苏鹏、王斌、杜江、李世昭、崔阳；编辑：李楠）,https://www.douyin.com/video/7264946558154738980,人民武警,,1.0,,1,
2072,屏幕前的你，快来收下兵哥哥的新年祝福， #再见2023你好2024  （郭泽霖、宋晓峰、陈金木）,https://www.douyin.com/video/7318418039769222400,八一青春方阵,2.0,2.0,,2,
7424,空军中士勇闯火场救出一家三口，后续来了！,https://www.douyin.com/video/7216531616280202551,人民空军,1.0,1.0,1.0,1,
8053,中国最好的刀！“天下第一刀”在三军仪仗队手中（作者:邢雨辰  编辑:黄镇强）#天下第一刀 #仪仗队 #中国军人,https://www.douyin.com/video/7293843174894751016,联勤集结号,2.0,0.0,0.0,0,
11391,退伍前夕，8年退伍老兵在主动要求再站最后一班岗（王任宁 杨雨涵 菅杰伟 叶梓 何一鸣）#退伍不褪色#老兵 #最后一班岗 #迷彩青春,https://www.douyin.com/video/7272932678968560907,永不消逝的电波,,2.0,,2,
7239,"【以前不敢坐过山车，现在却想去蹦极？】入学空军航空大学一年多后，陈柏锟身体和心理都有极大的提升，所以空军飞行学员到底会训练些什么？跟着陈柏锟去揭秘吧！#大国有故事深圳少年行 #空军
（来源：@深圳大件事 ）",https://www.douyin.com/video/7315961831003098379,人民空军,2.0,0.0,0.0,0,
2438,军校学员挑战不倒翁变装  #不倒翁变装 #青年官兵（胡锦标；编辑：刘子轩）,https://www.douyin.com/video/7256352856293395769,八一青春方阵,2.0,0.0,,0,
4539,【#夏日砺精兵  武警官兵锻造反恐铁拳】近日，武警河北总队沧州支队以实战化为背景，检验作战分队高温烈日下遂行反恐任务的实战能力。高燃视频马上奉上，这样的节奏感你满意吗？（赵鹏飞 孙佳兴 苏唱 王少猛）,https://www.douyin.com/video/7256252137447886080,中部号角,2.0,4.0,,4,
7194,诚意满满 ，“渝”众不同！这所军校把录取通知书做成了大礼包……,https://www.douyin.com/video/7270849815146155300,人民陆军,0.0,0.0,0.0,0,
5488,#二等功喜报+#订婚宴！小编属实羡慕了~,https://www.douyin.com/video/7247509248236588349,西陆强军号,,3.0,,3,
8826,"今天是9月13日，星期三，早安。
如果事与愿违，请相信缘分的每一场安排，总有一天会有一束光的出现也会照亮你的春夏秋冬。#战支起床号 （剪辑：张政、刘文莉 编辑：王奕文）",https://www.douyin.com/video/7277514061376490808,中国战略支援,1.0,0.0,0.0,0,
4233,铛铛铛铛~直击海地靶实弹攻击训练#实弹射击,https://www.douyin.com/video/7248553311232625935,南部战区,1.0,4.0,,4,
3838,登舰执行！两栖装甲车上下登陆舰训练开始！（黄勇 沈家炜 石炳寅）#军事训练 #登陆舰 #两栖坦克,https://www.douyin.com/video/7231349780654460193,人民前线,1.0,4.0,,4,
1222,这些曾让我们泪流满面的画面，你还记得吗？#汶川地震15周年,https://www.douyin.com/video/7232094042140495161,中国军号,1.0,1.0,,1,
8333,高考学子们，请收下军营小姐姐这份高考秘籍(作者:付艳华、唐召)#致1291万考生 #高考加油 #高考加油祝考生们旗开得胜 #一起为高考学子加油,https://www.douyin.com/video/7241487529344617784,联勤集结号,2.0,0.0,0.0,0,
7594,端午节的爱国主义情怀网上诗歌朗诵会——《囚歌》,https://www.douyin.com/video/7248056750165789955,中国火箭军,1.0,0.0,0.0,0,
6365,全国征兵，期待你加入我们。（阿卜杜库杜斯·艾拜、陈志豪）#入伍前vs入伍后 #华丽转身拿下青春 #期待你的到来,https://www.douyin.com/video/7263431353834736954,高原战士,1.0,0.0,,1,
7615,一起听听军娃们的心里话,https://www.douyin.com/video/7239663721373502777,中国火箭军,1.0,0.0,0.0,0,
9840,军营美食节，邀你来打卡 （武警湖南总队 曹轩瑞、曾挺；编辑：曾锦旭）,https://www.douyin.com/video/7310190437535567144,人民武警,2.0,4.0,4.0,4,
11834,不是吧！你还不知道什么是 “#战斗警报 ”？ #实战化演练  #中国海军 #军舰 （作者：张楚 汪超 编辑：张楚）,https://www.douyin.com/video/7223694454618606885,沧海铸剑,,4.0,,4,
3611,国防部宣布！#军事训练 #联合训练 #陆军,https://www.douyin.com/video/7272355437746425129,人民前线,1.0,4.0,,4,
2856,一起来看兵哥哥的帅气变装！ #青年官兵  #变装 （朱立、周郑茂）,https://www.douyin.com/video/7198865783278161211,八一青春方阵,2.0,0.0,,0,
2786,【参军记】二次入伍的王子帅今天去征兵体检啦！ #参军记#好男儿就是要当兵 （丁美宁、高旭宇、徐佳伟、孙浩轩）,https://www.douyin.com/video/7208561026793508151,八一青春方阵,2.0,0.0,,0,
2586,【军营一刻】班长总是在我最意想不到的时候出现……  #军营一刻 #军营趣事 #今日分享（罗宇松、戴文轩、曾凡鹏；编辑：刘子轩）,https://www.douyin.com/video/7235657296976645437,八一青春方阵,2.0,0.0,,0,
3184,对空抗击，满屏火力！#对空抗击 #军事训练 #防空 （作者：刘国凯、涂建闽、王雨  编辑：刘坚）,https://www.douyin.com/video/7247796331840884006,东部战区,1.0,4.0,,4,
3659,第71集团军某合成旅 多型火炮连贯打击 检验精确毁伤能力#军事训练 #实弹射击 #炮兵 #火炮,https://www.douyin.com/video/7264171936979209487,人民前线,4.0,4.0,,4,
9902,让青春和梦想在军营尽情绽放（武警河南总队 王国强、韩雨州、陈松年；编辑：曾锦旭）,https://www.douyin.com/video/7301637866961063179,人民武警,1.0,0.0,0.0,0,
7493,驼铃响，踏征程，老兵，一路顺风！,https://www.douyin.com/video/7309410963395005708,中国火箭军,1.0,2.0,2.0,2,
8409,你以为的护士VS现实中的护士（作者：幸超峰、江小萌、高洁）#512国际护士节 #最美医护者 #护士 #最美白衣天使 #致敬一线所有医护和工作人员,https://www.douyin.com/video/7232209304986733884,联勤集结号,2.0,0.0,0.0,0,
7092,【#军装超市 即申即领 购物自带征兵宣传|网友：既然买不到就加入吧】这里有质感一流的服饰，这里有场景多样的搭配，仅限“会员”实名购买……今天，走进驻京单位某被装超市，带你感受“星辰大海”般的“采购”体验！（纪方 刘泉 王祥 林正杰 郑文君）#被装超市 @共青团中央,https://www.douyin.com/video/7220960251745537336,人民海军,1.0,4.0,4.0,4,
1913,让尊崇和优待看得见！榆林市星元医院全心全意打造“有温度”的拥军优属示范医院（刘彤 贾启龙 刘小红）,https://www.douyin.com/video/7268196442106367291,学习军团,1.0,1.0,,1,
10702,武警直招警官最新宣传片：逐梦橄榄绿,https://www.douyin.com/video/7212162029937823037,人民武警,,0.0,,0,
10803,寒风中，武警战士紧急救助摔倒老人（武警重庆总队 黄赟、邹毅、李东；编辑 丁镛瀚）,https://www.douyin.com/video/7199952497178365239,人民武警,,1.0,,1,
7443,空军空降兵某部“最美新时代革命军人”余海龙亮相春晚！（王宝强 张航硕）,https://www.douyin.com/video/7191644235802643771,人民空军,2.0,0.0,0.0,0,
6772,正月十五元宵到，喜气洋洋闹元宵，新疆军区某部官兵在战位，向全国人民送上元宵祝福，一起来听听吧！（肖波、王向阳、田桐灿、何鼎）#正月十五元宵节,https://www.douyin.com/video/7196522824033520899,喀喇昆仑卫士,1.0,2.0,2.0,2,
1185,国防部发布中国军队践行全球安全倡议动画微视频《我在》,https://www.douyin.com/video/7240741685045546299,中国军号,0.0,0.0,,0,
5876,海军官兵军体运动会火热来袭！快来一睹运动健儿的风采~#海军 #军体运动会 #运动会 #运动健儿 #风采展示,https://www.douyin.com/video/7290821908126371109,北海舰队,1.0,0.0,,4,
5939,8月5日上午9:00“心手相连！一场跨越山海的约定”，直播间不见不散#浪花白 #红领巾 #军民共建 #军民鱼水一家亲,https://www.douyin.com/video/7263435190255504675,北海舰队,1.0,0.0,,0,
4128,《你好 新战友》第九期  来和兵姐姐一起做个小游戏吧（陈敏 胡震 闫嘉芮）,https://www.douyin.com/video/7187550781103443237,人民前线,2.0,0.0,,0,
7584,写下入党志愿书的时候，或许你刚满十八，或许你正正茂风华，今天，让我们打开那布满时间的入党志愿书，回想我们自己为什么入党？一起来回顾入党时的初心。,https://www.douyin.com/video/7250704356960455994,中国火箭军,1.0,0.0,0.0,0,
11224,神枪手、金扳手、厨王轮番出击，必须要有硬实力,https://www.douyin.com/video/7252326591974493451,亮剑东南,,4.0,,4,
11051,向榜样学习！聆听他们讲述军功章背后的故事！（朱海涛 汪文平）,https://www.douyin.com/video/7242848488076201216,我们的天空,,2.0,,2,
4741,"我与二十大㉔丨王培军：铆在战位，致力科技创新的电气技师
作为一名军人，必须坚决履行党和人民赋予的使命任务，战区陆军第81集团军某旅一级军士长王培君作为旅队的电气技师，二十年如一日，一心扑在本职岗位上，始终将科技创新作为自己的使命任务，努力为部队科技练兵，提供一项又一项的创新成果，着力提高装备的战技术性能，真正服务于练兵备战。
作者：蔡济阳、张济洋
拍摄：姚明昊、李明钟、果志雄",https://www.douyin.com/video/7254834725284547897,忠诚号,0.0,0.0,,0,
3799,神舟十六号发射升空！#神舟十六号发射 #神舟,https://www.douyin.com/video/7238783189001571644,人民前线,0.0,0.0,,0,
11564,夜阑卧听风吹雨@三剑客  #诗词鉴赏,https://www.douyin.com/video/7230409782048394552,永不消逝的电波,,0.0,,0,
3146,防空兵版《骁》火力全开！#防空兵 #骁 #军事训练 （作者：张昌武、陈涛、贾飞飞  编辑：刘坚）,https://www.douyin.com/video/7261477832730119478,东部战区,1.0,4.0,,4,
142,一发装填，预备……放！,https://www.douyin.com/video/7294619269671734538,中国军网,4.0,4.0,,4,
11176,"致敬幕后英雄——《我们是场站兵》
作者：沈敬尧  屈 澳  马格格
编辑：申明明  孙孝忠",https://www.douyin.com/video/7200001043688656185,80强军号,,2.0,,2,
1600,精度高 威力大！多角度欣赏远火发射的震撼时刻#军事科技,https://www.douyin.com/video/7237273260046470456,中国军视网,1.0,4.0,,4,
9178,紧急响应！特大暴雨袭击重庆万州致严重内涝，消防、武警等驰援一线，安全转移数千人。注意安全，愿平安！（人民日报）,https://www.douyin.com/video/7251944323439168826,中国战略支援,1.0,1.0,1.0,1,
3861,跟随镜头一起来体验兵哥哥的实弹射击！（李仙 王贤哲）#军事训练 #实弹射击,https://www.douyin.com/video/7227073089622936891,人民前线,1.0,4.0,,4,
11696,电波网络春晚【铿锵绽放新时代】#春晚 #永不消逝的电波 #话务女兵 #电波网络春晚,https://www.douyin.com/video/7191723654940609829,永不消逝的电波,,0.0,,0,
8752,“回望飞天路 逐梦新征程”我国首次载人飞行任务成功20周年，少先队员与载人航天面对面主题队日活动在北京举办。（周晓健、林宗钰）,https://www.douyin.com/video/7290528929532660992,中国战略支援,0.0,0.0,0.0,0,
2112,一起来看女兵入伍前后的变化（梁馨媛、李柏安） #青年官兵 #兵姐姐,https://www.douyin.com/video/7310136867930852608,八一青春方阵,2.0,0.0,,2,
6250,纠察系列执勤篇目，来自纠察的凝视。（郑崇玺、郑振兴）#纠察 #军营生活,https://www.douyin.com/video/7283354573970967867,高原战士,1.0,0.0,,0,
11258,七一薪火打卡『二十大知识点』｜①如何理解党的二十大报告提出的“三个务必”？,https://www.douyin.com/video/7196286969507253563,亮剑东南,,0.0,,0,
6616,株株树苗立，星星点点绿。#绿色生活  #312植树节  #捕捉春天的气息  （马银辰、马成锁）,https://www.douyin.com/video/7209590856372751654,高原战士,1.0,0.0,0.0,0,
2778,兵哥哥带你体验沉浸式射击  #实弹射击 #超燃剪辑 （陈昱廷、王贤哲）,https://www.douyin.com/video/7209616990200220963,八一青春方阵,2.0,4.0,,4,
2187,今天，纪念长征的伟大胜利！今天，致敬每一位英勇的战士！每一代人有每一代人的长征，走好眼下的每一步，就是对他们最好的告慰！ #长征胜利纪念日（李嘉诚、杨路璐、刘吕杭；编辑：郑洋榕）,https://www.douyin.com/video/7292376430288080168,八一青春方阵,0.0,2.0,,2,
10144,武警全媒体走边疆 | 在“天边边”当兵的日常，原来是这样的！（作者：杨剑、赵红郡、武警西藏总队 张磊；编辑：徐礼跃）,https://www.douyin.com/video/7270106393905007930,人民武警,,0.0,,0,
1850,起航！海军第43批护航编队起航奔赴亚丁湾,https://www.douyin.com/video/7187314437827874104,中国军视网,1.0,0.0,,1,
4374,“五一”小长假来了，大家一定要注意行车安全！#行车安全,https://www.douyin.com/video/7227029713724689719,南部空军,0.0,0.0,,0,
10785,催泪时刻：你所牵挂的孩子呀，长大啦！（武警西藏总队  张磊、杨杰；编辑  别特）,https://www.douyin.com/video/7202207593538800896,人民武警,,2.0,,2,
225,班长说他爱笑,https://www.douyin.com/video/7281194481569893651,中国军网,2.0,2.0,,2,
5012,军营版挖呀挖呀挖，这样的安全小课堂不要太上头~#军营 #挖呀挖呀挖 #上头,https://www.douyin.com/video/7241223263030889787,中部空军,2.0,0.0,0.0,0,
2093,西藏军区某部组织分队官兵无偿献血，官兵们踊跃报名（马兴科、胡海、许东） #青年官兵,https://www.douyin.com/video/7314645892491939099,八一青春方阵,2.0,0.0,,2,
7904,最治愈的“科目三”！困难只是暂时的，一起给孩子们送去快乐和鼓励！（作者：郭佳兵、孙道冰、郭泽天、张扬晨  编辑:黄镇强 ）#震区小孩 #最暖科目三 #帐篷学校,https://www.douyin.com/video/7316506119642320155,联勤集结号,2.0,2.0,2.0,2,
2188,气场全开！海军变装压迫感拉满  #兵哥哥 #青年官兵 （齐婷婷；编辑：郑洋榕）,https://www.douyin.com/video/7292040955815791912,八一青春方阵,2.0,0.0,,2,
969,聚焦中泰“突击-2023”陆军联训一线！#强军新征程跑出加速度,https://www.douyin.com/video/7268609128904330548,中国军号,1.0,4.0,,4,
3620,架设门桥 舟桥作业 机动装载 第75集团军某旅开展渡河工程保障综合演练#军事训练 #保障 #架桥,https://www.douyin.com/video/7270791373618515263,人民前线,1.0,4.0,,4,
8485,2023年4月8日至10日，东部战区将组织环台岛战备警巡和“联合利剑”演习#祖国统一势不可挡 #时事热点 #军演 #东部战区,https://www.douyin.com/video/7219476019378408744,联勤集结号,2.0,1.0,1.0,1,
10469,武警内蒙古总队基层教练员集训火热开训。（武警内蒙古总队 王爽、张泽鑫；编辑：华巍）,https://www.douyin.com/video/7240443405183044901,人民武警,,4.0,,4,
11014,#抗美援朝战争胜利70周年 丨为了胜利！向我开炮！,https://www.douyin.com/video/7256823734273625396,我们的天空,,1.0,,1,
6149,直击演训场——冬日，某护卫舰支队数艘舰艇紧急出航，奔赴某海域开展实战背景下全要素、跨海区海上训练。(作者：郭兴 古鑫 胡一民 杨俊 / 编辑：姬翔）,https://www.douyin.com/video/7194757202471587127,南海舰队,1.0,4.0,,4,
9836,来看看新战友入冬的第一顿火锅！ (武警湖北总队 杨垒、蒯方浩然、连航；编辑：徐礼跃）,https://www.douyin.com/video/7310555033400020250,人民武警,1.0,4.0,4.0,4,
3843,《小卫说健康》第七期——如何降低熬夜带来的身体危害（李军 刘峰 刘嘉仪）#健康 #卫生员 #熬夜,https://www.douyin.com/video/7230345906640522554,人民前线,0.0,0.0,,0,
8303,加勒万河谷冲突三周年，向边防军人致敬！#中印冲突 #加勒万河谷冲突 #清澈的爱只为中国 #中印边境 #中国军人,https://www.douyin.com/video/7245129294240828724,联勤集结号,2.0,1.0,1.0,1,
666,这是最美的雪景,https://www.douyin.com/video/7312266119128141090,中国军号,2.0,1.0,,2,
1287,专家：美国政客在反华道路上狂飙绝非明智之举。#军事制高点 #国际,https://www.douyin.com/video/7214018831583415607,中国军号,3.0,0.0,,3,
11736,新兵画笔下的军营#画画 #新兵 #手绘 （作者：徐高翔，闵越超，许海琪，王泓渊 编辑：王斌）,https://www.douyin.com/video/7308326942313401637,沧海铸剑,,0.0,,0,
6448,在中国共产党成立102周年之际，西藏军区部队官兵在战位重温入党誓词。（马军、黄安全、杨振坤、罗国霖、陈锦阳、曾云、朱政、杨振宇、姚佳、樊宇、陈黎、查健、蹇茂、杨自掏、曹智、张雪、刘景南、何桃、刘伟波、罗文彬、马成锁、王锦伟、党天宇、梁建、郭宏、游伟、周楚竣）#重温入党誓词 #雪域将士忠于党,https://www.douyin.com/video/7250804191415799097,高原战士,1.0,0.0,,0,
11816,兵哥哥这样拍，真得#泰裤辣 #广角运镜慢动作 （作者：刘思佳 纪广 张佳欣 赵海港 编辑：张楚）,https://www.douyin.com/video/7233343904433671461,沧海铸剑,,0.0,,0,
4512,【#中部战区侦察兵13小时成功转移重伤女孩 】8月3日，在北京房山区杨林水村1名13岁女孩双腿、右臂受伤严重，均已失去知觉，躺卧2天病情逐渐恶化急需转移救治。在中部战区联指中心统一指挥下，中部战区陆军第82集团军某合成旅侦察兵迅速展开救援，经过13小时连续奋战，女孩被成功转移至疏通道路，就近送往医院救治。#风雨有我在人民请放心（付运红、孙辙、刘亮亮、顾俊杰、李国臣  编辑：常延凯）,https://www.douyin.com/video/7263354716166409506,中部号角,1.0,1.0,,1,
11865,一时冲动闯营门，后果自负很严重#门岗 #警卫 （编辑：王斌）,https://www.douyin.com/video/7206251567379516728,沧海铸剑,,4.0,,4,
1641,祝贺他们！又一批舰载战斗机飞行学员完成单飞训练,https://www.douyin.com/video/7226661835544546618,中国军视网,1.0,4.0,,4,
6494,高原战士“花式倒功”训练，太帅了！（沈良、周建文、吴强）#训练日常 #高原战士  #倒功,https://www.douyin.com/video/7243267495426018616,高原战士,1.0,4.0,,4,
7061,【60秒带你感受#裸眼3D版人民海军 ，五大兵种溢出屏幕超震撼】。网友：快来看，战舰飞出屏幕了！（孙晨旭 焦飞宇 陈登科 郝骆鸣 海军融媒体工作室出品）,https://www.douyin.com/video/7223580752959573308,人民海军,1.0,4.0,4.0,4,
4641,【开训即开练！训练场上杀声震天响】冲锋的号角已吹响，战斗的氛围已打造。火箭军东风第一旅训练场杀声震天，刺杀训练里的“挑、刺、防、突”招招制敌，用最好的精气神打响开年第一枪。（陈世锋 潘槿 冯天翔 邹浩 金星宇）,https://www.douyin.com/video/7185433278046932239,中部号角,1.0,4.0,,4,
7763,今天是“三八”国际劳动妇女节，给你一朵花，你想送给谁？,https://www.douyin.com/video/7207975450390351159,中国火箭军,1.0,2.0,2.0,2,
9288,网友：我就不明白了，为什么有些船出国就变大了?,https://www.douyin.com/video/7220974455915400485,中国战略支援,1.0,4.0,4.0,4,
5223,"#成功对接！#太空会师！
#天宫“#全家福”来了！",https://www.douyin.com/video/7294248758836055346,西陆强军号,0.0,0.0,,0,
5232,"#“绳”彩飞扬！
来看看#兵哥哥 的超燃#拔河现场！",https://www.douyin.com/video/7292944302747946250,西陆强军号,2.0,0.0,,2,
11792,我看谁跟我们抢，GGbond是我们海军的！（编辑：贺加）#解救ggbond #ggbond被我抓了 #官方整活,https://www.douyin.com/video/7258198713020058935,沧海铸剑,,0.0,,0,
1773,军营萌“战士”!明天直播走进汪汪战斗队#军犬,https://www.douyin.com/video/7202571143021104424,中国军视网,1.0,4.0,,4,
8582,美中情局称:“中方已命令解放军为2027年前攻台做好准备”#时事热点 #解放军 #联勤#维护祖国统一,https://www.douyin.com/video/7203332875960339746,联勤集结号,3.0,1.0,1.0,1,
2661,这样的滑跪，你学会了么？  #滑跪挑战  #青年官兵（陈威、荆富临、李政达；编辑：刘子轩）,https://www.douyin.com/video/7226260669820095805,八一青春方阵,4.0,2.0,,4,
9821,孩子发烧惊厥，军人与退伍老兵接力奔跑送医 （武警山东总队 杨一鸣、宋杨、王禹；编辑：徐礼跃）,https://www.douyin.com/video/7312429102718373158,人民武警,1.0,1.0,1.0,1,
3226,快战先锋大八轮，行进歼灭精准命中 #军事科技 ##这才是男人的玩具 #视觉震撼 （作者：蒋雨辰、吕雪祥  编辑：冯冲浪）,https://www.douyin.com/video/7233671608391437629,东部战区,4.0,4.0,,4,
7645,新征程是充满光荣和梦想的远征。我们是新时代的革命军人，也是千万强军事业奋斗者中的一员，只为导弹腾飞那一刻，钟一生，忠一生，终一生。,https://www.douyin.com/video/7229864689235152186,中国火箭军,1.0,0.0,0.0,0,
11037,你看党旗飘扬的方向，是我要去胜利的地方！#七一建党节,https://www.douyin.com/video/7250679353296555267,我们的天空,,1.0,,1,
4635,枪就是军人的第二生命，哪怕睡着也要死死抱紧，让我们看一下武警第一机动总队某支队冬季野营拉练时候，班长抢枪时候战友的表现！（李雨峰、钱成、苏敬豪）,https://www.douyin.com/video/7188314856959774007,中部号角,1.0,2.0,,1,
158,我国成功发射遥感三十九号卫星（来源：国防军事早报）,https://www.douyin.com/video/7293325634460273958,中国军网,1.0,0.0,,0,
48,老兵与相守12年的大山告别！②,https://www.douyin.com/video/7311525085913926938,中国军网,2.0,1.0,,1,军人职责
6252,消防演练进军营，携手共筑“防火墙”。（张碧文、张兴龙、向航辉）#消防安全人人有责 #军营消防演练,https://www.douyin.com/video/7282973115720715557,高原战士,1.0,4.0,,4,
3007,军地协同联动，海上救起21人#东海#紧急#救援（作者：罗航、吴超、林婷婷 编辑：李润泽）,https://www.douyin.com/video/7304862998290582803,东部战区,1.0,1.0,,1,
701,国防部：台湾的安全靠几件美制武器是靠不住的,https://www.douyin.com/video/7307167706770443559,中国军号,1.0,1.0,,1,
1358,程大妹：王傅胜哥哥，我们终于有了和你的全家福！,https://www.douyin.com/video/7191341599182327101,中国军号,2.0,2.0,,2,
9238,古筝版《错位时空》 #兵哥兵姐唱军歌（方颖、杜广鑫、陈振华）,https://www.douyin.com/video/7230302862964854073,中国战略支援,1.0,0.0,0.0,0,
2874,西北边陲，界碑见证，新一代戍边人紧握钢枪的那一刻起，他们就肩负使命与荣光！ #致敬边防军人  #青年官兵 （邓博、唐国庆、黄昂、赵晨光）,https://www.douyin.com/video/7196269113394613564,八一青春方阵,2.0,1.0,,1,
6358,8月8日全民健身日，快跟着军营小哥哥、小姐姐，一起来做“军营健康操”。（高莎惠、郭强）#8月8日全民健身日 #军营 #健康操,https://www.douyin.com/video/7264881424820489509,高原战士,1.0,0.0,,0,
412,多角度观看反坦克导弹射击训练，一击命中！,https://www.douyin.com/video/7241882251250650368,中国军网,4.0,4.0,,4,
4294,国防部新闻发言人谭克非就美舰擅闯中国西沙领海发表谈话#权威发布,https://www.douyin.com/video/7213966289361014073,南部战区,3.0,3.0,,3,
2703,兵哥哥充实的一天…… #军营生活 #丝滑转场（胡仁豪、骆春宇、张帅；编辑：郑洋榕）,https://www.douyin.com/video/7220237249420528952,八一青春方阵,2.0,0.0,,0,
3180,他荣立一等功后，整个家乡都沸腾了！#一等功臣 #荣誉 #光荣之家 （作者：李盈  编辑：刘坚）,https://www.douyin.com/video/7249205686494596356,东部战区,1.0,1.0,,1,
7347,首次对外公布！#运油20与舰载机歼15首次空中加油对接 画面公开#强军之路,https://www.douyin.com/video/7262356764274724156,人民空军,1.0,4.0,4.0,4,
5190,兵王符兴泽！服役30年 临近退休向战友真情讲述！,https://www.douyin.com/video/7308213282098269466,西陆强军号,2.0,2.0,,2,
3603,解放军叔叔给学生们的“开学礼物”（朱锦河 敬轩 吴攀攀）#子弟兵 #中国军人 #军人,https://www.douyin.com/video/7273432981937605928,人民前线,2.0,2.0,,2,
831,我们在云端守护天路！#繁华如你守护有我  #你好哨兵  #看军事上军号,https://www.douyin.com/video/7286641125572529423,中国军号,1.0,1.0,,1,
6594,请查收，兵哥哥画个雪山送给你。#大好河山寸土不让  #使命  （次仁顿珠、任志伟、胡森）,https://www.douyin.com/video/7218855406842449186,高原战士,1.0,0.0,,1,
888,来吧，一起逐梦海空！#看军事上军号,https://www.douyin.com/video/7281128140280286524,中国军号,1.0,0.0,,0,
2370,来看看兵哥哥如何打开饮料  #秀一波操作（宋伟坤、赵司友、吴财威；编辑：郑洋榕）,https://www.douyin.com/video/7264380511420747065,八一青春方阵,2.0,0.0,,0,
1940,#看军事上军号 【中国军号，人手一号】中国军号，人手一号。你，下载中国军号了吗？（李小琳 宋一鸣 杨帅 陈强 宋朋非）,https://www.douyin.com/video/7259318855351242043,学习军团,0.0,4.0,,0,
7851,算好人生“七笔账”,https://www.douyin.com/video/7191350592411880763,中国火箭军,1.0,0.0,0.0,0,
5692,全体起立，唱国歌,https://www.douyin.com/video/7206867242150071586,西陆强军号,,0.0,,0,
3910,大家猜猜看这是啥武器（龙黎 吴志翔 程博洋）#实弹射击 #军事训练,https://www.douyin.com/video/7220666993488334117,人民前线,1.0,4.0,,4,
10453,男子缺氧晕倒，休假武警出手相助（武警甘肃总队 刘榕、王涛、刘亚斌；编辑：曾锦旭）,https://www.douyin.com/video/7241919665503587640,人民武警,,1.0,,1,
7301,#如果空军从封神榜里挑一个无人机飞行员  雷震子、哪吒和二郎神，你猜空军无人机飞行员会更希望谁成为他们的战友？在《开讲啦》节目现场，半数观众与空军航空兵某团无人机大队李阳大队长的答案一样：二郎神。你同意他们的观点吗？快来评论区聊一拨~ 网友：好像只有雷震子受伤的世界达成了[笑cry]#小撒搞混了哪吒和红孩儿  #我在空军飞无人机,https://www.douyin.com/video/7282019642061770047,人民空军,1.0,4.0,4.0,4,
9179,#陈延年烈士牺牲96周年 他一生短暂，却如此壮丽，他的名字，我们将永远铭记！   ,https://www.douyin.com/video/7251769188086304040,中国战略支援,1.0,2.0,2.0,2,
3427,愿以吾辈之青春，捍卫盛世之中华！ #军事训练 #青春 #青春的样子 #离别开出花,https://www.douyin.com/video/7311631819294641423,人民前线,2.0,4.0,,4,
4191,战机与落日同框的美景，希望能与你共睹❤#踏着余晖跟日落一同漫步,https://www.douyin.com/video/7273050873494834432,南部战区,2.0,0.0,,0,
1384,追“光”！,https://www.douyin.com/video/7185440051965283645,中国军号,1.0,4.0,,4,
3429,榴弹炮“怒吼”震撼现场 #军事训练 #实弹射击 #榴弹炮 #原声,https://www.douyin.com/video/7310540909626576163,人民前线,1.0,4.0,,4,
5866,加钢淬火！北部战区海军某训练基地新兵强化训练，磨砺血性胆气，锤炼过硬本领#新兵 #新兵训练,https://www.douyin.com/video/7299826664266042662,北海舰队,1.0,4.0,,4,
1297,专家：指认韩国炮击挑衅，朝鲜炮兵进人“火力袭击待机状态”！#军事制高点 #国际,https://www.douyin.com/video/7210341392474705209,中国军号,3.0,0.0,,3,
605,就想找人过两招,https://www.douyin.com/video/7186926562703428916,中国军网,1.0,4.0,,4,
8617,隔着墙都能感受到杀气！兵哥约你练起来！！#眼神杀挑战#兵哥哥#健身#训练#联勤,https://www.douyin.com/video/7200943662396640564,联勤集结号,2.0,0.0,0.0,0,
9907,老人被车撞伤，武警官兵暖心救助（武警山西总队 王胤祥、刘佳宇、韩泽卿；编辑：曾锦旭）,https://www.douyin.com/video/7300924163307425060,人民武警,1.0,1.0,1.0,1,
9619,第一次参加考试的你，会不会很紧张？#军事考核,https://www.douyin.com/video/7198331067634289977,中国战略支援,1.0,0.0,0.0,0,
7766,巾帼竞秀展英姿，向某部“全国三八红旗集体”致敬！#我眼中独一无二的她,https://www.douyin.com/video/7207972997632625981,中国火箭军,1.0,0.0,0.0,0,
8342,李尚福强调，如果有人胆敢把台湾从中国分裂出去，中国军队不会有丝毫迟疑，不畏惧任何对手，不管付出多大代价，都将坚决维护国家主权和领土完整。#香格里拉对话会 #维护国家主权和领土完整 #台海,https://www.douyin.com/video/7240683006325738812,联勤集结号,2.0,1.0,1.0,1,
10231,防汛救灾特稿丨老奶奶被救出后，第一时间想着把水推给武警官兵喝（武警河北总队 赵佳亮、王岩、杨刘；编辑：徐礼跃）,https://www.douyin.com/video/7263449712290794813,人民武警,,1.0,,2,
284,“灌顶攻击”，“攻击-2”无人机有多强！ #强军新征程跑出加速度  #挑战100秒,https://www.douyin.com/video/7265850877284486461,中国军网,4.0,4.0,,4,
623,2023，你被她们圈粉了吗？#你好2024  #谢谢你们2023年的守护 #致敬女兵,https://www.douyin.com/video/7318016425745075508,中国军号,1.0,2.0,,2,
7362,空军装备静态展示区有何看点？军事专家为你划重点#空军航空开放日 #长春航空展 #强军之路,https://www.douyin.com/video/7261051352174906684,人民空军,1.0,4.0,4.0,4,
11563,红色电波万里行，第五站青岛某部#文艺汇演#兵哥哥兵姐姐 #上才艺,https://www.douyin.com/video/7231110983371066680,永不消逝的电波,,0.0,,0,
2611,有一种妈妈，叫军人的妈妈  #母亲节快乐（王海、付枰凯、禹应军、张海博、丁迪、何炯、孙海峰）,https://www.douyin.com/video/7232663082902850875,八一青春方阵,2.0,2.0,,2,
10271,武警退役战士李天龙勇救落水父女（作者：曾锦旭、刘梦源、张方方、郑洋榕；编辑：吴敬楠）,https://www.douyin.com/video/7260473660002061629,人民武警,,1.0,,1,
10242,防汛抗洪特稿：车辆受阻，那就推着前进（武警北京总队 刘驰、程宇杰、余相宜；编辑：徐礼跃）,https://www.douyin.com/video/7262713434742017336,人民武警,,1.0,,1,
4316,高燃现场！武警特战队员反劫持战斗来袭（李杰 杨成军 胡星星）,https://www.douyin.com/video/7204673005379767608,南部战区,1.0,4.0,,4,
11562,论指挥的重要性——决战拔河之巅（熊晨耀）#迷彩青春 #青春无悔军营路 #拔河 #新兵,https://www.douyin.com/video/7231185623191784760,永不消逝的电波,,0.0,,0,
5443,#乘风破浪 的“哥哥”,https://www.douyin.com/video/7254858718804741431,西陆强军号,,4.0,,4,
7261,【#这就叫专业 ！ 看中国空军飞行员如何驱离外机】面对外机海空挑衅，中国空军飞行员专业规范予以处置应对，坚决捍卫国家领空安全！#人民的期望空军的航向 #人民空军成立74周年主题宣传片发布 #,https://www.douyin.com/video/7299726363387383049,人民空军,1.0,1.0,1.0,1,
7936,军人不容易，军嫂更不容易。（编辑：韩咏轩）#军恋 #军嫂 #异地,https://www.douyin.com/video/7312652524522130698,联勤集结号,2.0,0.0,0.0,0,
1282,山河无恙，静待归期！#今天向海空卫士王伟致敬#王伟牺牲22周年,https://www.douyin.com/video/7216683839219862819,中国军号,2.0,2.0,,2,
11687,电波网络春晚【二十大精神展未来】#电波网络春晚  #永不消逝的电波  #电波春晚精彩瞬间  #温暖平安过大年,https://www.douyin.com/video/7192116121774935354,永不消逝的电波,,0.0,,0,
9949,货车自燃，武警官兵英勇救援（武警河北总队 周鹏飞、马向溪、杨刘；编辑：曾锦旭）,https://www.douyin.com/video/7294962448963095843,人民武警,1.0,1.0,1.0,1,
5971,86年了，国耻永不忘！“忘记过去，不但意味着背叛，意味着将来可能还要重复”（视频素材：央视新闻等）#勿忘国耻吾辈自强 #七七事变爆发86周年 #七七事变历史真相,https://www.douyin.com/video/7252995765155417401,北海舰队,1.0,1.0,,1,
11693,电波春晚【嘿！兄弟】#电波网络春晚 #青春有很多样子我的青春有迷彩 #乐队现场 #致敬最可爱的人民子弟兵,https://www.douyin.com/video/7191756881386376505,永不消逝的电波,,0.0,,0,
2500,兵姐姐和军犬的拍拿放挑战  #拍拿放 #兵姐姐（杨森甡、于雷）,https://www.douyin.com/video/7247098628475522359,八一青春方阵,2.0,4.0,,4,
3,新年“大礼包”来了！,https://www.douyin.com/video/7318547728542354751,中国军网,4.0,4.0,,4,
3250,“五一”假期他们在特殊战位坚守 #五一假期 #武警 #执勤 （作者：吕晓博、卢海晓、张树彬、郁帅 编辑：冯冲浪）,https://www.douyin.com/video/7228097435896122685,东部战区,2.0,1.0,,1,
4089,新战友的春节与生日（王景广 艾奇灵 吴汉森）,https://www.douyin.com/video/7192493980016250171,人民前线,2.0,4.0,,2,
8115,弟弟悄悄休假参加姐姐婚礼，姐姐哭成泪人，弟弟暖心提醒姐夫“守护好她！”#军人婚礼 #姐姐结婚 #,https://www.douyin.com/video/7283072249035263284,联勤集结号,2.0,0.0,0.0,0,
4931,新兵入营，父母含泪送别 ，“嘴上满是牵挂，心中满是骄傲”！#新兵 #入伍参军 #当兵,https://www.douyin.com/video/7280177903113915688,中部空军,2.0,2.0,,2,
1175,专家：北约看重韩国具备完整的军工产业链，有能力补齐援乌弹药缺口。#军事制高点  #国际,https://www.douyin.com/video/7242115488933858615,中国军号,3.0,0.0,,0,
6560,辗转千里，奔赴20多个基层部队，演出近40场……西藏军区文工团文艺轻骑队为兵而歌、为战而舞。（李雨松、唐鹏、李春雨、黄世杰、刘顺吉、周鹏、勇旦加措、文雅）#高原战士,https://www.douyin.com/video/7233376889438473476,高原战士,1.0,0.0,0.0,0,
11447,雨夜驰援！闻“汛”而动！争分夺秒！在党和人民需要的时候，挺身而出！（编辑：王奕文）,https://www.douyin.com/video/7262751932094221628,中国战略支援,1.0,1.0,1.0,1,
4359,老兵们，新征程开启了！（作者：张恒锦）#退伍不褪色,https://www.douyin.com/video/7273756632700505403,南部空军,2.0,2.0,,2,
3550,“红色尖刀连”，58周岁生日快乐！（刘德文 冯冲浪 黄浩）#传承 #战斗精神,https://www.douyin.com/video/7283293931318594853,人民前线,1.0,1.0,,1,
10530,新兵们苦练本领的样子，真帅！（武警河南总队 王国强、李盛达、孙永清、袁鹏；编辑：徐礼跃）,https://www.douyin.com/video/7233760420211739963,人民武警,,4.0,,4,
4322,二月二，看子弟兵硬核“龙抬头”！（剪辑：蔡梦华）#二月二龙抬头 #大国重器 #中国军人 #国家队硬核龙抬头,https://www.douyin.com/video/7202451893749173562,南部战区,1.0,0.0,,4,
3837,全军公开招考文职人员面试体检工作陆续展开#文职 #文职考试 #文职招聘,https://www.douyin.com/video/7231729811834637623,人民前线,1.0,0.0,,0,
1437,多彩军营生活！看工程兵如何变废为宝？#军事纪实,https://www.douyin.com/video/7307914935181282560,中国军视网,2.0,0.0,,0,
9498,这些浪漫的航天名字，都是中国制造！,https://www.douyin.com/video/7204293159868828985,中国战略支援,1.0,0.0,0.0,0,
410,视觉盛“焰”，直击防化兵实喷作业！,https://www.douyin.com/video/7242918557833645373,中国军网,4.0,4.0,,4,
9614,直击两栖战车水上突击演练！#两栖战车 #水上演练,https://www.douyin.com/video/7198358017304268087,中国战略支援,1.0,4.0,4.0,4,
533,“婕”说两会②丨朱悦萌想对大家说,https://www.douyin.com/video/7207073681200254208,中国军网,0.0,0.0,,0,
1317,日本或借与东盟建交50周年，加强对东盟国家拉拢力度！#军事制高点 #国际,https://www.douyin.com/video/7204723468393336124,中国军号,3.0,0.0,,3,
8489,老母亲无法前往墓地祭奠儿子，官兵送来一捧特殊的泥土#致敬先烈 #清明节缅怀先烈 #2023清明祭英烈 #缅怀先烈,https://www.douyin.com/video/7218390054002052387,联勤集结号,2.0,2.0,2.0,2,
4722,"兵记者在一线㉑丨苦练打赢本领、锻造制胜精兵 
今天，兵记者带你走近第83集团军某旅空地协同训练场，看他们在习近平强军思想指引下，苦练打赢本领、锻造制胜精兵……
策划： 王冬冬、宋贝贝  作者：苑若罡",https://www.douyin.com/video/7262632932202827045,忠诚号,0.0,0.0,,0,
10893,营区附近发生车祸，武警上演教科书式救援（武警湖南总队 麻荣毅、胡智恒；编辑 吴敬楠）,https://www.douyin.com/video/7189211358280289592,人民武警,,1.0,,1,
9804,灾区天气很冷，孩子们笑容很甜 （记者：闫丽秋、张云涛、朱晓坷、张先云、王乐；编辑：陈绿祥）,https://www.douyin.com/video/7314515996079820070,人民武警,1.0,1.0,1.0,1,
2909,战备，军人过节的专属方式！（田文杰、涂创、黄祖万）,https://www.douyin.com/video/7190991510693793083,八一青春方阵,2.0,2.0,,2,
579,军营特色美食——鱼跃龙门 #军营的味道 （王新桐 崔清达 李宏伟）,https://www.douyin.com/video/7192786755924315392,中国军网,0.0,4.0,,0,
7359,空军八一飞行表演队飞行员刘凯：每一个队员都要做到整齐划一，听令动作，形成一个非常好的表演效果。#空军航空开放日 #长春航空展 #强军之路,https://www.douyin.com/video/7261144625560161595,人民空军,1.0,4.0,4.0,4,
5338,东部战区位台岛周边组织海空联合战备警巡和联合演训#坚决捍卫祖国统一#不惧任何外敌#东部战区位台岛周边联合演训,https://www.douyin.com/video/7268856985875975485,西陆强军号,,1.0,,1,
6053,这样的水兵餐厅，你慕了吗（作者：许文村、高星、孙全园、周泽宇、于湘洋、胡恩铭、党文君，编辑：娄欣辉）#人民海军,https://www.douyin.com/video/7222246673823632640,北海舰队,1.0,4.0,,4,
5706,雪域战鹰，壮志凌云,https://www.douyin.com/video/7202796544939150632,西陆强军号,,4.0,,4,
3867,“你负重向上的样子真帅！”（李仙 王贤哲）#军事训练 #攀绳 #攀绳训练,https://www.douyin.com/video/7226330357480672573,人民前线,1.0,4.0,,4,
3081,九一八，不能忘！不敢忘！不会忘！#勿忘国耻  #勿忘九一八   #铭记历史  （编辑：牟泓）,https://www.douyin.com/video/7279923567725268243,东部战区,0.0,0.0,,0,
8782,"今天是9月22号，农历八月初八，星期五，早安。
感受当下、感受人烟，#不骄不躁，清醒、自知且富足。#战支起床号 （剪辑：周永璇 编辑：王奕文）",https://www.douyin.com/video/7280163743613439293,中国战略支援,1.0,0.0,0.0,0,
4960,洪水不退我们不退，灾情未缓我们不走！#洪水 #军民鱼水情 #致敬人民子弟兵#你永远可以相信人民子弟兵,https://www.douyin.com/video/7265695600073559348,中部空军,1.0,1.0,,1,
11579,春暖花开，“营”你而来（丰广、李琰、李宇繁）#春节  #剪纸 #才艺,https://www.douyin.com/video/7224431800242736443,永不消逝的电波,,0.0,,0,
6055,第一视角围观军营“跑酷”，这场比武真硬核！近日，一场多课目连贯比武考核在北部战区海军某海防工程大队演训场拉开帷幕，全面检验了部队实战化训练质效。（作者：牟建伟 黄玉  彭稳洲 侯宝乐 黄犇超）#人民海军,https://www.douyin.com/video/7221509997862063397,北海舰队,1.0,4.0,,4,
919,守护国旗的老兵第一次正面看升旗是在退伍时……,https://www.douyin.com/video/7275234694440963363,中国军号,1.0,2.0,,2,
8759,热血开训（郭威、李可、杨鹏、刘洋、林宗钰）,https://www.douyin.com/video/7287919590187748623,中国战略支援,1.0,4.0,4.0,4,
3099,战神怒吼，满屏“火力”超震撼！#实弹射击  #练兵备战  #军事训练 （作者：齐永辉、王浩权、谭兆豪  编辑：刘坚）,https://www.douyin.com/video/7275613689351261451,东部战区,1.0,4.0,,4,
829,这一期#军营伙食连续剧 有点好哭……#看军事上军号,https://www.douyin.com/video/7286056131615657275,中国军号,2.0,4.0,,2,
54,祥榕今天22岁了，他一直都在......②,https://www.douyin.com/video/7310424189356346663,中国军网,2.0,2.0,,2,
9815,兵哥小康探营记丨行，安排！看这个有求必应的中队！ （武警海南总队 吴登康、张子豪；编辑：徐礼跃）,https://www.douyin.com/video/7313200871289015561,人民武警,2.0,2.0,2.0,2,
10050,前方高能！直击榴弹发射器实弹射击现场（武警第一机动总队 周静、程文波；编辑：徐礼跃）,https://www.douyin.com/video/7281601177421139235,人民武警,,4.0,,4,
1249,首次曝光！穿越机视角下的两栖攻击舰。#人民海军向前进  #人民海军生日快乐,https://www.douyin.com/video/7224812291894594874,中国军号,1.0,4.0,,4,
7331,军用无人机如何作战？一场体系协同夺控行动，带你看无人机在作战体系中发挥的强劲作用#强军之路 #奋斗强军新征程,https://www.douyin.com/video/7264369549573688631,人民空军,1.0,0.0,0.0,0,
8230,下一期继续介绍“军营神器”，评论区点赞最高的优先考虑！(作者:陶佳鹏、李继强  编辑:黄镇强)#军营神器 #高端大气上档次 #午夜惊魂哨 #军营生活 #官方号整活鼻祖开始燃了,https://www.douyin.com/video/7258198530353794339,联勤集结号,2.0,0.0,0.0,0,
5524,#少年壮志#青春许国 男孩子一定要穿一次军装吧~,https://www.douyin.com/video/7242906026687663397,西陆强军号,,0.0,,0,
3585,台风“海葵”过境 官兵火速驰援！（张渠 魏朝阳 李晨曦）#台风 #人民子弟兵 #抢险救灾 #海葵,https://www.douyin.com/video/7276369876980108578,人民前线,1.0,1.0,,1,
2427,军营版一秒长大运镜挑战！ #一秒长大运镜挑战（李光领、宫正、侯伟；编辑：郑洋榕）,https://www.douyin.com/video/7257707483395820834,八一青春方阵,2.0,0.0,,0,
6667,跨越千山万水奔赴而来，军营的婚礼，别样浪漫！#军婚婚礼 #跨越千山万水来看你  （李正雄、吴财威、任虹润）,https://www.douyin.com/video/7196222466992180539,高原战士,1.0,0.0,0.0,0,
447,极端环境下实弹射击！看完视频，我先暖暖手,https://www.douyin.com/video/7228408906647702836,中国军网,4.0,4.0,,4,
5994,海军2023年度招生宣传片《向洋》震撼发布#海军喊你报考军校了 （来源：人民海军，编辑：娄欣辉）,https://www.douyin.com/video/7243026262552218891,北海舰队,1.0,0.0,,0,
3384,硬核！一开年就“实战” #硬核 #实战 （作者：王硕鑫宇、周春泽、张德升等  编辑：梁瑞国）,https://www.douyin.com/video/7188050857571716409,东部战区,1.0,4.0,,4,
6925,#“科莫多－2023”多国海上联合演习 【中国海军参加文化交流活动】 当地时间6月6日下午5时许，中国海军官兵代表与各国的参演官兵一起登上舞台，进行了具有中国传统特色的醒狮、水兵太极拳、中国功夫、变脸等表演，现场观众掌声不断。（焦飞宇 李楸 李虹明 张曜 张虎志 冯俊崧）,https://www.douyin.com/video/7241585484508597560,人民海军,1.0,4.0,4.0,4,
7543,【老兵，今天你可以哭……】#退伍季# 军营，是勇敢者的青春秀场，一往无前才会收获成长历练；是奋斗者的高等学府，倾尽全力无愧于青春岁月。入伍时懵懂少年，归来时顶天立地 ，他们的誓言响彻云霄：若有战，召必回！,https://www.douyin.com/video/7275232815954808127,中国火箭军,1.0,2.0,2.0,2,
10062,参军入伍，无尚光荣！新战友们，加油！（作者：梁二敏；编辑：曾锦旭）,https://www.douyin.com/video/7279790564332129571,人民武警,,0.0,,0,
11362,太阳月亮肩上走过，身后是我们共同守护的万家灯火！（曹长乐 闫娟 何一鸣）#参军入伍 #新兵 #中国军人,https://www.douyin.com/video/7281202674165484855,永不消逝的电波,,0.0,,0,
7039,【嗑定了，战舰与城市的最佳CP！】战舰是城市的名片，城市是水兵的家园。一艘艘战舰，遇上一座座城市，相同的名字让他们情谊相连……戳视频，一起欣赏MV《战舰与城市》，聆听属于他们的双拥故事。（吴宏博 杨志勇 王震宇 赵成浦 编/池敬爽）#人民海军成立74周年 #壮丽新航程 #强军十年海军时刻,https://www.douyin.com/video/7224360185064639805,人民海军,1.0,0.0,0.0,0,
11379,共赴“一道杠”，一起向“尉”来（李燎原、张筱娴）#军校#考学 #军旅,https://www.douyin.com/video/7273796191026990347,永不消逝的电波,,0.0,,0,
7570,东风小“火”伴，邀你来挑战拍桌变装！,https://www.douyin.com/video/7255983902605479209,中国火箭军,1.0,0.0,0.0,0,
10658,激动吗？当然！看看给你授枪的人是谁（作者：武警天津总队 李灿宇、郭佳一；编辑：岳彩嵩）,https://www.douyin.com/video/7217796908406820130,人民武警,,3.0,,3,
2767,就要踏上逐梦军旅的新征程了，离开家前一晚，在役前教育训练营里，这个不善言辞的孩子用写信的方式向父母诉说了自己的心里话...... #参军记 #好男儿就是要当兵（丁美宁、刘宁）,https://www.douyin.com/video/7211063247561051450,八一青春方阵,2.0,2.0,,2,
9926,军营秋色，一切美好都如期而至（武警河北总队 周琛洧、王泽天、张国宇；编辑：徐礼跃）,https://www.douyin.com/video/7298333182129081600,人民武警,2.0,0.0,0.0,0,
3646,榴弹炮齐射，火力全开！（舒圣亮 李硕源 宋凯奇）#军事训练 #实弹射击 #榴弹炮 #炮兵,https://www.douyin.com/video/7266463783973965111,人民前线,1.0,4.0,,4,
11544,吸烟的危害你真的了解吗？（任浩清）#世界无烟日 #吸烟有害健康,https://www.douyin.com/video/7239160000856214821,永不消逝的电波,,0.0,,0,
5246,"在最爱的军营向最爱的人#求婚 
驻藏某旅政治指导员陈肖送给未婚妻李方艳的#浪漫惊喜！",https://www.douyin.com/video/7289790333892726075,西陆强军号,2.0,2.0,,2,
1060,#你们在安全感就在！今天，一起致敬最可爱的人！,https://www.douyin.com/video/7262162802507386152,中国军号,1.0,2.0,,2,
8967,不可逾越的底线（东部战区）,https://www.douyin.com/video/7268951884394679563,中国战略支援,1.0,1.0,1.0,1,
10241,防汛抗洪特稿：使劲（踩）就行了（武警河北总队 王岩、江腾、赵佳亮、苑晟民；编辑：徐礼跃）,https://www.douyin.com/video/7262713525104135479,人民武警,,1.0,,1,
8562,微雨众卉新，一雷惊蛰始。惊蛰节气养生小妙招来了(作者:周欢    编辑:黄镇强)#惊蛰 #养生#军医 #二十四节气#联勤,https://www.douyin.com/video/7207219872781094178,联勤集结号,2.0,0.0,0.0,0,
7025,【海叔现场预订一枚未来小水兵|舰艇开放日记者在现场】青岛港3号码头海军舰艇开放活动首日，海叔现场预订一枚未来小水兵，猜猜小宝宝正在做啥梦呢？你还记得儿时的梦想吗？（海军融媒体记者 王震宇 孙晨旭 焦飞宇 刘若男 池敬爽 段振军）#人民海军成立74周年,https://www.douyin.com/video/7224810513471900940,人民海军,1.0,2.0,2.0,2,
11177,"元宵节，军嫂为官兵包元宵
作者：王金刚  王冰心
编辑：孙孝忠",https://www.douyin.com/video/7195822406454299961,80强军号,,4.0,,4,
1547,传奇武器限时返场！一起来围观迫击炮的实弹射击现场,https://www.douyin.com/video/7259690145899728168,中国军视网,4.0,4.0,,4,
4536,快来围观，武警版 “拍桌变装”挑战来了！(肖牧奇),https://www.douyin.com/video/7258086208167841039,中部号角,2.0,0.0,,0,
11791,来吧上才艺，没点技能还怎么保护你们！（作者：高子祺 杨乐 徐安然 编辑：贺加）#耍帅的难度越来越高了 #变装 #反转 #八一建军 #踢剑变装,https://www.douyin.com/video/7258445167684865339,沧海铸剑,,0.0,,0,
11809,兵王来啦！他是当之无愧的舰艇“心脏”守护神（作者：张楚  编辑：贺加）#下个路口见倒数日快闪 #下个路口见#致我们终将逝去的青春 #经历千锤百炼别忘了最初的模样,https://www.douyin.com/video/7238883565570772281,沧海铸剑,,0.0,,0,
9025,大灾无情人有情，战略支援部队某部官兵永远在路上（刘颜滔、邵旭恒、王宇航）,https://www.douyin.com/video/7265169543717293327,中国战略支援,1.0,1.0,1.0,1,
9385,核心力量训练，跟着兵哥哥一起练起来！（李志勇、胡增辉、文华）,https://www.douyin.com/video/7214504704716377399,中国战略支援,0.0,4.0,4.0,4,
9743,我们风雪站岗为祖国和人民守岁！#我们风雪站岗,https://www.douyin.com/video/7191148351969054009,中国战略支援,1.0,2.0,2.0,2,
6677,他们以最端正的姿态，完成一次次交接岗！#收假收心  #中国军人  #交接岗 （次旺、郑凯）,https://www.douyin.com/video/7193314022647696695,高原战士,1.0,0.0,1.0,1,
7705,【学习宣传贯彻党的二十大精神主题动漫⑤】中国共产党的使命任务,https://www.douyin.com/video/7217627305164737848,中国火箭军,1.0,0.0,0.0,0,
802,跟着做完肚子小一圈！不管了，先收藏再说！#tabata,https://www.douyin.com/video/7291214413003017507,中国军号,1.0,0.0,,0,
9917,军犬伙食大曝光，看完你羡慕吗（武警湖南总队 桂丙泽、周昳彤；编辑：徐礼跃）,https://www.douyin.com/video/7299417906905976104,人民武警,2.0,4.0,4.0,4,
11247,七一薪火打卡『二十大知识点』｜⑥如何理解未来五年我国发展的主要目标任务？,https://www.douyin.com/video/7212237060424437050,亮剑东南,,0.0,,0,
792,点火，起飞！#神舟十七号,https://www.douyin.com/video/7294123486572858639,中国军号,0.0,0.0,,0,
1578,威力强劲！一起围观炮兵实弹射击考核现场,https://www.douyin.com/video/7245131594833333519,中国军视网,1.0,4.0,,4,
6488,自救互救小课堂之腹部兜式包扎，你学会了吗？（罗嘉豪、李波）#自救互救小课堂  #高原战士,https://www.douyin.com/video/7244387191814622525,高原战士,1.0,4.0,,4,
6942,【#海军戚继光舰结束对越南友好访问#】当地时间25日上午，海军戚继光舰结束对越南友好访问，启程前往泰国。访问期间，出访官兵代表与越南海军官兵进行了专业交流和友谊活动。戚继光舰举行了甲板招待会，组织了3场舰艇开放活动，越南军方、当地市民和华人华侨、中资机构人员登上舰艇参观。（徐中慧 黎明宇 李鑫 庄宇凌 张新宇 张璇蓉 马莹 剪/苏梽煌）,https://www.douyin.com/video/7237104236612439354,人民海军,1.0,1.0,1.0,1,
3379,过年喜提新战车，真威风！#战车 #过年提车 (作者：曹臻浩、郭晓兵、陈思海、朱志强  编辑：梁瑞国),https://www.douyin.com/video/7189821529222417721,东部战区,1.0,4.0,,4,
7870,东风快递员用方言来给大家送祝福啦！听听看，有没有你熟悉的乡音呢？,https://www.douyin.com/video/7190285055556701501,中国火箭军,2.0,2.0,2.0,2,
4511,【#第984医院救治转运危重伤病员 】8月2日，在中部战区联指中心统一指挥下，联勤保障部队第984医院派出医疗小分队，携带急救药品器材、血液制品、野战担架等物资，前往门头沟区王平镇落坡岭社区，救治转运10余名因交通通信不畅而滞留的危重伤病员，随后全部顺利后送到指定医疗机构。#风雨有我在人民请放心 （李迎新、侯显峰、唐莉、陈文、付超  编辑：常延凯）,https://www.douyin.com/video/7263428214872132864,中部号角,1.0,1.0,,1,
9341,原创军营歌曲《防暴分队歌》#嘹亮军歌 今天带大家一起感受战略支援部队某部官兵勇猛无敌、忠诚于党的战斗精神。（ 词：刚子 曲：雕龙 演唱：海洋 视频：郑高泽）,https://www.douyin.com/video/7217386459555269943,中国战略支援,1.0,4.0,4.0,4,
6956,【向战而行|“火蓝”野战文艺轻骑队奔赴一线】4月以来，海军陆战队“火蓝”野战文艺轻骑队奔赴演训一线，为官兵演出。20余天的时间，他们为基层官兵送去了一场场接地气、鼓士气的文化大餐。戳视频，看现场画面~（孙慧生 贾成露 简贵洋 刘宇翔 鄢天恒 许亮 方正 雷福祥 刘俊帆 王世民 贾沛骑 黄承禾 刘可琴 付成林 丛连营 张凯迪 编/高新雨）,https://www.douyin.com/video/7233319438785727802,人民海军,1.0,4.0,4.0,4,
149,神舟十七号载人飞船发射 取得圆满成功,https://www.douyin.com/video/7294108234946809127,中国军网,1.0,0.0,,1,
1985,兵哥哥的“攀比心理”（张嘉方 杨张敏 张鹏辉）#军营生活,https://www.douyin.com/video/7226631521766100281,学习军团,2.0,0.0,,0,
10210,防汛救灾·温暖瞬间丨双向奔赴的“爱”（武警河北总队 杨刘、王文峰、张伟、牛鹏飞、赵新祥；编辑：卢然）,https://www.douyin.com/video/7265295746600029474,人民武警,,2.0,,2,
3468,一年级萌娃在教室里踢正步有模有样。网友：这娃骨子里有军魂 #正步,https://www.douyin.com/video/7303436536056450354,人民前线,0.0,0.0,,0,
5955,#女足世界杯今日开幕 ，快来和海军小哥哥一起为#中国女足 加油助威#中国女足22日出战世界杯 #2023女足世界杯 #变装,https://www.douyin.com/video/7257867935169924392,北海舰队,1.0,0.0,,0,
1092,为什么战旗美如画，英雄的鲜血染红了它。#抗美援朝  #看军事上军号 #八一建军节,https://www.douyin.com/video/7259215577758141752,中国军号,1.0,1.0,,1,
7458,空军迎新春网络“云歌会”，男声独唱《向前飞》来了！,https://www.douyin.com/video/7190725794887372093,人民空军,1.0,0.0,0.0,0,
7106,【观天测海 把脉风云！这是#海军气象兵的故事】有这样一群人，他们是为天号脉的“神算子”，是浩瀚海空的守望者。风霜雨雪是他们亲密的伙伴，精益求精是他们不懈的追求，风雨无阻是他们执着的背影。今天是第63个世界气象日，让我们一起来看海军气象兵的故事。（李琦 刘振 武望江 郭柯逊 陈超 李立刚 编/刘若男）,https://www.douyin.com/video/7213635748459842871,人民海军,1.0,0.0,0.0,0,
10323,炊事员技能培训现场，香味隔着屏幕飘出来了！（武警江苏总队 郁帅、卢海晓、张树彬；编辑：徐礼跃）,https://www.douyin.com/video/7254911269562502457,人民武警,,4.0,,4,
4408,给通信女兵一分钟，能做些什么？ 给通信女兵一分钟，能做些什么？（李璐璐）,https://www.douyin.com/video/7302363361658834228,中部号角,2.0,0.0,,0,
364,“看军事 上军号 军事资讯早知道”之军号可以吹吗?  #下载中国军号独家军情全知道  #中国军号人手一号,https://www.douyin.com/video/7258854293720141116,中国军网,0.0,0.0,,0,
5481,夏季#野外驻训小妙招之日光性皮炎防治,https://www.douyin.com/video/7249194018922450231,西陆强军号,,4.0,,4,
6080,歌声阵阵回荡，情暖高山海岛。（作者：李振  陈运鹏  沈辉  李佳颖  刘建国  奉俊贤  温翼腾  王超  孙浩  闫艺瑾  贾晓鹏  田晨航 / 编辑：姬翔）,https://www.douyin.com/video/7310141447850806537,南海舰队,1.0,0.0,,0,
2351,来了！来了！2023年春季新兵下连了  #新兵下连 #青年官兵（陈国宇、穆万琼、周关伸；编辑：刘子轩）,https://www.douyin.com/video/7266383296488049961,八一青春方阵,2.0,0.0,,0,
6353,一边是小家、一边是祖国。海拔4000多米的西藏军区某部军官徐波，收到来队探望的儿子真情告白，铁血父亲当场泪奔：你终于能理解我们了……（李波、臧文民、李安、黄龙）#边防军人 #家国情怀 #责任担当,https://www.douyin.com/video/7265555157235125541,高原战士,1.0,2.0,,2,
9091,号角催征启新程，奋楫扬帆逐浪行。#新时代军人的模样  #八一建军节  （作者：张萌、崔悦、牟静娴 编辑：王奕文）,https://www.douyin.com/video/7260908897593019706,中国战略支援,1.0,0.0,0.0,0,
10518,营区门口突发交通事故，武警官兵迅速救援！（武警江西总队 毛飞；编辑：徐礼跃）,https://www.douyin.com/video/7234847360503778616,人民武警,,1.0,,1,
1666,多种武器出镜！看维和官兵全昼夜综合实弹演练,https://www.douyin.com/video/7222532883217468730,中国军视网,1.0,4.0,,4,
7216,“在小小的戈壁荒漠挖呀挖呀挖，搭小小的帐篷建小小的家……”来听军营版#挖呀挖呀挖 ，和小陆一起“开挖”（马楠、张自源、程南杰）,https://www.douyin.com/video/7231009525682294077,人民陆军,1.0,4.0,4.0,4,
9331,来自祖国各地的新战友已经进入军营大家庭，下面，大家跟随#军营记者  通过三个问题来了解一下他们入营后的情况。#新兵话题社 （田锦宏、彭泽远、冯飞飞、张卓玺、罗建伟）,https://www.douyin.com/video/7217996294122425660,中国战略支援,1.0,0.0,0.0,0,
10054,热血青春，我选择建功雪域高原（武警西藏总队 吕敏敏、常云宽、罗有顺；编辑：徐礼跃）,https://www.douyin.com/video/7280832845327748392,人民武警,,0.0,,0,
5640,#热点 #清明祭英烈，浩气贯长空。西部军营#缅怀革命先烈！,https://www.douyin.com/video/7218365366706130213,西陆强军号,,2.0,,2,
11652,电波网络春晚【战歌为胜利唱响】#电波网络春晚   #永不消逝的电波   #电波春晚精彩瞬间   #春晚   #网络春晚   #舞蹈  #歌曲,https://www.douyin.com/video/7193252849164324133,永不消逝的电波,,0.0,,0,
4404,【#中国第四批赴阿卜耶伊维和直升机分队启程#】北京时间11月22日下午，中国第四批赴阿卜耶伊维和直升机分队第一梯队，搭乘专机飞赴任务区，执行为期1年的维和任务。（李迎新 王冬冬 王渤然 李刚 赵金攀 赵男 徐君强  编辑：常延凯）,https://www.douyin.com/video/7304563201105022223,中部号角,1.0,1.0,,1,
5330,“七夕鹊桥会”开启浪漫之旅~（作者：李志强 任朝阳 冯金戈）#七夕#鹊桥会#浪漫,https://www.douyin.com/video/7269977943525444920,西陆强军号,,0.0,,0,
3530,国庆节，入党宣誓！（李汉朝 敬轩 吴攀攀）#入党 #宣誓 #国庆节 #红色基因代代传,https://www.douyin.com/video/7287133394897489191,人民前线,1.0,0.0,,0,
6912,"【沙画MV|《英雄核潜艇》】北部战区海军某潜艇基地官兵倾情创作主题沙画MV《英雄核潜艇》,用驭鲸蹈海、奋楫深蓝的强军实践，诠释牢记统帅号令、锻造水下先锋的铮铮誓言。新时代潜艇官兵满弓紧弦、挺进深海，在远海大洋镌刻出一道道新的闪光航迹。（张书义 李泽 任苇 羡崑 王得宇 隋一范 编/高新雨）",https://www.douyin.com/video/7247074048696388899,人民海军,1.0,0.0,0.0,0,
4516,【#涿州 昼夜抢筑堤坝 筑起安全屏障】8月2日晚，在中部战区联指中心统一指挥下，中部战区陆军第82集团军某旅100余名官兵经过连续10多个小时的巡堤筑堤工作，将30余吨的沙石装入尼龙袋，堆彻在堤坝缺口，有效缓解了堤坝的特殊险情，筑起新的安全屏障。#风雨有我在人民请放心 （田磊、张小乐、邓青华、王曙光  编辑：常延凯）,https://www.douyin.com/video/7263095981963611407,中部号角,1.0,1.0,,1,
5748,坚守战位，时刻保持箭在弦上！,https://www.douyin.com/video/7191062482771873024,西陆强军号,,1.0,,1,
7788,#学习宣传贯彻党的二十大精神主题动漫 ①中国再一次从这里出发,https://www.douyin.com/video/7205735596310957373,中国火箭军,1.0,0.0,0.0,0,
1939,#看军事上军号  “看军事，上军号，军事资讯早知道”之什么是军号？,https://www.douyin.com/video/7259556891020381499,学习军团,0.0,0.0,,0,
3862,全军各部队已陆续启用佩戴军人勋表#勋表,https://www.douyin.com/video/7226963523467791673,人民前线,2.0,5.0,,0,
7420,又美又飒！看#空军首批“双学籍”女飞行学员 李瑾的训练日常。,https://www.douyin.com/video/7218851612989590821,人民空军,2.0,4.0,4.0,4,
6696,暖心！春节前夕，边防官兵收到了千里之外#年货 大礼包（黄廷学、陈武斌、郑崇玺、崔运红）,https://www.douyin.com/video/7189431740190985509,高原战士,1.0,2.0,2.0,2,
3181,烎，烎，烎！多型舰艇出击 #舰艇 #练兵备战 #时刻准备 （作者：杨海帆、刘传博  编辑：刘坚）,https://www.douyin.com/video/7248958481380756788,东部战区,1.0,4.0,,4,
89,英雄回家｜无声的礼步,https://www.douyin.com/video/7304524179284495626,中国军网,2.0,2.0,,2,
8286,新婚夜战士勇闯火海#新婚夜给媳妇请个假#救火救人#穿着军装就不能袖手旁观 #战士新婚夜没入洞房入火场,https://www.douyin.com/video/7247358431798021411,联勤集结号,2.0,2.0,2.0,2,
7455,空军迎新春网络“云歌会”，《人民军队永远忠于党》来了！,https://www.douyin.com/video/7190544119020686652,人民空军,1.0,0.0,0.0,0,
10428,世界献血者日：武警官兵无偿献血，献出自己的一份爱（武警山东总队 杨一鸣、张翅荣；编辑：华巍）,https://www.douyin.com/video/7244517602192624955,人民武警,,0.0,,2,
1210,43年前的今天，我国第一枚洲际导弹“东风五号”发射成功，实现了中国洲际导弹从无到有的跨越！#东风五号发射43周年,https://www.douyin.com/video/7234064381250669861,中国军号,1.0,1.0,,1,
8793,战略支援部队招人啦！,https://www.douyin.com/video/7280535163329678648,中国战略支援,1.0,0.0,0.0,0,
6152,一起在山东舰上过大年！（作者：姬翔 刘海洋 马亚刚 凌浩 扈秀帅 曹建强 张焜 刘梦浪 李赵伟 / 编辑：姬翔）,https://www.douyin.com/video/7191663468016061757,南海舰队,1.0,0.0,,0,
1619,高能预警！沉浸式体验TNT的爆炸威力,https://www.douyin.com/video/7232943600269643064,中国军视网,1.0,4.0,,4,
195,我爱我的祖国。,https://www.douyin.com/video/7285356931219328315,中国军网,2.0,1.0,,1,
6854,#和谐使命—2023#【#甲板招待会 劲炫“中国风”#】“和谐使命—2023”任务途中，一场场精彩绝伦的表演打开了上下五千年的历史画卷，将一个古老而现代的中国和一支威武而文明的中国军队，呈现给现场不同国籍、不同肤色、不同语言的朋友。（徐巍 程嘉豪 刘博 桂江波 编/池敬爽）,https://www.douyin.com/video/7277151350373289251,人民海军,1.0,1.0,1.0,1,
1250,快来围观小朋友向海军学旗语！你学会了吗？#人民海军向前进#人民海军生日快乐,https://www.douyin.com/video/7224765246412574013,中国军号,2.0,4.0,,2,
5624,今日#军队文职 职可查分！,https://www.douyin.com/video/7221730311846120739,西陆强军号,,0.0,,0,
11621,"一朝戎装, 一生荣光;一路顺风,归途如虹（王旭凯、周晓彬）#退伍不褪色 #致所有当过兵的战友 #若有战召必回 #青春有很多样子我的青春有迷彩",https://www.douyin.com/video/7206284646039063863,永不消逝的电波,,0.0,,0,
8799,最震撼的“招生广告”！学生军训完乘坐步战车回宿舍！拉风~（人民网）,https://www.douyin.com/video/7280132810487188772,中国战略支援,1.0,0.0,0.0,0,
2612,妈妈，我想对您说……   #母亲节快乐（黄凯俊、郑文凯、许贺彭 编辑：郑洋榕）,https://www.douyin.com/video/7232637600790580538,八一青春方阵,2.0,2.0,,2,
10325,清凉一夏，兵哥哥的户外演唱会燃爆了！（武警上海总队 黄文彬、皮特、王毅明；编辑：徐礼跃）,https://www.douyin.com/video/7254907934939843895,人民武警,,0.0,,0,
1080,我们出生入死，就是为了他们不再打仗。#看军事上军号  #八一建军节,https://www.douyin.com/video/7260305266741185829,中国军号,2.0,0.0,,2,
7401,权威发布 | 直击中俄两军联合空中战略巡航现场（孙立人  郎帅  施丹  于陈泷）#中俄两军联合空中战略巡航,https://www.douyin.com/video/7242158454339554615,人民空军,1.0,4.0,4.0,4,
11685,电波网络春晚原创歌曲【胜利战歌】#电波网络春晚  #永不消逝的电波  #电波春晚精彩瞬间  #温暖平安过大年 #原创作品,https://www.douyin.com/video/7192119260485864741,永不消逝的电波,,0.0,,0,
1506,火力十足！带你感受舰艇对海导弹打击,https://www.douyin.com/video/7270068088127655168,中国军视网,4.0,4.0,,4,
2659,【军营一刻】班长让我在跑步机上等他 #军营一刻 #军营趣事 #今日分享（赵爽、王荷艳、孟庆嘉；编辑：赵爽）,https://www.douyin.com/video/7226739040551324984,八一青春方阵,2.0,0.0,,0,
4162,南部战区位中缅边境我方一侧展开实战化演训活动,https://www.douyin.com/video/7305206171126795572,南部战区,3.0,4.0,,4,
5952,武装正传③｜用武林外传方式打开至尊天团，这安全感爆炸了！(作者:马小尉、王驰、张学斌   编辑:黄镇强)#武林外传  #官方号整活鼻祖开始燃了,https://www.douyin.com/video/7258600927748230435,联勤集结号,2.0,0.0,0.0,0,
8878,退役军人卸衔仪式上，退役士兵们热泪盈眶、眼含不舍。,https://www.douyin.com/video/7274094616863870245,中国战略支援,1.0,3.0,3.0,3,
5079,铿锵玫瑰绚烂绽放，逐梦强军热血青春 #中国女兵巾帼不让须眉 #青春的样子,https://www.douyin.com/video/7207710161408920866,中部空军,2.0,2.0,,2,
9293,外交部：“台独”同台海和平稳定水火不容！,https://www.douyin.com/video/7220608818688838973,中国战略支援,1.0,1.0,1.0,1,
8891,再见，班长（彭江豪）,https://www.douyin.com/video/7273456121170480424,中国战略支援,1.0,2.0,2.0,2,
3448,送战友，踏征程！ #退伍不褪色 #老兵 #西楼儿女 #陌生的朋友你请听我讲,https://www.douyin.com/video/7307441941782760758,人民前线,2.0,2.0,,2,
696,今为老山人 ，永铸老山魂！#退伍不褪色,https://www.douyin.com/video/7307560140700421411,中国军号,1.0,2.0,,2,
2579,来看看狙击手如何“一击毙命” #百步穿杨 #狙击手（李强、周程熙、汪胜全 编辑：郑洋榕）,https://www.douyin.com/video/7236965175125953849,八一青春方阵,2.0,4.0,,4,
9683,见过直播带货，有没有见过直播广告！#直播广告 （熊飞）,https://www.douyin.com/video/7194642770051616037,中国战略支援,1.0,0.0,0.0,0,
11797,又到了练兵备战的黄金期，训练虽健康可是要小心热射病哦!#热射病  #训练安全  #体能训练（作者：李荣营 王梧楠 编辑：王斌）,https://www.douyin.com/video/7252284189951659323,沧海铸剑,,4.0,,4,
1181,独家！中俄联合空中战略巡航高清视频来了,https://www.douyin.com/video/7242155569887399220,中国军号,1.0,0.0,,1,
1502,双发命中！看防空导弹如何精准打击来袭目标,https://www.douyin.com/video/7270435213254085888,中国军视网,4.0,4.0,,4,
5680,喜报！雪域高原的一等功臣加央欧珠！,https://www.douyin.com/video/7211401430790360354,西陆强军号,,2.0,,2,
4803,画说二十大①丨创新科技自立自强（张书宇、徐银玉、王帅、张玉龙）,https://www.douyin.com/video/7228402619142786360,忠诚号,0.0,0.0,,0,
7639,中国共产党人精神谱系——老西藏精神,https://www.douyin.com/video/7231433967243709752,中国火箭军,1.0,0.0,0.0,0,
2729,周末的快乐，不只有手机！ #放下手机多锻炼 #青年官兵（刘璞）,https://www.douyin.com/video/7216533503473618235,八一青春方阵,2.0,0.0,,0,
510,2023年上半年军队直接选拔招录普通高等学校应届毕业生工作全面展开,https://www.douyin.com/video/7212793918230973748,中国军网,1.0,0.0,,1,
4450,【#退伍季#穿上军装的日子】你总说退伍遥遥无期，军旅青春又如此短暂，脱下这身绿军装，再道一声珍重，告别深爱的军营，再敬一个军礼，回忆是青春的港湾。（史硕、李阳）,https://www.douyin.com/video/7275145906737990964,中部号角,2.0,2.0,,2,
7955,坚守在连呼吸都困难的生命禁区，只为守住我国的边疆！ #边防 #高原战士 #边防官兵,https://www.douyin.com/video/7309820256795610406,联勤集结号,2.0,2.0,2.0,2,
6793,“喀喇昆仑卫士”的硬核烟火①，你慕了吗？（罗成、宋铖）#最硬核的春节献礼 #温暖平安过大年,https://www.douyin.com/video/7191005481010236683,喀喇昆仑卫士,1.0,4.0,4.0,4,
6982,#中国海军接你回家 【感动!苏丹华侨看到中国军舰后激动落泪!】#中国海军紧急撤离我在苏丹人员 （孙晨旭 焦飞宇 编/王震宇）,https://www.douyin.com/video/7226620921392532791,人民海军,1.0,1.0,1.0,1,
9951,一燃到底！直击武警士官学校军事体育运动会（武警士官学校 袁润杰、赵世豪、王俊、刘学功；编辑：曾锦旭）,https://www.douyin.com/video/7294621878000373030,人民武警,1.0,0.0,0.0,0,
7647,何谓青春,https://www.douyin.com/video/7229312046297337147,中国火箭军,1.0,0.0,0.0,0,
1078,国防部：“台独”与台海和平水火不容 解放军坚决捍卫国家主权和领土完整,https://www.douyin.com/video/7260450016425184573,中国军号,1.0,1.0,,1,
3981,“特殊的客人”打卡军营，学思悟践行“尖刀精神”（黄浩 张瑞 刘德文）#雷锋 #传承,https://www.douyin.com/video/7209461866186181945,人民前线,2.0,0.0,,2,
3649,新疆军区某红军团组织车载重机枪实弹射击考核#军事训练 #实弹射击 #机枪 #车载机枪,https://www.douyin.com/video/7265687575384362274,人民前线,1.0,4.0,,4,
11567,青春万岁，强军有我（马文龙、曹长乐 、赵统）#五四青年节 #五四精神传承有我,https://www.douyin.com/video/7229174527224335675,永不消逝的电波,,2.0,,2,
10146,七夕丨千里姻缘一线牵，鹊桥搭在军地间！（武警江西总队 李杰、许江成、吴伟、甘乾巍；编辑：徐礼跃）,https://www.douyin.com/video/7270105053850062136,人民武警,,0.0,,0,
4900,快来看看，新战友第一笔津贴打算怎么花#新兵 #成长 #青春 #围观,https://www.douyin.com/video/7295225219780857125,中部空军,2.0,0.0,,0,
2990,猛龙出击！侦察兵夜间丛林渗透 #军旅 #侦察兵 #渗透 （作者：王飞、刘龙 编辑：李润泽）,https://www.douyin.com/video/7311326464526339347,东部战区,1.0,0.0,,0,
9226,母亲节，把爱大声说出来！ #军营小剧场（丰广）,https://www.douyin.com/video/7231725875681594684,中国战略支援,1.0,2.0,2.0,2,
336,红其拉甫边防连每年都有一支党员突击队，徒步登上海拔5283米的雪山腹地。#逐梦强军新征程,https://www.douyin.com/video/7262336655229455656,中国军网,2.0,1.0,,1,
4443,战力拉满！直击火箭军某部军事技术大比武现场。（林泽、薛英杰、宋雨涛）,https://www.douyin.com/video/7277033229348064564,中部号角,1.0,4.0,,4,
3314,三栖特战尖兵—廖华清，真正的勇士！#勇士 #特种兵 #中国军人  （作者：刘坚、刘庆峰、吴志翔  编辑：冯冲浪）,https://www.douyin.com/video/7209647247095532861,东部战区,1.0,2.0,,2,
1827,新年新气象！来和兵哥哥一起跳#大拜年手势舞,https://www.douyin.com/video/7192148653912509735,中国军视网,2.0,2.0,,2,
5188,"守完大家护小家
家人迎接#退伍军人回家",https://www.douyin.com/video/7308650791819152678,西陆强军号,2.0,2.0,,2,
926,用猴哥的BGM，让猴哥无BGM可用#看军事上军号,https://www.douyin.com/video/7272566284909301007,中国军号,1.0,4.0,,4,
7781,转发分享！与火箭军战士一起重温歌曲《学习雷锋好榜样》,https://www.douyin.com/video/7206487642786073916,中国火箭军,1.0,2.0,2.0,2,
6371,8月1日，西藏军区2023年“雪域强军杯”篮球赛冠军争夺赛完美收官，祝贺军区参谋部篮球队勇夺桂冠。（张先增、赵侃 、索朗班丹、徐超、张棋）#雪域强军杯 #篮球赛 #高原战士,https://www.douyin.com/video/7263027260184104253,高原战士,1.0,0.0,,0,
1278,山河无恙！请英雄们再看一次这盛世山河#追思英雄家国永念  #我们不曾忘记,https://www.douyin.com/video/7218364349394455842,中国军号,1.0,2.0,,2,
6570,中国第26批赴刚果（金）维和医疗分队组织全体护理人员重温南丁格尔誓言。（高莎惠、郭强）  #护士节 #高原战士 #维和 #南丁格尔,https://www.douyin.com/video/7232099593859665187,高原战士,1.0,1.0,1.0,1,
5810,近日，北部战区陆军某旅官兵在返营途中遭遇山火，官兵们冲进火场救出七旬老人，当地村民、消防员和警察也相继赶到现场。在大家共同努力下，大火被彻底扑灭。（作者:王金刚 杨五阳 刘胜）#救火英雄 #北陆强军号,https://www.douyin.com/video/7220340824758930728,北陆强军号,,1.0,,1,
10962,用一首歌的时间，来欣赏歌咏大会的精彩瞬间！！我们是空降兵（侯卫刚 尹闻博）,https://www.douyin.com/video/7280435434449014077,我们的天空,,0.0,,0,
2106,今天，是南京大屠杀死难者国家公祭日，铭记历史，吾辈自强！ #第10个国家公祭日,https://www.douyin.com/video/7311912810106096922,八一青春方阵,0.0,1.0,,1,
8786,#硬核海报来袭，穿上军装，手握钢枪，每一张都让人热血沸腾。（作者：杜正隆、华晨凯、韩佳威 编辑：王奕文）,https://www.douyin.com/video/7280893112279485756,中国战略支援,1.0,0.0,0.0,0,
8887,去时懵懂少年，归时顶天立地。戎装虽卸，使命犹在 #高铁站偶遇退伍兵哥,https://www.douyin.com/video/7273668037172071680,中国战略支援,1.0,2.0,2.0,2,
11558,归途有风—通信兵小哥哥带你沉浸式巡线（王敬烽、王冰清、郭阳波）#你好通信兵 #沉浸式体验 #军旅青春终不悔 #迷彩青春,https://www.douyin.com/video/7232252067606318393,永不消逝的电波,,1.0,,1,
3635,“每一次起飞都是战斗起飞，随时准备作战！”#逐梦 #强军,https://www.douyin.com/video/7267916386343734589,人民前线,2.0,4.0,,4,
1419,奋勇拼搏！激烈角逐！这场战术对抗邀请赛不容错过,https://www.douyin.com/video/7311631268683320611,中国军视网,1.0,4.0,,4,
830,黄继光！到！到！到！#繁华如你守护有我  #你好哨兵   #看军事上军号,https://www.douyin.com/video/7286669178415664419,中国军号,2.0,2.0,,2,
2701,兵哥哥的七十二变2.0……   #七十二变怎么样的变 #兵哥哥 #变装（马小尉、陈亮、张学斌；编辑：郑洋榕）,https://www.douyin.com/video/7220611737639259452,八一青春方阵,2.0,0.0,,0,
3353,海军少校荣立一等功，送喜报太有排面了！#军人的荣誉 #一等功 #点赞 （作者：刘生智、刘爽、岳强、余婷  编辑：梁瑞国）,https://www.douyin.com/video/7197706022926994746,东部战区,2.0,1.0,,1,
7399,奋飞新时代的空中铁拳——《为胜利奋飞》重磅发布#为胜利奋飞,https://www.douyin.com/video/7246273993634827576,人民空军,1.0,0.0,0.0,0,
10570,【直播预告】为缅怀英烈、传承精神，5月4日上午10时，我们将开展“青春献强军的好战士——李林雨”纪念直播活动，欢迎大家提前预约准时观看,https://www.douyin.com/video/7228869880718675235,人民武警,,2.0,,2,
760,和蓝朋友梦幻联动啦！ #全国消防宣传月 #看军事上军号 #甩海报应援挑战 @广西消防,https://www.douyin.com/video/7299298946072022272,中国军号,0.0,0.0,,0,
6106,"九月风信，秋高气爽，又到离别季，致敬退伍老兵！#退伍季新征程 
（作者：万松涛 张乾森 张涛 谭俊 / 编辑：杨泽源）",https://www.douyin.com/video/7273801734017781028,南海舰队,2.0,2.0,,2,
6678,“新的一年我们都开开心心的过！”#春节  坚守战位的墨脱边防排长益西达瓦，面对镜头向远方的妻子说出了#心里话  #为了万家灯火坚守   #最可爱的人 （来源：中央电视台）,https://www.douyin.com/video/7192887927574121761,高原战士,1.0,2.0,2.0,2,
11389,愿你有前程可奔赴，亦有岁月可回首（ 张天禹 董东东 ）#军旅 #退伍不褪色 #迷彩青春,https://www.douyin.com/video/7273277186495335721,永不消逝的电波,,0.0,,0,
9962,直击武警多枪种、多姿势实弹射击（武警第一机动总队 杨松、罗涵、程文波；编辑：华巍）,https://www.douyin.com/video/7293142124990565632,人民武警,1.0,4.0,4.0,4,
5521,#兵姐#全自动#极速版过#生日~,https://www.douyin.com/video/7243261924517874981,西陆强军号,,0.0,,0,
3631,第72集团军：多课目连贯考核 检验无人机分队实战能力（张意康 魏朝阳 解浩东）#军事训练 #无人机 #考核,https://www.douyin.com/video/7268844757244202276,人民前线,1.0,4.0,,4,
7247,【歼-20运-20迎风沐雪接“故人”】73年前他们为保家卫国出征；73年后山河无恙，人民空军用大国重器接英雄回家。,https://www.douyin.com/video/7304613676080778533,人民空军,4.0,2.0,2.0,2,
7782,重温雷锋日记 争当雷锋传人③《雷锋日记》1959年10月25日,https://www.douyin.com/video/7206182250486992188,中国火箭军,1.0,2.0,2.0,2,
9129,燃爆了！军车驾驶硝烟弥漫（作者：樊雪东、张大力 编辑：王奕文）,https://www.douyin.com/video/7257924256804228389,中国战略支援,1.0,4.0,4.0,4,
4910,鹰击长空，砺剑苍穹，看飞行员鏖战云端#飞行 #训练 #沉浸式,https://www.douyin.com/video/7290203171182382395,中部空军,1.0,4.0,,4,
8369,中国第十批赴马里维和部队纪念“人民英雄”申亮亮仪式#马里维和 #维和部队,https://www.douyin.com/video/7238447998592683320,联勤集结号,2.0,2.0,2.0,2,
3387,海空雄鹰，训即战！#时刻准备战斗 #战鹰 （作者：马滢蕊、赵宁宁、孙炜捷、莫非   编辑：梁瑞国）,https://www.douyin.com/video/7186978994577837369,东部战区,4.0,4.0,,4,
4878,向战而飞，战鹰星夜出击淬剑忙！#战鹰 #实战 #飞行 #训练,https://www.douyin.com/video/7305772468034227508,中部空军,2.0,4.0,,4,
11062,真实记录，上甘岭战役的坑道斗争有多艰苦（黄振伟 郭豪豪）,https://www.douyin.com/video/7237079467695426877,我们的天空,,2.0,,2,
966,#东部战区  位台岛周边开展夺取制权等训练！#看军事上军号,https://www.douyin.com/video/7268921703231671564,中国军号,1.0,1.0,,1,
9501,直击车载加榴炮实弹演练！,https://www.douyin.com/video/7203630818672086329,中国战略支援,1.0,4.0,4.0,4,
11194,“一道杠”高唱青春战歌，携手奋进新征程,https://www.douyin.com/video/7307967711001201972,亮剑东南,,0.0,,0,
4046,勋表亮相！详细图解来啦#勋表 #军人勋表 #新式勋表,https://www.douyin.com/video/7201107231453089079,人民前线,1.0,5.0,,0,
10330,【原创MV｜《摆渡人》】在腾格里沙漠腹地、九曲黄河之畔，驻守着武警宁夏总队中卫支队执勤二中队，中队官兵日夜守卫着西气东输管道。一首原创MV《摆渡人》，献给他们。（武警宁夏总队 霍昊源、吴楚、肖楷原；编辑：徐礼跃）,https://www.douyin.com/video/7254150978616741181,人民武警,,0.0,,0,
10614,云南玉溪突发森林火灾，武警官兵全力扑救（作者：武警云南总队 李育霈、蒲彦君；编辑：岳彩嵩）,https://www.douyin.com/video/7222580470276508987,人民武警,,1.0,,1,
8779,“第一届航天医学前沿论坛”在北京开幕,https://www.douyin.com/video/7281442835218337080,中国战略支援,1.0,0.0,0.0,0,
4474,【这是一个不一样的#中国医师节 】在第六个医师节来临之际，联勤保障部队第九八三医院野战医疗队坚守战位，到抗洪一线和任务部队驻地开展巡诊和健康宣教活动，并为当地百姓进行义诊，在践行初心使命的同时度过了一个别样的医师节。(郑亚迪、董海亮  编辑：常延凯),https://www.douyin.com/video/7268659013594697000,中部号角,2.0,0.0,,1,
6193,杀声震天，气势如虹。西藏军区青藏兵站部某旅刺杀会操震撼来袭。（张国静、吴警、蔡畅、谢廷）#刺杀操 #震撼来袭,https://www.douyin.com/video/7296052499696323878,高原战士,1.0,4.0,,4,
9465,来自宣讲一线的报道⑦感悟变化，勇担职责向战行 （熊飞）,https://www.douyin.com/video/7206690678284258620,中国战略支援,1.0,0.0,0.0,0,
7196,青春与远方、家国与边关，这份录取通知书情怀满满……,https://www.douyin.com/video/7270719803931757836,人民陆军,0.0,0.0,0.0,0,
4954,全时待战，一起感受地导部队的火力全开！#防空 #致敬 #训练 #实战,https://www.douyin.com/video/7269429387085352207,中部空军,1.0,4.0,,4,
5085,这样的拉歌场面你见过吗？#拉歌 #军营 （作者：李林衡）,https://www.douyin.com/video/7204662239784127801,中部空军,2.0,0.0,,0,
11810,扬帆，起航！我们终会在花瓣飘落的地方相遇（作者：贺加 张楚 姜哲东）#扔花挑战 #爱情公寓 #扔花成画挑战 #帅就完事了,https://www.douyin.com/video/7237410792700726539,沧海铸剑,,0.0,,0,
99,国防部：人民空军向一流铸铁翼、与时代共奋飞,https://www.douyin.com/video/7301999806904339739,中国军网,3.0,3.0,,3,
10828,元宵节，武警官兵护航海口“换花节”（武警海南总队 袁佳荣、何梓华、陈浩杰；编辑 邢帅）,https://www.douyin.com/video/7197019833811111228,人民武警,,0.0,,0,
746,学会这招，安全感瞬间满格！#战场救护 #救治,https://www.douyin.com/video/7300854504289733923,中国军号,1.0,4.0,,4,
4783,"秒懂要点⑤丨习近平新时代中国特色社会主义思想的世界观和方法论
策划：王金生、万   鑫、肖士金
摄影：张日荣、张   璞、北方秀",https://www.douyin.com/video/7237691177502362940,忠诚号,0.0,0.0,,0,
9787,长白山下“肌”情碰撞，健美争霸赛震撼来袭 （武警吉林总队 姜祖伦 朱东 孙伟曾 齐鹏飞；编辑：周迪夷）,https://www.douyin.com/video/7316876261303831849,人民武警,1.0,0.0,0.0,0,
5470,百年大党，信仰如磐！亲爱的党，我想对您说~#中国共产党成立102周年#七一建党节,https://www.douyin.com/video/7250666740927991095,西陆强军号,,1.0,,1,
1348,这个元宵节，陪哨兵一起站岗！#你好哨兵 #元宵节与边防军人同屏站岗,https://www.douyin.com/video/7196690793543830818,中国军号,2.0,1.0,,1,
749,没有“爱”字，却满是爱意……今天，怀念#江姐  ！,https://www.douyin.com/video/7300889478128831778,中国军号,2.0,2.0,,2,
7960,中国军人，时刻准备战斗，誓死保卫祖国 #兵哥哥 #请祖国检阅 #阅兵,https://www.douyin.com/video/7309087220986580275,联勤集结号,2.0,0.0,0.0,0,
7536,看电影、听歌、秋游，还是在加班？每个人的周末打开方式都不同！这群热血男儿，集体选择了一场军事体育运动会。为了胜利，冲吧！,https://www.douyin.com/video/7280461329981345087,中国火箭军,2.0,0.0,0.0,0,
10426,单杠卷身上，4分50秒60个！武警陕西总队战士邓嘉贤挑战单杠卷身上，不服来战！（武警陕西总队 张俊杰、刘光宇、王旭日、屈晨宇；编辑：华巍）,https://www.douyin.com/video/7244875337891466554,人民武警,,4.0,,4,
547,中国俄罗斯南非三国海军举行第二次海上联合演习,https://www.douyin.com/video/7203257094114479419,中国军网,1.0,4.0,,4,
1824,舌尖上的军营！普通食材在炊事员手中秒变“可爱”,https://www.douyin.com/video/7193630335416995130,中国军视网,2.0,4.0,,4,
10691,超然混剪，来自“丛林捕歼战斗”的压迫感！（武警云南总队 罗志成、刘泽林；编辑 吴敬楠）,https://www.douyin.com/video/7213308794980420921,人民武警,,4.0,,4,
10842,点赞！“孔雀蓝”紧急救援，受伤群众成功脱险（武警海南总队 潘宇翔、李哲朋；编辑 吴敬楠）,https://www.douyin.com/video/7194773295642774845,人民武警,,1.0,,1,
7280,赵宝桐：创下“最高战绩”,https://www.douyin.com/video/7298249884543503666,人民空军,2.0,2.0,2.0,2,
9034,风雨同舟！记者跟随战略支援部队某部官兵坚守救灾一线（李明欣、黄永文、王奕文、张文诗）,https://www.douyin.com/video/7264870105027267896,中国战略支援,1.0,1.0,1.0,1,
8161,联勤集结号抖音，“遥遥领先”于同行，优势不是一点点，各方面都“遥遥领先”！（作者:韩咏轩  编辑:黄镇强)#遥遥领先 #遥遥领先官方整活 #mate60 #遥遥领先是什么梗,https://www.douyin.com/video/7275542282659564840,联勤集结号,2.0,0.0,0.0,0,
1508,干净利落！反坦克导弹精准命中目标,https://www.douyin.com/video/7269701062028758287,中国军视网,1.0,4.0,,4,
4825,“乘‘忠诚号’列车、学二十大精神”活动已“发车”，精美海报一睹为快！,https://www.douyin.com/video/7217267449283087676,忠诚号,0.0,0.0,,0,
7614,有芒之种，忙有所得。今天，#芒种# 到来了。风吹麦浪，荷风送香；向晚黄昏垂下，石榴花落；满院夏意清凉，栀子花香......这便是 #芒种# 特有的美,https://www.douyin.com/video/7241479344516861221,中国火箭军,1.0,0.0,0.0,0,
11470,向70年前那场伟大胜利中最可爱的人致敬！#抗美援朝#抗美援朝胜利70周年,https://www.douyin.com/video/7260466762129427727,永不消逝的电波,,1.0,,1,
392,国防部新闻发言人谭克非就美对台军售答记者问（军事报道）,https://www.douyin.com/video/7252523894391786811,中国军网,1.0,1.0,,1,
8123,刚下连的新兵遇上单位的老驾驶员～（作者:王伟、郭建军  编辑:黄镇强)#驾驶员 #汽车兵 #学开车第一天,https://www.douyin.com/video/7281828311267839267,联勤集结号,2.0,0.0,0.0,0,
2597,青春有很多样子，你想成为怎样的自己！ #青年官兵 #无悔青春在军营 （孙长磊、山纪伟）,https://www.douyin.com/video/7234519332871621947,八一青春方阵,2.0,0.0,,0,
3911,传承——服务人民，奏响时代新乐章！#强军 #人民 #服务人民,https://www.douyin.com/video/7220374375869025573,人民前线,2.0,1.0,,1,
10923,完整版视频来了！ 国家主席习近平发表二〇二四年新年贺词 #2024新年贺词,https://www.douyin.com/video/7318787022460701979,我们的天空,,0.0,,0,
10093,破纪录上榜，我荣光！（武警甘肃总队 王乐、付涛声、何腾云、王晨；编辑：徐礼跃）,https://www.douyin.com/video/7276402625447234851,人民武警,,1.0,,1,
3601,回忆，最后一次集体聚餐（黄敏 江刘鑫 蔡临挺）#老兵 #聚餐 #退伍 #退伍不褪色,https://www.douyin.com/video/7273754908061371682,人民前线,2.0,2.0,,2,
7968,早安！今天也是元气满满 （作者：曹曦文、谈新星、陈圆圆、陈曦）#早安 #兵哥哥 #军大衣,https://www.douyin.com/video/7308148324828286217,联勤集结号,2.0,0.0,0.0,0,
11744,铸剑新说法，即将上线尽情期待！#法律  #普法宣传  （作者：姚君 编辑：王斌）,https://www.douyin.com/video/7299774241514261810,沧海铸剑,,0.0,,0,
10226,防汛救灾·温暖瞬间丨看着看着就泪崩了！感人MV《为了谁》（武警河北总队 吴伟光、苗雨、王乐；编辑：徐礼跃）,https://www.douyin.com/video/7263831770842385721,人民武警,,1.0,,1,
3656,第76集团军某合成旅 高原腹地 装甲步兵连战术演练考核#军事训练 #战术 #演练 #高原,https://www.douyin.com/video/7264427229751430460,人民前线,4.0,4.0,,4,
7446,拜年啦！来自空军航空大学“红鹰”飞行表演队队长张立斌的新春祝福请查收~,https://www.douyin.com/video/7190976502584986936,人民空军,1.0,2.0,2.0,2,
1233,你也许不知道的勋表来历，速戳→,https://www.douyin.com/video/7228058814480796986,中国军号,1.0,0.0,,0,
5157,13年前玉树强震中获救的少年长大后当兵，来到了抗震救灾一线,https://www.douyin.com/video/7315291267376745778,西陆强军号,2.0,1.0,,2,
2091,陌生人发链接，不点不点！兵哥哥教你安全使用手机（宁廷焱、刘欣成、刘伟） #安全教育,https://www.douyin.com/video/7315052580982295827,八一青春方阵,0.0,0.0,,0,
2110,老班长，再见！ 光荣在于平淡，艰巨在于漫长。阿里高原的夜空因你们的坚守而璀璨，愿你们今后的生活像格桑花那样，永远向阳盛开！（崔曦、卢通、严晓东、李江、高盎格、邓萍、李诗琦；编辑：张一鸣）#退伍不褪色,https://www.douyin.com/video/7310535783629360410,八一青春方阵,2.0,2.0,,2,
11823,#五四青年节，以节日之名，致青春，致梦想！#为我们有个强大的祖国而骄傲#正青春不负芳华  #中国军人 （作者：张楚）,https://www.douyin.com/video/7229262048134221111,沧海铸剑,,0.0,,0,
5133,落细落小，处处见规矩。 在队列演示和着装规范中严明纪律促养成,https://www.douyin.com/video/7317189923008695578,西陆强军号,2.0,3.0,,3,
11231,第71集团军全体军娃：“六一”快乐！,https://www.douyin.com/video/7239720712875806012,亮剑东南,,0.0,,0,
3398,现场直击！2023年第一班哨 #新年第一哨 #你好2023  (作者：刘金旭、刘志强、李宏伟   编辑：梁瑞国）,https://www.douyin.com/video/7184016762189466938,东部战区,0.0,1.0,,1,
4177,2023年秋季#入伍新兵，开训！ (苏琳富、田甜、梁欢、杨文涛）,https://www.douyin.com/video/7288621961549221154,南部战区,2.0,4.0,,4,
9197,我与党旗合个影，祝福我们伟大的党蒸蒸日上，再创辉煌！（牛萌萌）,https://www.douyin.com/video/7250472759120104744,中国战略支援,1.0,0.0,0.0,0,
10430,冰雹天，哨兵的善举让人温暖（武警河南总队 王彬彬、冯雨；编辑：华巍）,https://www.douyin.com/video/7244147573429112125,人民武警,,1.0,,1,
10681,向“险”而行，直击武警官兵防化救援演练现场！（武警第一机动总队 杨松、周静、刘宇程；编辑 吴敬楠）,https://www.douyin.com/video/7214798702974635304,人民武警,,4.0,,4,
2915,来看看兵姐的创意拜年！ #兵姐姐 #新年祝福 （纪少波、陈世明、李亚娇）,https://www.douyin.com/video/7190004134408473893,八一青春方阵,0.0,2.0,,0,
1869,听！高原女兵的新年愿景！（梅世雄 曹春耀 郑茂琦 吴超）,https://www.douyin.com/video/7318645982114204955,学习军团,2.0,0.0,,0,
1920,连日来，第71集团军某旅开展濒海训练任务。官兵们将海训作为“磨刀石”，勇于接受摔打磨练，在与海浪一次次的较量中不断超越自我、突破极限。（胡立轩 董昊 顾申勇    邱子良）,https://www.douyin.com/video/7265584345321065783,学习军团,1.0,4.0,,4,
8114,新兵:我是不是拿走了班长的安全感？（作者:王伟、郭建军   编辑:黄镇强） #第一次坐车 #军营趣事 #驾驶,https://www.douyin.com/video/7283093165270224128,联勤集结号,2.0,0.0,0.0,0,
7863,战位上的新春祝福#年年岁岁护你平安,https://www.douyin.com/video/7190921492811550013,中国火箭军,1.0,2.0,2.0,2,
2397,台风“杜苏芮”来袭，武警官兵“闻汛而动”！（作者：曾锦旭、武警第二机动总队 王浩亮、吴坤；编辑：华巍）,https://www.douyin.com/video/7261166739457723704,人民武警,1.0,1.0,1.0,1,
11781,老派风格演绎#篝火晚会 ，好吃好看又好玩！#美食趣胃计划  #节目 （作者：郭澳 陈正东 编辑：王斌）,https://www.douyin.com/video/7262660539996736829,沧海铸剑,,4.0,,4,
3505,第72集团军某旅：紧贴实战 锻造火力“铁拳”,https://www.douyin.com/video/7294451985577676072,人民前线,1.0,4.0,,4,
9425,送新兵入伍，老兵伴行，乡亲夹道欢送。网友：排面十足！#新兵入伍,https://www.douyin.com/video/7211422379090660665,中国战略支援,1.0,0.0,0.0,0,
725,战友们，我们回家了！运-20机长告慰志愿军烈士 #看军事上军号#接英雄回家,https://www.douyin.com/video/7304531306057190656,中国军号,2.0,2.0,,2,
7168,【坚守！一起感受水线下的春节年味！】一家不圆万家圆。春节期间，北部战区海军某潜艇支队任务艇奔赴黄海某海域执行水下训练任务，他们在坚守岗位、枕戈待旦地同时，也借训练间隙过上了一个喜气祥和的除夕夜。他们用自己的方式向大家表达着美好的祝愿：兔年吉祥，大展宏“兔”！（茆琳 张利宁 王添 剪辑/程嘉豪）,https://www.douyin.com/video/7191048929843154231,人民海军,1.0,4.0,4.0,4,
8535,联勤保障部队基层代表委员风采#2023全国两会 #时政热点 #中国军人 #国之栋梁,https://www.douyin.com/video/7209204069859134720,联勤集结号,2.0,0.0,0.0,0,
27,国防部新闻发言人吴谦就美对台军售答记者问（军事报道）,https://www.douyin.com/video/7314565189137976626,中国军网,3.0,1.0,,3,指责他国的不正义行径
3997,东部战区陆军“强军家庭”周鹏家庭#强军家庭 #38妇女节,https://www.douyin.com/video/7208170883641363773,人民前线,2.0,2.0,,2,
6934,【谁家少年志擎云，谁以纤指敌万钧|这首《#航母小黄人 》ＭＶ带你去遇见别样的童真】与凤凰同飞，必是俊鸟；与航母相伴，必是精英！歌曲《航母小黄人》锚定“航母小黄人”这一大国海军元素、现代化海军符号，以童心的清纯可爱，重拾童心童真；以童目的清澈，端详人民海军；以童言童语的甘甜和畅快，唱响奋进激情。（编/王震宇）,https://www.douyin.com/video/7239232955585989949,人民海军,1.0,0.0,0.0,0,
9837,兵哥小康探营记丨去看看，连续20年先进的中队！ (武警海南总队 吴登康、张子豪；编辑：徐礼跃）,https://www.douyin.com/video/7310554408524221746,人民武警,1.0,0.0,0.0,0,
7924,人民子弟兵救援现场！你可以永远相信中国军人（编辑：余佳豪）#甘肃地震 #抗震救灾 #解放军救援队驰援甘肃,https://www.douyin.com/video/7314126451635227954,联勤集结号,2.0,1.0,1.0,1,
9960,走进军体运动会，感受武警官兵的热血青春（武警广西总队 梁承杰、汤斌、刘坚；编辑：曾锦旭）,https://www.douyin.com/video/7293468438960377103,人民武警,1.0,0.0,0.0,0,
10780,敢在营区附近砸车！让你知道后果（武警河北总队 范金鑫、  张广伟、梁学峰；编辑  别特）,https://www.douyin.com/video/7202576756765642044,人民武警,,1.0,,1,
1312,在第60个学雷锋纪念日到来之际，让我们共唱《学习雷锋好榜样》，传承雷锋精神！#学习雷锋好榜样,https://www.douyin.com/video/7206258177283837218,中国军号,0.0,4.0,,0,
3980,铁甲的炮火盛宴（马钦祥 潘举 宋潇）#军事训练 #实弹射击 #坦克,https://www.douyin.com/video/7209579988687883577,人民前线,4.0,4.0,,4,
9518,理论60秒 | 中国式现代化是走和平发展道路的现代化。（刘若旋、熊飞）,https://www.douyin.com/video/7202635815443303737,中国战略支援,1.0,0.0,0.0,0,
8802,“学医的，我是学医的！”入伍新兵站台救人（新华社）,https://www.douyin.com/video/7279965955697020217,中国战略支援,1.0,1.0,1.0,1,
10267,人民武警表情包真人挑战，你最喜欢哪一款（武警河北总队 苏唱、范亚康、狄淼森、朱孝玮；编辑：曾锦旭）,https://www.douyin.com/video/7261164416996003133,人民武警,,0.0,,0,
8267,震撼！#一起来看超燃画面,https://www.douyin.com/video/7251036023734455587,中国战略支援,0.0,4.0,4.0,4,
10471,烎！直击武警榴弹射击现场（武警内蒙古总队 王爽、谭凯亮；编辑：华巍）,https://www.douyin.com/video/7240037987868740924,人民武警,,4.0,,4,
164,回想•回响丨“特级英雄”黄继光,https://www.douyin.com/video/7291916604089093426,中国军网,2.0,2.0,,2,
10611,直击迫击炮实弹射击现场（作者：武警第一机动总队 李传龙、丁兆坤、白小强；编辑：岳彩嵩）,https://www.douyin.com/video/7222983446467972410,人民武警,,4.0,,4,
884,妈妈再也不用担心我的屋子乱了！#看军事上军号,https://www.douyin.com/video/7281471425108626751,中国军号,1.0,2.0,,2,
5091,我们之间的#隔空对话 ，我也想成为你,https://www.douyin.com/video/7200957590740700473,中部空军,2.0,0.0,,0,
9984,够热血！这场军体运动会赛出青春力量（武警河南总队 吕建潇、吴保龙；编辑：曾锦旭）,https://www.douyin.com/video/7289763017116372239,人民武警,1.0,0.0,0.0,0,
3610,这一道道伤痕是永不磨灭的勋章！向英雄致敬！#勋章 #战斗 #伤疤,https://www.douyin.com/video/7272666811064241442,人民前线,2.0,2.0,,2,
4155,菲律宾船只故意冲撞我海警舰艇导致发生刮蹭 责任完全,https://www.douyin.com/video/7310776884441206050,南部战区,3.0,0.0,,3,
1119,#拍桌变装挑战 武警特战版手枪拍桌卡点来袭，#等你来挑战 ！,https://www.douyin.com/video/7255133491577261347,中国军号,1.0,2.0,,2,
8174,我要当将军！（作者:杨浩、郑慧洋、张向诚   编辑:黄镇强、韩咏轩）#军营趣事 #新兵,https://www.douyin.com/video/7273070753027804456,联勤集结号,2.0,0.0,0.0,0,
4689,"秒懂要点⑯丨构建高水平社会主义市场经济体制
作者：孙亚洲、张裕民、王伟鑫、张晓昆",https://www.douyin.com/video/7273469518666648869,忠诚号,0.0,0.0,,0,
7470,“雷霆玫瑰”给大家拜年啦！祝大家兔年大吉喜气扬，家和国强生活美~,https://www.douyin.com/video/7189985651633196347,人民空军,1.0,2.0,2.0,2,
6309,军训的小伙伴们，拿好小板凳快来学习。今天是：齐步行进与立定。（罗诗洋、姚宏杨、孔零然）#队列训练 #学习打卡,https://www.douyin.com/video/7272591025468673336,高原战士,1.0,4.0,,4,
6023,谢谢您的爱，让我勇往直前！母亲节来临，海军通信兵花式“报告”送祝福（作者：于子瑶、张一、张怡璠、王淼，编辑：娄欣辉）#母亲节快乐 #母亲节 #海军,https://www.douyin.com/video/7232350962122313018,北海舰队,1.0,2.0,,2,
5689,今天，致敬中国女兵！#三八妇女节,https://www.douyin.com/video/7207967751753698612,西陆强军号,,2.0,,2,
1569,收藏！军医告诉你关于“热射病”的常识,https://www.douyin.com/video/7250040394271001891,中国军视网,0.0,4.0,,0,
3615,第72集团军某旅：战场保障力量全要素连贯考核#军事训练 #保障 #防化,https://www.douyin.com/video/7271619431124487460,人民前线,1.0,4.0,,4,
9880,红军传人对话高原卫士（作者：师锐、尹堞泓、李贺真；编辑：徐礼跃）,https://www.douyin.com/video/7304972726358330634,人民武警,1.0,0.0,0.0,0,
743,饿了？别着急，这还不是分分钟的事？#军营伙食连续剧,https://www.douyin.com/video/7302020434248256795,中国军号,1.0,4.0,,4,
8941,爱眼小妙招 | 熨眼法。双手手心对搓10秒钟，搓热后放在双眼上10秒钟，连续重复三次即可。#健康小贴士,https://www.douyin.com/video/7270408790099463463,中国战略支援,1.0,0.0,0.0,0,
4861,雪天出行安全小贴士#雪 #出行 #安全,https://www.douyin.com/video/7314324227740536116,中部空军,0.0,0.0,,0,
7017,【走进英雄救捞中队 | 2023年人民海军成立纪念日“第三季·我和我的战位④”】“共产党员下头水，关键时刻以命换命”，是镌刻在北部战区海军某防救支队机动救捞中队官兵血脉里的基因印记，也是激励官兵舍生忘死的精神密码。一代代官兵把祖国和人民利益举过头顶，“敢下头水、敢战极限、敢于牺牲”，用青春和热血谱写出了无愧于时代的绚丽篇章。海军节，一起来听听他们的祝福。（肖勇利 代卜丹 韩炫豪 刘志超 编/池敬爽）,https://www.douyin.com/video/7224951747775614266,人民海军,1.0,1.0,1.0,1,
10173,【武警全媒体走边疆 | 扎根唐古拉山，官兵有情有爱！】身处唐古拉山腹地，时常会遇到像小地震这样的突发情况，习以为常，沉着应对，官兵们早已练就了规避此类风险的本领。（作者：杨剑、别特、赵红郡；武警西藏总队 张磊、王刚；编辑：卢然）,https://www.douyin.com/video/7267912374693252367,人民武警,,0.0,,0,
1417,看点十足！一起围观这场射击挑战赛,https://www.douyin.com/video/7312760343397141760,中国军视网,0.0,4.0,,4,
11180,"春节回忆录丨军人家庭相聚多不易？军属告诉你
作者：沈敬尧  时 帅  梁 康  编辑：申明明  孙孝忠",https://www.douyin.com/video/7193521651856805181,80强军号,,2.0,,2,
8301,新任国防部新闻发言人张晓刚亮相！中国人民解放军陆军将赴蒙参加演习！#军事新闻 #国防部发言人 #中蒙演习 #国防部发言人张晓刚亮相 #中国外交官,https://www.douyin.com/video/7245197510371757352,联勤集结号,2.0,4.0,4.0,4,
5006,为战而歌鼓斗志 逐梦强军颂青春#文艺 #青春 #战歌,https://www.douyin.com/video/7244203653169450299,中部空军,2.0,4.0,0.0,2,
7365,【成都雄起！#空军运油20飞行员为成都大运会健儿加油#】成都大运会开幕在即，作为四川籍飞行员的华海宇，为家乡能够举办这样的世界级盛会，感到非常骄傲和自豪。在战训任务中，运油-20飞机为战机加油。今天，他在空军航空开放活动现场为成都大运会健儿加油，祝愿青年健儿们奋斗青春，成就梦想，取得优异成绩！祝成都大运会取得圆满成功。成都雄起！#成都大运会 #空军航空开放日,https://www.douyin.com/video/7260772162196213048,人民空军,1.0,0.0,0.0,0,
7747,重温雷锋日记 争当雷锋传人⒁《雷锋日记》1961年3月3日,https://www.douyin.com/video/7209958905877663013,中国火箭军,1.0,2.0,2.0,2,
418,多角度感受步兵的怒火,https://www.douyin.com/video/7239167667351883068,中国军网,4.0,4.0,,4,
10775,收获满满！小学生进军营接受国防教育（武警江西总队 涂浩、张绍兵；编辑  别特）,https://www.douyin.com/video/7203700525882297657,人民武警,,0.0,,0,
490,直击高原战士雪地刺杀训练，压迫感十足,https://www.douyin.com/video/7216937241204067599,中国军网,4.0,4.0,,4,
1399,全是高手的硬核对决！带你直击通信兵比武竞赛现场（杜浩泽 郭玉伟 吴志同 ）,https://www.douyin.com/video/7316498163353783579,中国军视网,1.0,0.0,,4,
6883,《逐梦》推广曲《约定》发布！,https://www.douyin.com/video/7262677648344730920,人民海军,1.0,0.0,0.0,0,
6478,高原战士教你如何提高单杠成绩，你学会了吗？（李鸿飞、 华顺富、李波）#单杠  #教学  #高原战士,https://www.douyin.com/video/7246321082762841405,高原战士,1.0,4.0,,4,
8962,“台独”是历史逆流，是绝路。祖国必须统一，也必然统一。#台湾当归,https://www.douyin.com/video/7269196015272578338,中国战略支援,1.0,1.0,1.0,1,
4788,"军营达人秀②丨原创MV《我们一路前行》
北疆的大漠有“大漠孤烟直，长河落日圆”的诗情画意，更有一路高歌一路缔造理想的炙热初心。战区陆军第81集团军某旅排长王笑天原创作品《我们一路前行》，用音符和旋律讲述了新时代“蓝军旅”的漫漫奋斗路。
作者：杨兴旺、王笑天、平  原、拉  姆、仇江龙、宋铖志",https://www.douyin.com/video/7235475148059544887,忠诚号,2.0,0.0,,0,
10270,音乐中的家国情怀，刘子旗《士兵与家国》传承抗美援朝精神，厚植爱国主义情怀！,https://www.douyin.com/video/7260815084811832635,人民武警,,2.0,,2,
8273,炊事员:奇怪？消毒柜的碗怎么越变越少了(作者: 林杨武、李强  编辑:黄镇强)#炊事班 #理发店的故事 #扣碗理发 #军营趣事 #部队生活,https://www.douyin.com/video/7250046646086618405,联勤集结号,2.0,0.0,0.0,0,
6732,军娃夏令营，给孩子们一个不一样的暑假！（王天阳、胡彦龙、王春雨、腾成）#夏令营的正确打开方式,https://www.douyin.com/video/7259267050688826680,喀喇昆仑卫士,1.0,2.0,2.0,2,
7828,元宵佳节，战位有我,https://www.douyin.com/video/7196552766964157754,中国火箭军,1.0,0.0,0.0,0,
6002,当军校共建签约仪式遇上军营开放日，“红领巾”们直呼太棒啦！（作者：王君元、黄逸骉、梁瑞峰、胡亮、孙尹周，编辑：娄欣辉）#军地共建 #军地 #军营开放日,https://www.douyin.com/video/7240052615017483575,北海舰队,1.0,2.0,,2,
9847,利剑出鞘！直击武警官兵山林地捕歼实战演练 （武警西藏总队 吕敏敏、杨杰、牛大非、杨洋；编辑：曾锦旭）,https://www.douyin.com/video/7309451239136316712,人民武警,1.0,4.0,4.0,4,
1392,专家：美军担心被中俄五代机，超越妄图利用 AI 技术模拟歼-20进行对战。#军事制高点 #国际,https://www.douyin.com/video/7183596442244664631,中国军号,3.0,0.0,,0,
1229,12秒后，正片开始！#七十二变怎么样的变,https://www.douyin.com/video/7229881046970469690,中国军号,2.0,0.0,,0,
7514,新兵连那些事儿③|愿你天天都有好心情,https://www.douyin.com/video/7296682344767950134,中国火箭军,1.0,0.0,0.0,0,
7152,【绝！#兵哥哥完美复刻宫廷糕点荷花酥，火热军营“甜”味儿满满】当鸡蛋、面粉、椰蓉遇到炊事班长，会擦出怎样的火花？宫廷糕点又能给春节战备执勤的官兵带来怎样的美食体验？这份专属于后勤人员的“高光”时刻，每一帧都很到“胃”。（孙韶熙 王义勇 许兴瑞 郭洪刚 刘文珵 编辑/高新雨）,https://www.douyin.com/video/7192110207357488444,人民海军,1.0,4.0,4.0,4,
2759,第一视角带你体验手雷实投！ #沉浸式体验  #第一视角拍摄（孙翔、张勋、姜瑞、许国锋、游寓、陈龙）,https://www.douyin.com/video/7212119116113513787,八一青春方阵,2.0,4.0,,4,
2655,对于军人来说，时刻不忘战备、甘于坚守奉献、捍卫国家安全、护佑人民幸福，就是最好的劳动成果  #节日我在岗 #五一劳动节快乐#致敬中国军人,https://www.douyin.com/video/7227053041466281277,八一青春方阵,2.0,4.0,,1,
6155,喜迎新春，年味更浓，南部战区海军某舰载直升机部队组织官兵“装扮”军营，增添节日气氛，迎接兔年到来。（作者：侯捷 神宇 黄厚人 常永健 / 编辑：姬翔）,https://www.douyin.com/video/7190900348733623613,南海舰队,1.0,0.0,,0,
5490,"西部战区陆军某旅玉树独立骑兵连救助#国家二级保护动物！#隼
（作者：闫子恒 姜勇 徐欢）",https://www.douyin.com/video/7247418889330576701,西陆强军号,,0.0,,0,
8368,神舟十六号乘组首次集体亮相#神舟十六号 #中国载人航天,https://www.douyin.com/video/7238478997619756349,联勤集结号,2.0,0.0,0.0,0,
3414,“大号窜天猴燃放全流程” #军事训练 #实弹射击 #窜天猴 #导弹,https://www.douyin.com/video/7313752837723507994,人民前线,4.0,4.0,,4,
736,起飞！接英雄回家！#志愿军烈士遗骸回国,https://www.douyin.com/video/7303805417124105472,中国军号,2.0,2.0,,2,
2136,第一视角感受新兵投掷手榴弹（杨兴凯、翟健） #青年官兵,https://www.douyin.com/video/7304979256411540762,八一青春方阵,2.0,4.0,,4,
9575,当火力全开遇上#阳光开朗大男孩 。,https://www.douyin.com/video/7199923450041945381,中国战略支援,1.0,4.0,4.0,4,
6562,山河壮阔，我来守护。看高原战士帅气变装！（余海洋 王天俊 ）#变装 #带你杀出重围 #杀出重围 #高原战士 #雪山,https://www.douyin.com/video/7233271343322565940,高原战士,1.0,0.0,0.0,0,
368,空军出动运-20飞机运送新录取飞行学员报到（来源：军事报道 编辑：刘福生）,https://www.douyin.com/video/7257868623849508133,中国军网,2.0,0.0,,0,
1916,靓丽女兵奋战筑堤一线（樊斌 汪飞 张轩玮 杨兴灿）#抗洪救灾 #中国军人,https://www.douyin.com/video/7266366186139569445,学习军团,1.0,1.0,,1,
1565,强势输出！这就是火力覆盖的声音,https://www.douyin.com/video/7251526262211054863,中国军视网,1.0,4.0,,4,
4537,你我青春年少，何惧山水迢迢！来看#军营版年少的你啊 。（薛奔、周靖超）,https://www.douyin.com/video/7256983693602966824,中部号角,2.0,0.0,,0,
2795,把军功章藏在鲜花里，武警战士在妇女节给妈妈的惊喜！#我眼中独一无二的她 #女神节快乐  （李东、黄赟、张永清）,https://www.douyin.com/video/7207986295304408357,八一青春方阵,2.0,2.0,,2,
4966,时刻待命，随时准备去打仗！#时刻准备着 #备战 #胜利就在眼前 #逐梦,https://www.douyin.com/video/7263107343783595298,中部空军,2.0,4.0,,4,
10282,勋表，行走的“荣誉墙”（武警西藏总队 杨彬、陈兆峰、张启、杨氽；编辑：徐礼跃）,https://www.douyin.com/video/7259361276948761913,人民武警,,0.0,,0,
10441,#2023高考季 考生路遇车祸受伤，武警官兵紧急护送医院救治（作者：曾锦旭、武警重庆总队 文韬、曹洋、李易聪；编辑: 李楠）,https://www.douyin.com/video/7243022497157860647,人民武警,,1.0,,1,
8522,直招军官！3500个岗位招录毕业生！请转扩#直招军官 #参军入伍 #军官,https://www.douyin.com/video/7211501846119206196,联勤集结号,2.0,0.0,0.0,0,
680,先睹为快！兵棋推演大赛总决赛独家先导片来了！#兵棋推演,https://www.douyin.com/video/7309816763665927478,中国军号,0.0,0.0,,0,
4256,在最青春的年纪选择保家卫国，真的泰酷辣！#中国军人 #泰酷辣 #青春无悔军营路,https://www.douyin.com/video/7234822065570712892,南部战区,1.0,1.0,,1,
6932,庆六一，海娃版《我爱这蓝色的海洋》mv发布！,https://www.douyin.com/video/7239530267336052026,人民海军,1.0,0.0,0.0,0,
10155,武警云南总队机动第一支队：“战鼓催征”振军心（作者：王燕婷；武警云南总队  刘正纲、李阳、潘安、苏云苏、吴昊阳、郑祥权）,https://www.douyin.com/video/7269360558577650978,人民武警,,0.0,,0,
2413,抛开烦恼，忘记忧愁，珍惜军旅时光  #牧马城市 #军旅青春终不悔 （朱超、李超 ）,https://www.douyin.com/video/7259669104120859963,八一青春方阵,2.0,0.0,,0,
2061,普通人与武警官兵的日常习惯（赵东亚 梁锴 徐国林）,https://www.douyin.com/video/7189557766011243831,学习军团,2.0,2.0,,2,
3174,威力强劲！炮兵分队火力全开#震撼 #炮兵 #实弹射击 （作者：李润祥、葛迎龙、邱子良、袁中彪 编辑：刘坚）,https://www.douyin.com/video/7250846420087934246,东部战区,1.0,4.0,,4,
5377,今天，外训官兵用吊车升起八一军旗，共同举起右拳宣誓！#八一#建军节#宣誓#吊车,https://www.douyin.com/video/7262214939606142268,西陆强军号,,1.0,,1,
3065,我爱你，中国！祝您生日快乐#国庆节  #我和国旗合个影  #我为祖国庆生  （作者：黄静静、杨乾宁、李占征、杨旭平 编辑：牟泓）,https://www.douyin.com/video/7284674217264549156,东部战区,0.0,1.0,,1,
789,来自太空的声音，听完热泪盈眶！#神舟十七号,https://www.douyin.com/video/7294227766940159272,中国军号,0.0,0.0,,0,
2429,#夏天到了 #燃烧我的卡路里（杨永琪、刘斌、赵邵辉）,https://www.douyin.com/video/7257703702654422287,八一青春方阵,2.0,4.0,,4,
7010,#强军十年海军时刻 《#壮丽新航程 》 ：铁血、勇敢、坚毅……麦贤得像一座丰碑，激励着一代代海军官兵。（剪/宋浩）#人民海军74周年,https://www.douyin.com/video/7225072752129084733,人民海军,1.0,1.0,1.0,1,
8970,不好意思，走错片场了～（作者：包鑫、林泽 编辑：王奕文）,https://www.douyin.com/video/7268691611591167290,中国战略支援,1.0,3.0,3.0,3,
2620,在这个特别的日子里，让我们向白衣天使们道一声谢谢，说一句祝福 （任鑫、雒丹、赵川、陈思洁）,https://www.douyin.com/video/7232183835591511333,八一青春方阵,0.0,0.0,,0,
7127,【#和平-23多国海军联合演习#拉开帷幕！】当地时间2月10日，由巴基斯坦海军倡导组织的“和平-23”多国海军联合演习，在卡拉奇正式拉开帷幕。（唐思宇 吴亢慈 刘哲浩 剪辑/程嘉豪）,https://www.douyin.com/video/7199123656348355901,人民海军,1.0,4.0,4.0,4,
4826,“乘‘忠诚号’列车、学二十大精神”活动宣传片重磅来袭！,https://www.douyin.com/video/7216521108257017125,忠诚号,0.0,0.0,,0,
8405,献给所有军人母亲，你们辛苦了！#感恩母亲节 #母亲节暖心大作战 #母亲  #向伟大的母亲致敬 #边防军人,https://www.douyin.com/video/7232917110777859328,联勤集结号,2.0,2.0,2.0,2,
929,“机械臂”一出手，就知有没有！#看军事上军号,https://www.douyin.com/video/7273323953031056680,中国军号,1.0,4.0,,4,
11192,报告：“济南第一团”列兵入列！,https://www.douyin.com/video/7311696024836295987,亮剑东南,,0.0,,0,
11795,虽迟必到，海军版#拍桌变装挑战 来啦！（作者：张楚 史继阳 王艳松  编辑：贺加）,https://www.douyin.com/video/7255619360511905085,沧海铸剑,,0.0,,0,
8872,那就好好告个别吧（臧家祥、刘硕）,https://www.douyin.com/video/7274497204629409059,中国战略支援,1.0,2.0,2.0,2,
8425,今年是第32个国际助产士日，来听听怀孕期的孕妈会为什么事担心(作者:杨宏、刘港    编辑:黄镇强)#孕产知识 #助产士 #国际助产士日 #准妈妈必看 #北部战区总医院,https://www.douyin.com/video/7231031003119095075,联勤集结号,2.0,0.0,0.0,0,
7129,【#海军女军官出嫁竟让新郎伴郎唱强军战歌 】网友：这是军人独有的浪漫吧！（曹翰文 刘博 剪辑/池敬爽 ）,https://www.douyin.com/video/7198096982513175864,人民海军,1.0,0.0,0.0,0,
1105,《中国人民志愿军战歌》的手稿，你见过吗？#看军事上军号 #八一建军节,https://www.douyin.com/video/7257807318375517495,中国军号,4.0,0.0,,0,
10892,送给烈士父母的特殊新春礼物（武警湖北总队 杨垒、葛万宁；编辑 吴敬楠）,https://www.douyin.com/video/7189589472571444538,人民武警,,2.0,,2,
3747,第72集团军某工兵旅 浮桥架设演练#军事训练 #舟桥训练 #架桥,https://www.douyin.com/video/7249013758670998799,人民前线,1.0,4.0,,4,
11151,,https://www.douyin.com/video/7262211398371921212,80强军号,,0.0,,0,
6735,边疆军人写下毛笔字表达对党的恩情！（黄超）,https://www.douyin.com/video/7250702081433161020,喀喇昆仑卫士,1.0,0.0,2.0,2,
9335,最熟悉的“八爷”！这些#名场面 ，你见过吗？,https://www.douyin.com/video/7217650910334455077,中国战略支援,1.0,4.0,4.0,4,
6597,“家国天下”，广州市铁一中学一堂特殊的爱国教育主题课 #爱国教育  （陈佳芬、黎越、杜博尔、肖城城、袁梓熙、林秋羽、廖乐怡、郑晓财）,https://www.douyin.com/video/7218151568561016099,高原战士,1.0,0.0,0.0,0,
1027,长得萌，飞得远，擒“敌”快。妖魔鬼怪，对它来说，都是小趴菜！#强军新征程跑出加速度,https://www.douyin.com/video/7263287450078891275,中国军号,1.0,4.0,,4,
8483,现场视频！多军种出动，全向围岛慑压#时事热点 #军事演习 #祖国统一势不可挡 #东部战区 #军演,https://www.douyin.com/video/7219537789296135439,联勤集结号,2.0,1.0,1.0,1,
10064,这样的国防教育，网友强烈要求：多开展！（武警河南总队 何志浩、胡静、陈松年、闵剑锋、周子昂；编辑：曾锦旭）,https://www.douyin.com/video/7279790335528586496,人民武警,,0.0,,0,
4257,演练是为了更好的实战！要相信，冲在第一线的永远有子弟兵的身影（李鹏杨洋徐浩）,https://www.douyin.com/video/7234400253477244197,南部战区,1.0,4.0,,4,
3852,五一宅家？快来拔河“现场”感受一下兵哥哥们的“热情”！（李汉朝 敬轩  吴攀攀）#五一 #拔河 #兵哥哥,https://www.douyin.com/video/7228793323065003320,人民前线,2.0,0.0,,0,
8520,当排长失恋后，有点 “可怕”…(作者:  邢洪阳、李洪魁、陈大禹   编辑:黄镇强) #185 #185大帅哥 #军恋异地恋 #异地恋 #失恋,https://www.douyin.com/video/7211802861615844643,联勤集结号,2.0,0.0,0.0,0,
2005,实投的魅力！（王涛 张建伟 邓智文 任李鹏）#实弹,https://www.douyin.com/video/7217630177331793212,学习军团,1.0,4.0,,4,
9209,回复 @马户的评论 闪不闪！,https://www.douyin.com/video/7249589432771251496,中国战略支援,1.0,4.0,4.0,4,
5282,#勿忘国耻#九一八事变92周年，铭记历史，吾辈自强 ！,https://www.douyin.com/video/7279950124590189879,西陆强军号,1.0,2.0,,1,
4341,军营年味浓，兵哥哥的春节这样过（张鹏、张淋溁、陈晨）#中国军人 #温暖平安过大年 #坚守岗位 #新春祝福,https://www.douyin.com/video/7191678298504629560,南部战区,1.0,0.0,,0,
4154,小“火”伴，欢迎入列！（刘天翼 李根）,https://www.douyin.com/video/7313825090955676962,南部战区,4.0,3.0,,3,
4700,心疼！致敬！中部战区陆军部队官兵连续奋战在抗洪一线，他们的腿脚长期穿胶鞋被水浸泡，导致皮肤溃烂、发炎……（作者：樊怀乾、赵启亮、赵云风）,https://www.douyin.com/video/7266751214463831354,忠诚号,1.0,1.0,,1,
3394,炮兵防空兵，开火！#实弹射击 #震撼 （作者：司书宁、王庆功、杨辉等   编辑：梁瑞国）,https://www.douyin.com/video/7185184514568670523,东部战区,1.0,4.0,,4,
305,“加油兄弟们！”武警天津总队抽调兵力赶赴一线固防河堤#闻令而动子弟兵奋战在抗洪一线,https://www.douyin.com/video/7263670008956390712,中国军网,1.0,1.0,,1,
6859,【戚继光舰起航！5国海军学员与中方学员混编同训】9月4日上午，海军戚继光舰从青岛某军港解缆起航，前往印度尼西亚、巴布亚新几内亚、斐济等3个国家，执行远海实习访问任务。据了解，在为期50天的实习访问任务中，有来自海军工程大学、海军潜艇学院和海军航空大学3个院校的300余名学员和教员参加，同时还有来自印尼等5个国家的海军学员与中方学员混编同训。戳视频，看现场画面！（高新雨 高密 赵英芙 张致源 王成龙）,https://www.douyin.com/video/7274942643220532515,人民海军,1.0,4.0,4.0,4,
2744,【军营一刻】期待发手机时的心情，不要太真实！ #军营一刻 #内容过于真实（王远振、杨鑫庆）,https://www.douyin.com/video/7214082465093127480,八一青春方阵,2.0,0.0,,0,
9520,一起来看军校学员的新学期寄语。（陈新梅、许容、何徐粲、王溶震、胡广明 李子扬、黄胤顶、张紫怡）,https://www.douyin.com/video/7202510410216426813,中国战略支援,1.0,0.0,0.0,0,
11845,我来晚了么？无所谓，秣马！扬帆！#马赛克超燃卡点 #别划走等我把马赛克去掉 #海军 （作者：王斌 赵星涵   编辑：王斌),https://www.douyin.com/video/7218135012640558392,沧海铸剑,,0.0,,0,
3435,“年终考核，开干！” #军事训练 #实弹射击 #考核,https://www.douyin.com/video/7309801639047662899,人民前线,1.0,0.0,,4,
3982,全国人大代表：第71集团军王文华#两会 #两会代表委员有话说,https://www.douyin.com/video/7209257342972595459,人民前线,2.0,0.0,,0,
2885,兵哥哥的盲搭挑战，当然也少不了战友的“特殊照顾” #盲搭挑战  #军营趣事 （常乐、郭泽霖、孙禄禄、陈金木）,https://www.douyin.com/video/7195180774235082044,八一青春方阵,2.0,0.0,,0,
5449,#军警联合巡逻，共筑边境地区的铜墙铁壁（作者：郭更哲 孔繁林）,https://www.douyin.com/video/7253365263045774651,西陆强军号,,4.0,,1,
9193,姑娘来当兵！2023年下半年女兵应征报名今日启动！（人民日报）,https://www.douyin.com/video/7250775956313345314,中国战略支援,1.0,0.0,0.0,0,
7021,#强军十年海军时刻##壮丽新航程# 由山岳丛林到孤岛荒漠，由濒海岸滩到挺进深蓝。看“全域精兵”是如何练成的！（剪/胡杰 ）#人民海军成立74周年#,https://www.douyin.com/video/7224886660591390007,人民海军,1.0,4.0,4.0,4,
11018,仙剑军侠传①｜用仙剑的方式打开各军兵种，你最喜欢哪个？(作者:马小尉、曾填群、张学斌   编辑:黄镇强) #用仙剑的方式打开军兵种  #仙剑 #官方整活 #官方整活最为致命 #当00后上岗整活官号,https://www.douyin.com/video/7255990626188070184,联勤集结号,4.0,4.0,4.0,4,
10232,防汛救灾特稿丨武警官兵怀里的婴儿睡的既踏实又舒适（武警河北总队 吴伟光、梁学峰、杨刘；编辑：徐礼跃）,https://www.douyin.com/video/7263449115663568187,人民武警,,1.0,,1,
973,这个荒野求生的技能，有手机就学得会！#看军事上军号,https://www.douyin.com/video/7264865610704637242,中国军号,1.0,0.0,,0,
10059,火力全开！直击重火器实弹射击超燃瞬间（武警西藏总队 吕敏敏、罗有顺、魏愈丞；编辑：徐礼跃）,https://www.douyin.com/video/7280139274970762496,人民武警,,4.0,,4,
2917,这是你在部队过得第几个春节  #青年官兵  #春节祝福 （侯子豪、刘梦迪）,https://www.douyin.com/video/7189998307941387577,八一青春方阵,2.0,2.0,,2,
8537,中央军委主席习近平提名李尚福、刘振立、苗华、张升民为中央军委委员人选,https://www.douyin.com/video/7209105980380974371,联勤集结号,2.0,0.0,0.0,0,
11686,电波网络春晚【阔步迈向新征程】#电波网络春晚  #永不消逝的电波  #电波春晚精彩瞬间  #温暖平安过大年,https://www.douyin.com/video/7192117980837186871,永不消逝的电波,,0.0,,0,
8923,遨游星际，乘帆远航（素材来源：央视新闻 作者：范子云 编辑：王奕文）,https://www.douyin.com/video/7271472008934853888,中国战略支援,1.0,0.0,0.0,0,
2453,中央军委主席习近平签署通令给2个单位、2名个人记功  #新时代立功创模,https://www.douyin.com/video/7254886141449588025,八一青春方阵,2.0,0.0,,0,
6082,12月2日，海军西沙某水警区退役老兵免费乘坐包机离岛，光荣返乡。机长驾驶飞机特意“绕岛飞行”，分别逆时针、顺时针绕岛一周，让老兵们从空中再看看这片曾经挥洒青春汗水的地方。感谢他们把青春和热血献给了军队和国防事业。（作者：张国雄  寿培羽  唐团宝  冯凡彬  杨洋 / 编辑：姬翔）,https://www.douyin.com/video/7308224449508085055,南海舰队,1.0,2.0,,2,
8750,习近平：共建“一带一路” 务当昂扬奋进 奔向下一个金色十年,https://www.douyin.com/video/7291250271416618279,中国战略支援,0.0,0.0,0.0,0,
1710,海拔5200米 ！军车驰骋雪域高原,https://www.douyin.com/video/7213663429926636859,中国军视网,1.0,4.0,,4,
8250,为了扛狼，00后向领导解释去了(作者: 马小尉、王驰、张学斌编辑:黄镇强)#00后 #恐龙扛狼 #恐龙抗狼萌宠版 #恐龙扛浪扛浪扛,https://www.douyin.com/video/7253293549754600744,联勤集结号,2.0,0.0,0.0,0,
9689,谁是“北京明白 ” ？高健：因为懂得，所以明白。（空天逐梦）,https://www.douyin.com/video/7194625465452203322,中国战略支援,1.0,0.0,0.0,0,
5483,#荒野求生小技巧 构筑#无烟灶（作者：闫子恒 罗嘉豪）,https://www.douyin.com/video/7248548816645819705,西陆强军号,,4.0,,4,
6775,“借条”是一种借钱财、物品的凭证，是索要被借财物的依据，一点也不能马虎。本片以微讲座方式，讲解了“借条”“欠条”“收条”三者的区别，并教战友们在日常生活中正确书写借条，从而保护自身的合法权益。（乌鲁木齐军事法院） #借条 #欠条 #收条,https://www.douyin.com/video/7195545634697399591,喀喇昆仑卫士,1.0,4.0,4.0,4,
1491,驾驶技能杠杠的！围观高原汽车兵硬核训练,https://www.douyin.com/video/7273416070717820195,中国军视网,1.0,4.0,,4,
2123,不是羽绒服买不起，而是军大衣更有性价比（作者：曾凡鹏 编辑：郑洋榕） #军大衣,https://www.douyin.com/video/7307870078396108068,八一青春方阵,2.0,4.0,,4,
8093,国庆假期结束了！不要再回味了！加油！（作者:戴鹏飞、李玲玲  编辑:黄镇强）#国庆假期余额不足 #中秋国庆假期将结束,https://www.douyin.com/video/7286658605644877090,联勤集结号,2.0,0.0,0.0,0,
10599,【春来正是读书时】读书不只是为了获取知识，更重要的是通过读书实现思想改造和精神世界升华。让我们跟着兵哥哥“益”起来阅读吧！（作者：武警第一机动总队 李宏刚、冯涛；编辑：岳彩嵩）,https://www.douyin.com/video/7224809435393166652,人民武警,,0.0,,0,
1064,2000余名武警官兵驰援北京房山#看军事上军号,https://www.douyin.com/video/7261920280430398755,中国军号,1.0,1.0,,1,
3041,中国海警依法拦阻菲律宾船只现场视频公布！#中国海警 #菲律宾 #时刻准备着 （来源：中国海警）,https://www.douyin.com/video/7292772140879760681,东部战区,3.0,0.0,,3,
3932,都有，整理着装！（郭珍洁 钱声杭）#变装 #女兵,https://www.douyin.com/video/7217410082798144824,人民前线,2.0,0.0,,0,
6857,【仪式感拉满！30s带你看海军工程大学开学典礼到底有多燃】开学季，海军工程大学隆重举行2023—2024学年开学典礼。全体官兵以崭新的精神面貌和昂扬的奋斗姿态，共同迎接新学期的挑战。戳视频↓一起感受火热现场！（宋超 编/池敬爽）,https://www.douyin.com/video/7275645493311540514,人民海军,1.0,0.0,0.0,0,
10656,【铭记历史，缅怀英烈，传承革命精神】武警第一机动总队某部官兵到兰州烈士陵园开展清明祭扫活动。（作者：武警第一机动总队 李欢、毕从涛；编辑：岳彩嵩）,https://www.douyin.com/video/7218152608211406080,人民武警,,2.0,,2,
1456,让“无名英雄”有名！济南市为54位无名烈士立碑。（李锐 张瑞 贾园园 李坤）,https://www.douyin.com/video/7283407663130561792,中国军视网,1.0,2.0,,2,
9114,管好用好手机，他们有妙招#用好双四一奋进新征程（陈国文、李梦笑、林宗钰、姜峰）,https://www.douyin.com/video/7259565879032089896,中国战略支援,1.0,3.0,3.0,3,
6118,【耕波犁浪向云端】当坚硬的战舰遇上柔软的歌。（作者：冯旭 陈星 李新凯 武航 姜林煜 / 编辑：赵成浦）,https://www.douyin.com/video/7249009658642337039,南海舰队,1.0,4.0,,4,
4663,"时光隧道⑦丨“大风车”引领绿色能源高质量发展
绿色新能源产业助推经济社会高质量发展、助力乡村振兴，今天带大家打卡三一张家口风电技术有限公司……
作者：王明涛   摄影：张耘阁、郝强   配音：张叙",https://www.douyin.com/video/7280893962552888634,忠诚号,0.0,0.0,,0,
10034,“军超”，No.1！（武警江西总队 师锐、傅明钟；编辑：徐礼跃）,https://www.douyin.com/video/7283080651736124707,人民武警,,0.0,,0,
868,孤独？不存在的！#我在抖音过中秋 #繁华如你守护有我,https://www.douyin.com/video/7284099609192828194,中国军号,1.0,4.0,,1,
7169,【庆新春猜灯谜赢舰帽：#海军特色灯谜与您一起过大年 】春节期间，远在万里之外的亚丁湾，海军第42批护航编队坚守战位，守护“黄金航道”安全。他们利用休息时间，为大家送上了一个灯谜，大家一起猜猜看！（马玉彬 刘思富 康桐瑞 朱华联 剪辑/李凤祥）,https://www.douyin.com/video/7191054843585334588,人民海军,1.0,2.0,2.0,2,
4194,突围吧，钢铁部队！（罗坤康、刘洵、雷汶桦等）,https://www.douyin.com/video/7272195993398005032,南部战区,1.0,4.0,,4,
5357,“95后”飞行员：最骄傲的时刻是祖国统一！#逐梦强军新征程,https://www.douyin.com/video/7265157522640653629,西陆强军号,,0.0,,0,
7920,灾区人民别怕，人民军医来了！（作者:雒丹、吴思逸 编辑：黄镇强）#联勤保障部队 #甘肃地震,https://www.douyin.com/video/7314595305104706856,联勤集结号,2.0,1.0,1.0,1,
9316,一大批大学生新兵加入战略支援部队，初入军营的他们有哪些不一样的体验？今天让我们一起听听他们怎么说!#军营记者 （陆荣有、刘旭东、谭敏、王奕文 ）,https://www.douyin.com/video/7218174393657167165,中国战略支援,1.0,0.0,0.0,0,
1110,军事专家李莉安利“中国军号”#看军事上军号 ，欢迎你来到我的主场！#八一建军节,https://www.douyin.com/video/7257459179613408572,中国军号,0.0,0.0,,0,
3069,盼海峡两岸早团圆！东部战区发布微视频《圆》#中秋团圆  #思念  #血脉相连的亲人,https://www.douyin.com/video/7284065735847005476,东部战区,1.0,1.0,,1,
6132,"椰风海韵，相约浪漫军港！#军营开放日 #人民海军生日快乐 #人民海军成立74周年 
（作者：刘袁权 薛成清 方智坤 吴少杰 / 编辑：刘建国）",https://www.douyin.com/video/7225183226485099837,南海舰队,2.0,1.0,,2,
7767,重温雷锋日记 争当雷锋传人⑦《雷锋日记》1959年12月20日,https://www.douyin.com/video/7207724771692318013,中国火箭军,1.0,2.0,2.0,2,
10341,雨季来临，看武警官兵“汛练有速”（武警江西总队 涂浩、张绍兵；编辑：徐礼跃）,https://www.douyin.com/video/7252665966063078713,人民武警,,1.0,,1,
2271,陆军工程大学石家庄校区举行教师节文艺汇演，用欢歌笑语为教员送上最美的祝福！ #教师节  （方灏康、覃业峰、朱泰堂、吴树明；编辑：张一鸣）,https://www.douyin.com/video/7277187443135204666,八一青春方阵,2.0,0.0,,0,
5999,恭喜你刷到好运视频和强军战歌啦！“锦鲤附体”和“强大磁场”双倍加持，祝愿所有考生一举高中，金榜题名！（编辑：娄欣辉） #2023高考必胜 #军考  #强军战歌 #高考加油,https://www.douyin.com/video/7241505892946971965,北海舰队,1.0,0.0,,0,
6813,【中国海军第44批护航编队抵达科威特并开始友好访问】当地时间10月18日上午，中国海军第44批护航编队按计划抵达科威特舒维赫港，开始为期5天的友好访问。戳视频↓看现场画面。（张元虎 姜霞 叶宇骏 方思航 范坤 何聪聪 编辑/陈佳楠）,https://www.douyin.com/video/7291955467096509736,人民海军,1.0,1.0,1.0,1,
5329,军恋也可以很浪漫，虽然距离很远，那就让我们隔空见个面吧！（作者：冯金戈 刘新垚）#七夕#见面吧就现在#浪漫#军恋异地恋,https://www.douyin.com/video/7269979557388619063,西陆强军号,,2.0,,2,
5229,"《#战斗的信仰 》,来自#边关一线的#天籁之音！",https://www.douyin.com/video/7293352860266384677,西陆强军号,1.0,0.0,,0,
5814,新玮走军营，陪您一起看看便携式地空导弹排的女兵是怎样练成的！（张新玮 曹超 彭德杰 吕建）,https://www.douyin.com/video/7215459728950856994,北陆强军号,,4.0,,4,
972,这支铁拳部队的官兵告诉你，铁拳是如何炼成的！#强军新征程跑出加速度,https://www.douyin.com/video/7268180824565108020,中国军号,1.0,0.0,,0,
8608,韩雅玲院士送来祝福#北部战区总医院 #心血管内科 #医者仁心 #军医#最可爱的人,https://www.douyin.com/video/7201664687258357027,联勤集结号,0.0,0.0,0.0,0,
8198,神兵天将⑦ | 用《神兵小将》动画打开军兵种系列，我的回忆起来了！（作者:马小尉、苏瑜鹏、张学斌   编辑:黄镇强)#神兵小将 #神兵小将主题曲 #梦的光点 #军兵种打开方式 #王心凌,https://www.douyin.com/video/7268613730550828322,联勤集结号,2.0,4.0,4.0,4,
5332,来自兵哥哥的小情话，屏幕前的爱人啊，你心动了吗？#七夕#告白#情话#甜蜜#心动七夕,https://www.douyin.com/video/7269824073062976823,西陆强军号,,2.0,,2,
7361,空军航空开放活动@成都大运会：让梦想起飞！加油，青春！#空军航空开放日 #成都大运会 #强军之路,https://www.douyin.com/video/7261098880945753399,人民空军,1.0,0.0,0.0,0,
4841,他来了！他来了！铁军乐队硬核开唱#青春有很多样子我的青春有迷彩 （潘光峰、杨仕伟）,https://www.douyin.com/video/7192793421323554103,忠诚号,2.0,0.0,,0,
5873,海军第45批护航编队安全护送10艘中国渔船。#护航 #中国海军 #大国担当 #一带一路,https://www.douyin.com/video/7293108585553317147,北海舰队,1.0,1.0,,1,
8481,流水账式军营生活vlog(作者:李述超、黄琨、翟雪容)#vlog日常 #vlog #兵哥哥 #我的vlog #记录真实生活,https://www.douyin.com/video/7220178827303980323,联勤集结号,2.0,0.0,0.0,0,
2752,逐梦青春，只有拼来的精彩！ #青年官兵 #军考加油（李森、刘建、梁馨媛、雷霆、张寅、李柏安）,https://www.douyin.com/video/7213190607768964412,八一青春方阵,2.0,0.0,,0,
10745,热血沸腾！武警特战队员入队震撼宣誓（武警广东总队何杰、王辉亮、阳书华、姜浩；编辑 吴敬楠）,https://www.douyin.com/video/7206635247419641146,人民武警,,0.0,,0,
8171,上车饺子下车面，军营最后一次吃饺子，吃着吃着就哭了…（作者:赵伟、杨森甡、袁满  编辑:黄镇强)#上车饺子下车面  #又是一年退伍季,https://www.douyin.com/video/7273642654292888847,联勤集结号,2.0,2.0,2.0,2,
9413,#春分 | 太空视角带你“瞰”花开中国 （长光卫星）,https://www.douyin.com/video/7212908296653524279,中国战略支援,1.0,0.0,0.0,0,
8979,泪目！周昆训烈士，魂归故里！一路走好（人民网）,https://www.douyin.com/video/7268212814475513149,中国战略支援,1.0,2.0,2.0,2,
2992,再见了，新兵连！ #新兵 #军营生活  #无悔青春 （作者：苏泊月、邵宁博、刘文、刘予彤 编辑：李润泽）,https://www.douyin.com/video/7310586398451436836,东部战区,1.0,2.0,,2,
2108,下雪咯，又可以打雪仗了（丁国帅、鲁鹏；编辑：郑洋榕） #青年官兵 #打雪仗,https://www.douyin.com/video/7311352384276499739,八一青春方阵,2.0,0.0,,0,
2617,一场血肉与泥沙的较量！ #青年官兵 #热血青春献祖国（李胜、董知洋、郝晋伟 编辑：郑洋榕）,https://www.douyin.com/video/7232288438223916343,八一青春方阵,2.0,4.0,,4,
7734,#当兵收获了什么 今天一起来听听曾参加新中国成立70周年大阅兵的杜常欣给出的答案。,https://www.douyin.com/video/7212408360916864312,中国火箭军,1.0,0.0,0.0,0,
3192,战场破障，开辟通路！#爆破 #实战练兵 #军事训练 （作者：聂政  编辑：刘坚）,https://www.douyin.com/video/7244902747387022596,东部战区,1.0,4.0,,4,
2374,没有从天而降的神明，只有挺身而出的中国军人。致敬，最可爱的人！ #致敬人民子弟兵,https://www.douyin.com/video/7263767988451462436,八一青春方阵,2.0,1.0,,2,
7928,卫兵神圣，不容侵犯！#执勤 #哨兵,https://www.douyin.com/video/7313875569282747689,联勤集结号,2.0,0.0,0.0,0,
4849,撒糖啦！“铁军旅”集体婚礼甜蜜来袭（潘光峰、杨仕伟、戴成晨） #铁军 #军营集体婚礼,https://www.douyin.com/video/7185744559136181541,忠诚号,2.0,0.0,,0,
386,“我们守护的地方，不是一片荒凉，而是一片充满了生机的土地。”（张乔普 巴拉提 刘雅昕）,https://www.douyin.com/video/7254740212058705189,中国军网,1.0,1.0,,1,
10959,我与祖国同框，唱响繁华盛况,https://www.douyin.com/video/7284678159549680954,我们的天空,,4.0,,4,
6916,#海军喊你报考军校了 【海军五大院校招生之海军军医大学】在这里有着百年历史的办学积淀，在这里有着第一方阵的办学实力，在这里有着姓军为战的办学方向……在这里你可以感受青春的美好，在这里你可以收获青春的喜悦，在这里你可以实现青春的理想。欢迎加入海军红十字方队，欢迎加入海军军医大学！（海军参谋部训练局 军事训练中心 编/池敬爽）,https://www.douyin.com/video/7244708350665968936,人民海军,1.0,0.0,0.0,0,
4768,"我与二十大⑬丨坚持问题导向，与时代同步伐
作者：傅   磊、周翔宇、杜官润
摄影：李少斌、赵骏宇、张仁汇",https://www.douyin.com/video/7243770340227190071,忠诚号,0.0,0.0,,0,
1391,战力爆表！看两栖装甲突击车水中作战大场面！,https://www.douyin.com/video/7183942903461399863,中国军号,1.0,4.0,,4,
7165,【庆新春猜灯谜赢舰帽：#海军特色灯谜与您一起过大年#】今天是大年初一，也是西宁舰入列6周年纪念日。春节期间，西宁舰全时备战，守护平安喜庆中国年。官兵们在战位给全国人民拜年，也为小海粉们带来了一个灯谜，戳视频，快来抢答！ （李凤祥 刘国智 钱启璋 张枭 剪辑/李凤祥）,https://www.douyin.com/video/7191328541093498149,人民海军,1.0,1.0,1.0,1,
8495,注意看！带你沉浸式体验打靶(作者: 刘佳杨、纪美春     编辑:黄镇强)#靶场射击 #实弹射击 #兵哥哥 #军事训练 #联勤,https://www.douyin.com/video/7216503225204231464,联勤集结号,2.0,4.0,4.0,4,
2692,周末了，请你出去吃好吃的啊……  #军营一刻 #军营趣事（张望、陈步钊、纪亮亮；编辑：赵爽）,https://www.douyin.com/video/7221870172666088760,八一青春方阵,2.0,0.0,,0,
4540,【生死时速！#水中连救4人 ！“00后”下士柯东贤好样的！】近日，中部战区陆军第81集团军某旅战士柯东贤探亲休假期间，在短短10多分钟，连救4名溺水群众。（狄伯文、陈钟艺、莫馥瑜、莫受智、范永红、王军杰）,https://www.douyin.com/video/7255561739217980707,中部号角,2.0,1.0,,1,
9610,女飞驾“飞豹” 开年就“狂飙”！,https://www.douyin.com/video/7198564726924758330,中国战略支援,1.0,4.0,4.0,4,
2558,大好河山，寸土不让  #青年官兵 #青春誓言 #戍边战士（安海利、梅洁、马佳明、兰立华 编辑：郑洋榕）,https://www.douyin.com/video/7239713998059425063,八一青春方阵,1.0,1.0,,1,
3961,来瞧瞧兵哥哥的厨艺（王达滨 赖坤 孙其光）#美食 #厨艺,https://www.douyin.com/video/7212074714330713381,人民前线,2.0,4.0,,4,
1402,人民军医为人民！联勤保障部队第940医院在震区开展医疗保障工作（许寰 张扬晨 郭泽天）,https://www.douyin.com/video/7315400542090431794,中国军视网,1.0,1.0,,1,
7893,提醒好你的男朋友注意保密，切勿私藏账外机。（作者：陈磊、逄栋、何智旭 编辑：韩咏轩）#兵哥哥 #军恋 #保密,https://www.douyin.com/video/7317939557289299211,联勤集结号,2.0,3.0,3.0,3,
9107,哪有什么岁月静好，只不过是有人替我们负重前行。走进军事博物馆，感悟中国人民解放军的光辉历程。（作者：王际春、但汶译 编辑：王奕文）,https://www.douyin.com/video/7260458894114213175,中国战略支援,1.0,0.0,0.0,0,
11529,你  真的醒着吗？（张泽东）#军旅 #奋斗 #不负青春不负韶华,https://www.douyin.com/video/7242246631691734333,永不消逝的电波,,0.0,,0,
8993,“日本投降了，我们胜利了！”#日本无条件投降78周年（央视新闻）,https://www.douyin.com/video/7267209175640460578,中国战略支援,1.0,1.0,1.0,1,
11410,轻轻的， 我走了，而这份专属于我的青春回忆，将成为我人生最难忘的经历！（肖秀勇 岳文涛 蒋宇航 菅杰伟）#军旅 #退伍不褪色 #青春无悔军营路,https://www.douyin.com/video/7268680878870744372,永不消逝的电波,,0.0,,0,
10027,翰墨飘香，丹青吐秀，这场活动赢得了官兵纷纷点赞！（武警云南总队 罗志成、刘泽林；编辑：徐礼跃）,https://www.douyin.com/video/7283908027122486562,人民武警,,2.0,,2,
2046,4700米海拔感受多种武器火力！（施董 董浩 张志文 卞佳斌 马龙）,https://www.douyin.com/video/7196839276926045501,学习军团,1.0,4.0,,4,
5852,新兵结业授衔！投身海防一线，奔赴新的战斗岗位#授衔 #新训结业 #入伍参军,https://www.douyin.com/video/7309408997864393984,北海舰队,1.0,3.0,,3,
10047,近日，武警第二机动总队某支队隆重举行2023年度“一队一品”特色队伍文化汇演活动，来自基层各单位的9支特色队伍代表队，轮番上阵、声形交融、高潮迭起，为全体官兵贡献了一场精彩绝伦的文化视听盛宴。（武警第二机动总队 刘鹏、吴克振；编辑：徐礼跃）,https://www.douyin.com/video/7282004361419492608,人民武警,,0.0,,0,
2192,3小时49分，00后上等兵连做3600个俯卧撑，当场荣立三等功！#青年官兵 （高俊伟、匡哲永、张峻清）,https://www.douyin.com/video/7291645973284048155,八一青春方阵,2.0,4.0,,4,
8406,母亲节，战士深情弹唱《时间都去哪了》(作者:王经纶   编辑:黄镇强)#母亲节送什么礼物 #中国母亲节 #母亲节暖心大作战 #母亲节快乐,https://www.douyin.com/video/7232887634991779072,联勤集结号,2.0,2.0,2.0,2,
340,当兵31年，我的师父胡建设打过的枪有几十种！,https://www.douyin.com/video/7262283542615362873,中国军网,2.0,0.0,,2,
9888,开启浪漫！军地青年联谊鹊桥会甜蜜上演（武警河北总队 魏悦岭、肖牧奇、朱安冰、赵一帆；编辑：徐礼跃）,https://www.douyin.com/video/7303489191537642752,人民武警,2.0,4.0,4.0,4,
11327,今天是你的生日妈妈！（贾彬  邱灵  徐鼎一  闫娟）#军旅 #妈妈 #新兵,https://www.douyin.com/video/7299284360820264242,永不消逝的电波,,0.0,,0,
6251,我们时刻准备着。（胡金涛、王锐）#时刻准备着 #高原战士,https://www.douyin.com/video/7282953030989811000,高原战士,1.0,1.0,,1,
1874,兵棋百科|兵棋推演有哪些类型？这条视频说清楚了！ 是游戏？还是军事行动工具？兵棋百科带你了解，导演战争的魔术师“兵棋推演”都有哪些类型？#兵棋推演 #看军事上军号,https://www.douyin.com/video/7309782546596810010,学习军团,4.0,0.0,,0,
41,中国第十批赴南苏丹（朱巴）维和步兵营启程,https://www.douyin.com/video/7312651066129009957,中国军网,3.0,3.0,,3,
7616,一起来听东风快递员送给小火娃的六一祝福,https://www.douyin.com/video/7239562887373573433,中国火箭军,1.0,2.0,2.0,2,
9389,下肢力量训练，跟着兵哥哥一起练起来！（李志勇、胡增辉、文华）,https://www.douyin.com/video/7214503794120363320,中国战略支援,0.0,4.0,4.0,4,
7820,火箭军某部队列会操，太有排面了！,https://www.douyin.com/video/7199531410393287995,中国火箭军,1.0,4.0,4.0,4,
6037,“淄博烧烤”爆火“出圈”，北部战区海军航空兵某部的兵哥哥们强势“出手”，在训练之余让“淄博烧烤”走进军营！#淄博烧烤 #海军 #人民海军 （作者：陈浩铭 宋安乐 何楠钦）,https://www.douyin.com/video/7228002043955334456,北海舰队,1.0,4.0,,4,
9257,加入我们，一起保家卫国（孟凡旭、邵合鹏）,https://www.douyin.com/video/7224423614341303611,中国战略支援,1.0,0.0,0.0,0,
1961,旗帜的召唤！（陈昱廷 王贤哲 王炎斌）,https://www.douyin.com/video/7251133656612293944,学习军团,1.0,0.0,,1,
8186,我的修狗不能输在起跑线上（作者:辛楠、徐娅、杨子轩   编辑:宣子、邢雨辰)#军犬 #修狗的日常 #戏精狗狗的诞生,https://www.douyin.com/video/7270672595865931023,联勤集结号,2.0,4.0,4.0,4,
90,开国将军张力雄110岁生日快乐！,https://www.douyin.com/video/7304287017305754889,中国军网,2.0,2.0,,2,
7217,什么是青春？对军人而言，青春是一场无畏的淬炼，是不断自我突破、每天迎接新的挑战，是敢于坚守信念、一路践行初心使命。我们是年轻的一代，奋斗是青春最亮丽的底色。生逢盛世，肩负重任，愿以吾辈之青春，捍卫盛世之中华。（策划：陈军；作者：陈敏、闫嘉芮、郑锦松、张泽）#什么是青春该有的样子,https://www.douyin.com/video/7229261542770986255,人民陆军,1.0,0.0,0.0,0,
2403,当我参军的那一刻 #命运的齿轮开始转动（梁馨媛、张寅、李柏安）,https://www.douyin.com/video/7260696612337487156,八一青春方阵,2.0,1.0,,2,
10363,营区门口发生车祸，武警官兵火速救援（武警广东总队 潘显华、魏子涵；编辑：徐礼跃）,https://www.douyin.com/video/7250429429049003301,人民武警,,1.0,,1,
235,取杯赤道水，请问谁最累？,https://www.douyin.com/video/7279039269279141159,中国军网,2.0,0.0,,0,
7976,请家人放心，我们这个冬天很温暖！ （作者：杨浩、胥家辰、史鑫、魏亚涛  编辑：韩咏轩）#兵哥哥 #冬装 #温暖,https://www.douyin.com/video/7307190797294685467,联勤集结号,2.0,4.0,4.0,4,
1454,海军戚继光舰抵达巴布亚新几内亚并开始友好访问,https://www.douyin.com/video/7283794851978562851,中国军视网,1.0,0.0,,1,
7118,【微电影《如你》：平凡如你 温暖如光】这些年，很多人都在寻找你。在街头巷尾，在各个岗位，在一条条前行路上……长大后，我走过你的足迹，原来，你一直在我们的心里……为纪念毛泽东等老一辈革命家为雷锋同志题词六十周年，陆军政治工作部宣传文化中心创拍主题微电影《如你》。平凡如你，温暖如光。雷锋精神就如生命中的那束光，能让更多的人看见光、追逐光、成为光。#雷锋精神（主创：张旭航 杨尚达 毕文琪 薛瑞旭 任虹胤 徐德亮 曹超）,https://www.douyin.com/video/7205733362772757820,人民海军,1.0,2.0,2.0,2,
9253,#探月 工程总设计师吴伟仁：2030年前中国人的脚印肯定能踏上#月球 （央视军事）,https://www.douyin.com/video/7225596564004261178,中国战略支援,1.0,0.0,0.0,0,
8953,逐梦“星”征程，这里有一场新毕业军官淬火成钢的队列会操！（向江桥、白婉茹）,https://www.douyin.com/video/7269754973959785768,中国战略支援,1.0,0.0,0.0,0,
9523,#解放军版二月二龙抬头  看“威龙”抬头！,https://www.douyin.com/video/7202398141046459703,中国战略支援,1.0,4.0,4.0,4,
6451,边防有我，战位有我，请党放心！（刘景南、马成锁、刘亚军、靳河新、张龙、王卓、罗晗宇、李鹏、唐佳、吴强、周建文、葛维家）#七一建党节 #重温入党誓词 #雪域将士忠于党,https://www.douyin.com/video/7250475708005354811,高原战士,1.0,1.0,,1,
381,中央军委表彰全军践行强军目标标兵单位和标兵个人（范逸婕）,https://www.douyin.com/video/7255146144068586813,中国军网,1.0,1.0,,1,
45,中国外交部：正告美方 任何威胁都是徒劳(军事报道),https://www.douyin.com/video/7312286562522385673,中国军网,1.0,1.0,,1,指责他国的不正义行径
1522,有人民的地方就有子弟兵！武警吉林总队长春支队奔赴一线进行搜查排救,https://www.douyin.com/video/7265542518266285312,中国军视网,1.0,1.0,,1,
10651,当队礼遇上军礼（作者：武警黑龙江总队 许家铭、杜国宁；编辑：岳彩嵩）,https://www.douyin.com/video/7218520009625079075,人民武警,,2.0,,2,
10848,32名游客被困！漳州海警紧急救助（作者 李楠、福建海警局 吴建国；编辑 吴敬楠）,https://www.douyin.com/video/7193663180969676093,人民武警,,1.0,,1,
2564,火箭军版多巴胺穿搭，虽迟但到  #东风快递 #多巴胺穿搭（张昕怡、李波涛 编辑：郑洋榕）,https://www.douyin.com/video/7238961929224588599,八一青春方阵,2.0,0.0,,0,
9680,新兵授枪，这是最荣耀的“成人礼”（任刘鹏）,https://www.douyin.com/video/7194736307405442359,中国战略支援,1.0,3.0,3.0,3,
10451,【火力全开！这场实战化演练，让人心跳加速】近日，一场涵盖侦察渗透、搜索排爆、武力营救等险难课目的全要素实战化演练，在武警河北总队展开。百余名参训官兵依托陌生复杂环境，利用激光模拟系统，让官兵在对抗中逼近真实战场，感受战斗氛围。（武警河北总队 崔寒、张富淳、魏鹏、汤共照；编辑：曾锦旭）,https://www.douyin.com/video/7241920477436857655,人民武警,,4.0,,4,
6217,当梦想照进现实。（阿卜杜库杜斯·艾拜、陈泰涵志、陈志豪）#梦想成真 #成为更好的自己,https://www.douyin.com/video/7288244318626647356,高原战士,1.0,0.0,,0,
268,东部战区位台岛周边组织海空联合战备警巡和联合演训,https://www.douyin.com/video/7268911190774959418,中国军网,4.0,1.0,,4,
3960,今天简单爆一下（龙黎 程博洋 周全兴）#爆破 #军事训练 #实爆,https://www.douyin.com/video/7212072964030844220,人民前线,1.0,4.0,,4,
7871,东风快递员的春节小挑战 #新春走军营 #年年岁岁护你平安 #温暖平安过大年,https://www.douyin.com/video/7190283794849582392,中国火箭军,2.0,2.0,2.0,2,
9357,原创MV《当祖国召唤的时候》#嘹亮军歌 把光荣写在军旗上，战火青春最风流，英雄的战友们，前进吧！为祖国去战斗！（郭明磊、周云东、杨瑞）,https://www.douyin.com/video/7216330990476660028,中国战略支援,1.0,4.0,4.0,4,
7246,【稳！准！安！】如何让在韩中国人民志愿军烈士遗骸安全平稳回家？参与此次接运任务的空军运-20机长路中华给出他的答案。,https://www.douyin.com/video/7304613825024707850,人民空军,1.0,2.0,2.0,2,
9872,武警山地清剿训练，画面抢先看（武警第一机动总队 尹霞辉、谢强、周静；编辑：徐礼跃）,https://www.douyin.com/video/7306496245432995123,人民武警,1.0,4.0,4.0,4,
5049,什么？听说想看空军小哥哥的帅气变装，他来了！#七十二变怎么样的变,https://www.douyin.com/video/7222648345506975032,中部空军,2.0,0.0,,0,
7593,端午节的爱国主义情怀网上诗歌朗诵会——陈毅,https://www.douyin.com/video/7248056982496677159,中国火箭军,1.0,0.0,0.0,0,
9583,开眼界！曝光侦察型轮式装甲无人车。#侦察型轮式装甲无人车,https://www.douyin.com/video/7199559759291288890,中国战略支援,1.0,4.0,4.0,4,
511,今天简单开几枪吧！,https://www.douyin.com/video/7212434368374132020,中国军网,1.0,4.0,,4,
2831,纠察：看看我的“神装备” #看我拔剑神装备 #来自纠察的压迫感 （赵爽、李嘉兴、 牛子硕、郭国隆）,https://www.douyin.com/video/7202988191173905723,八一青春方阵,2.0,0.0,,0,
9867,英勇突击！反恐演练实战画面曝光（武警西藏总队 吕敏敏、杨杰、牛大非、杨洋；编辑：徐礼跃）,https://www.douyin.com/video/7306827884235181349,人民武警,1.0,4.0,4.0,4,
10713,乘客突发癫痫，武警中校挺身救人！（武警湖南总队 阮泉润、刘粤商；编辑：王燕婷）,https://www.douyin.com/video/7210315312124775741,人民武警,,1.0,,1,
255,再见，迷彩青春！（刘中海 唐明洋）,https://www.douyin.com/video/7272923911182929212,中国军网,2.0,2.0,,2,
7651,光荣在于平淡，艰巨在于漫长。我愿做一名平凡而普通的导弹人，从事着光荣而漫长的事业，我希望在炽焰腾飞的背景中有我的身影，在长天写下呼啸的歌。,https://www.douyin.com/video/7228472595820137784,中国火箭军,1.0,0.0,0.0,0,
8721,今日立冬 | 寒意渐起，练兵备战不停歇（王方、赵志宏、王一帆）,https://www.douyin.com/video/7299046060746394917,中国战略支援,1.0,0.0,0.0,0,
4495,【#中部战区供水车来了 ！】连日来，为全力保障受灾群众生活用水，中部战区陆军某训练基地紧急出动供水车，担负起为重灾区保障供水的重任。（叶红、季祥、周莹  编辑：常延凯）,https://www.douyin.com/video/7265211001610505507,中部号角,1.0,1.0,,1,
8111,中秋节我们都各个在岗位，有什么想说的话吗？（作者：王茂宇、张梦、孙亚鑫、李敬祥  编辑:邢雨辰)#又是一年中秋节  #中秋花好月圆团团圆圆 #军人的节日我们的致敬,https://www.douyin.com/video/7283718986506784034,联勤集结号,2.0,2.0,2.0,2,
550,海拔5300米暴雪天气 汽车兵训练遇惊险爬坡。（李军 刘杰）,https://www.douyin.com/video/7202063113414380834,中国军网,1.0,4.0,,4,
7257,【#与时代共奋飞  | 来自空军“老兵”的寄语】 他们，有的曾击落美空军王牌飞行员，有的曾创下志愿军空军近距歼敌纪录，有的曾勇闯大和岛立下战功，有的曾打下美制高空无人侦察机……他们是“老兵”，更是“英雄”！ 值此#人民空军成立74周年 之际，他们通过视频为心心念念的人民空军送上最真挚的祝福！点击视频，一同感受空军“老兵”发自心底的爱！（邹梦梦 王川  刘汉帝 徐萌泽 王姝月 王良栋 裴少华 付春晖 任超 李昊威 董泓均 朱宇航 王洪权 ）,https://www.douyin.com/video/7299845101419875594,人民空军,1.0,0.0,0.0,0,
8853,#技术流  #看退伍视频  《尖峰声起》（沈子祺、刘翔）,https://www.douyin.com/video/7275883254278884667,中国战略支援,1.0,2.0,2.0,2,
10900,武警夜擒杀人嫌犯！抓捕画面曝光！（武警广西总队  张毕海；编辑 吴敬楠）,https://www.douyin.com/video/7188084993548127488,人民武警,,1.0,,1,
8865,质疑热点 理解热点 加入热点  #我姓石舞蹈挑战 （赵爽、靖辉、肖鹏）,https://www.douyin.com/video/7275184023494790435,八一青春方阵,0.0,0.0,,0,
5184,十一万二千毫升！官兵义务献血助力医疗一线#兵哥哥#献血,https://www.douyin.com/video/7310441596581858597,西陆强军号,2.0,1.0,,1,
10887,【武警部队摄制：新的文职人员制度宣传片《梦想的颜色》震撼来袭！】近期，新的《中国人民解放军文职人员条例》和配套政策颁布施行，标志着深化文职人员制度改革取得突破性进展。武警部队推出微视频《梦想的颜色》，立体展现“孔雀蓝”逐梦军营的昂扬精神风貌和激情奋进身姿，激励鼓舞更多青年英才加入文职人员方阵，投身强军伟业。（摄制：武警部队政治工作部文职人员局；导演：王志岭 ；执行导演：何晓敏、黄畅；剪辑：吴俊宏、罗周诚）,https://www.douyin.com/video/7190546350616890681,人民武警,,0.0,,0,
7609,火箭军某部举行首次勋表略章授予仪式,https://www.douyin.com/video/7242974528001854757,中国火箭军,1.0,3.0,3.0,3,
4232,回复 @鸿蒙的评论 炮指云空碧，浩气撼乾坤#云宫迅音 #军事科技 #实弹 #射击,https://www.douyin.com/video/7249311184632040719,南部战区,1.0,2.0,,4,
10832,祝福接力，高原武警祝全国人民元宵节快乐（武警西藏总队 张明山、李瑞；编辑 别特）,https://www.douyin.com/video/7196616368102313271,人民武警,,0.0,,0,
7826,追光而来,https://www.douyin.com/video/7196968741064740153,中国火箭军,1.0,0.0,0.0,0,
6497,西藏军区某部军事运动会，单杠卷身上项目中，二级上士叶子阳双手磨破皮依然咬牙坚持，以86个的好成绩，一举拿下该项目第一名。（陈长宏、韩世玉、张元飞）#单杠卷身上  #中国军人  #高原战士,https://www.douyin.com/video/7242621743183957309,高原战士,1.0,0.0,,4,
11486,再广阔的世界也总有适合你的地方 #强军有我 #迷彩青春#无悔军旅青春,https://www.douyin.com/video/7254019544757341440,永不消逝的电波,,0.0,,0,
1207,#武警湖南总队新兵入伍宣誓仪式 千余名新兵被授予列兵警衔，正式成为光荣的武警战士。戳↓一起围观超燃现场！,https://www.douyin.com/video/7234826669884820792,中国军号,1.0,3.0,,3,
2513,轻武器分解结合，一次看个够  #枪支分解结合 #青年官兵（黄超、丁雷 编辑：陈继欢）,https://www.douyin.com/video/7244921817125637434,八一青春方阵,2.0,4.0,,4,
9448,中国式浪漫！看人民军队的中国色,https://www.douyin.com/video/7208355382853389624,中国战略支援,1.0,0.0,0.0,0,
8322,中俄两军深化合作！俄方将应邀参加中方组织的“北部-联合-2023”演习#中俄 #军事演习 #时事热点 #军事热点 #中俄关系,https://www.douyin.com/video/7242624207023131964,联勤集结号,2.0,4.0,4.0,4,
10106,授予士兵编号，激励官兵接力奋斗（武警第一机动总队 沈卓光、金战科、高飞、袁航；编辑：曾锦旭）,https://www.douyin.com/video/7274544603611647247,人民武警,,3.0,,3,
4455,告别了，我亲爱的军营，告别了，我亲爱的青春！（聂少通 贾兴城 ）,https://www.douyin.com/video/7274035682069220643,中部号角,2.0,2.0,,2,
1888,【MV《警视云天》，在险峰之上向祖国报告！】天空有多高，山顶云知道；风吹石头跑，夜色不寂寥。看那炽热的心在沸腾、在燃烧......在海拔三千多米的险峰之上，一群雷达兵以天空为哨位，云霓为界碑，方寸荧屏为战场，练精气神、比技战术、争排头兵。始终赓续红色血脉、保持初心本色，做到“天线随党转，百转不离心”。今天，他们用原创MV《警视云天》向祖国报告。（刘新、唐智超、刘家成、张晗）,https://www.douyin.com/video/7285293888191909177,学习军团,1.0,4.0,,1,
8682,快来收下这份来自中国军人的新年祝福！简直太！帅！爱了爱了！,https://www.douyin.com/video/7191695156318424323,联勤集结号,2.0,2.0,2.0,2,
2833,【军营一刻】趁班长在车外偷偷过把“嘴瘾” #军营一刻  #军营趣事（赵爽、郑洋榕、王庆华、冯浩）,https://www.douyin.com/video/7202982760317865274,八一青春方阵,2.0,0.0,,0,
7101,【 #快来一起当海军军官啦  】北京大学、清华大学、北京航空航天大学…… 只要你拥有梦想，向往大洋，就有机会通过直招军官活动，成为人民海军军官队伍的一员， 赶紧行动起来吧。戳视频，看火热招生现场！#毕业直接当军官 （孙巍 焦飞宇 池敬爽 宋浩 邱淑群 陈登科 张同欣 肖扬 刘礼鹏等 剪辑/宋浩）,https://www.douyin.com/video/7214719663966571831,人民海军,1.0,0.0,0.0,0,
9891,路遇老人骑车摔倒，休假武警及时出手（武警第一机动总队 顾伟伟、陈岩松；编辑：徐礼跃）,https://www.douyin.com/video/7303143034051415311,人民武警,1.0,1.0,1.0,1,
771,开火！咔咔咔……,https://www.douyin.com/video/7297069888504466751,中国军号,0.0,4.0,,4,
6554,5月14日，河南许昌市一居民家中突然失火，危急关头，正在老家探亲休假的西藏军区某边防团战士张云鹏，一边拨打报警电话，一边奋不顾身冲进火场救出七旬老人。（李盛林、陈长宏、骆欢、亚丹）#救火 #高原战士 #西藏军区 #正能量,https://www.douyin.com/video/7234122892659707151,高原战士,1.0,1.0,1.0,1,
7248,【随时能升空，升空必打赢】今天，第十批在韩中国人民志愿军烈士遗骸在空军“双20”飞机的接迎下回到祖国。参与护航任务的歼-20飞行员高中强，用这样的话语勉励自己，告慰先烈。#第十批在韩志愿军烈士遗骸回国 #双20列阵长空告慰革命先烈,https://www.douyin.com/video/7304553657582898471,人民空军,1.0,2.0,2.0,2,
10458,全国爱眼日，兵姐姐带你做眼保健操（武警江苏总队 文喆、郁帅；编辑：曾锦旭）,https://www.douyin.com/video/7241540558655687976,人民武警,,0.0,,0,
92,国防部新闻发言人就澳方炒作中澳军舰东海相遇事件答记者问（军事报道）,https://www.douyin.com/video/7304191169276300582,中国军网,1.0,3.0,,3,
9658,有一种手，叫做中国军人的手……,https://www.douyin.com/video/7196266826811084091,中国战略支援,1.0,2.0,2.0,2,
6879,【小白出海日记③：甲板招待会】晚风轻拂，吹过美丽海港，战舰之上，水兵情谊深长。海军的甲板招待会到底有多酷？又有哪些值得关注的亮点？跟随若男来一场沉浸式的体验吧！(刘若男 周密 朱华联 庄向伟),https://www.douyin.com/video/7263402934614887680,人民海军,1.0,0.0,0.0,0,
2386,当兵前VS当兵后，变化竟然这么大！ #青春无悔军营路 #青年官兵（张晓磊、齐婷婷、贺虹；编辑：郑洋榕）,https://www.douyin.com/video/7262336607175347516,八一青春方阵,2.0,0.0,,0,
10706,广东海警暖心护航中华白海豚群（广东海警局  江子波、倪成博 ；编辑：王燕婷）,https://www.douyin.com/video/7211459450073337149,人民武警,,0.0,,0,
6807,中国海军护航15周年双语宣传片 《16频道 》震撼发布！ 2008年12月26日，中国海军首批护航编队从三亚起航赴亚丁湾、索马里海域执行护航任务。15载岁月，中国海军在这条航线上，通过16频道发出1600余次呼唤与承诺，护卫7200余艘船舶安全航行。如今，16频道已成为中国海军的和平代码，成为大国担当的形象代言！#中国海军护航15周年   （编/孙晨旭 焦飞宇）,https://www.douyin.com/video/7315974372773186850,人民海军,1.0,0.0,0.0,0,
4713,#敬老院来了一群人民子弟兵 #防汛救灾一线 （记者：施   振、鞠海鸥；编辑：乔子丰）,https://www.douyin.com/video/7264169018011946301,忠诚号,1.0,1.0,,1,
3555,“愿大家不负少年模样”（程博洋 肖明辉 刘德文）#不负少年,https://www.douyin.com/video/7281954136709418275,人民前线,2.0,0.0,,0,
6576,“一人立功，全家光荣”  喜报，边防军人喜报、牌匾送到家。#中国军人 #高原战士 #二等功,https://www.douyin.com/video/7229656872893074747,高原战士,1.0,1.0,1.0,1,
1023,抢险一线 第82集团军某工兵旅架通“连心”桥,https://www.douyin.com/video/7263389214446849319,中国军号,1.0,1.0,,1,
4390,【#2023年国家公祭日 铭记历史 守望和平】天地英雄气，千秋尚凛然。在“国家公祭日”到来之际，武警第一机动总队某支队举行悼念仪式，通过默哀缅怀、敬献鲜花、重温军人誓词等方式，引导官兵铭记苦难历史，缅怀先烈丰功伟绩，从中汲取红色信仰力量，为实现强军目标勇毅前行。（周静、程文波）,https://www.douyin.com/video/7311914268230716672,中部号角,0.0,2.0,,0,
9830,军营打雪仗，能用盆的，绝不用手！ (武警山西总队 郑皓阳、冯朵；编辑：徐礼跃）,https://www.douyin.com/video/7311661525838728458,人民武警,2.0,0.0,0.0,0,
9280,你想了解95式多功能刺刀吗？快来看兵哥哥讲解吧！,https://www.douyin.com/video/7221429879256993061,中国战略支援,1.0,4.0,4.0,4,
10940,纵横全时域，驰骋天地间。人民空军成立74周年之际，推出系列短视频“与时代共奋飞”之《无畏》，带你感受空降兵部队高举旗帜、奋斗强军、跨越突破，从“空降尖刀”向“联合铁拳”加速迈进的时代风貌。,https://www.douyin.com/video/7299453327874624768,我们的天空,,0.0,,0,
4475,#中国医师节#中国医师节 点亮希望的灯，唤醒奇迹的光；日程填满奉献，征程满载辉煌，属性特殊，岗位特别；姓军为兵，大爱无疆，致敬军营里的“曙光守护者”。（宋伟、卢向东、马艺玮、王昕）,https://www.douyin.com/video/7268658255004552463,中部号角,1.0,0.0,,0,
2646,来感受下蛙式迷彩的“大智慧”！ #蛙服 #军事科普 #今日分享 （梁锴、徐国林、张嘉方 编辑：郑洋榕）,https://www.douyin.com/video/7228560348767358267,八一青春方阵,4.0,4.0,,4,
8811,享受网络生活，保护隐私信息#2023军营网络安全宣传周 （黎江、孟昊、浩东）,https://www.douyin.com/video/7279657683689540927,中国战略支援,1.0,3.0,3.0,3,
694,跟联合参谋探寻“参之道谋之法”！#强军新征程跑出加速度,https://www.douyin.com/video/7308327013503241506,中国军号,1.0,4.0,,4,
2716,当队礼与军礼相遇 ，一边是信仰、一边是希望 （许家铭、杜国宁、马嘉皓；编辑：马寅翔）,https://www.douyin.com/video/7218367921121185082,八一青春方阵,2.0,2.0,,2,
11492,近日，通信兵某部鸭绿江畔开展实战演训（郭永郎 孙萌 盘高天） #练兵备战 #高温   #人民子弟兵  #通信兵,https://www.douyin.com/video/7253413006296485160,永不消逝的电波,,4.0,,4,
8888,君子于役，圆满归期，不负青春，不留遗憾，卸下戎装奔赴新的征程，祝愿各位乘风破浪，披荆斩棘。(作者：赵威宇 编辑：王奕文),https://www.douyin.com/video/7273456941974719744,中国战略支援,1.0,2.0,2.0,2,
2151,军校学员用镜头定格400米障碍的高光时刻！（作者：张爱铭、邵渲博、罗富军、王贵婧 编辑：张一鸣）#军校学员 #青年官兵,https://www.douyin.com/video/7301481397099793702,八一青春方阵,2.0,4.0,,2,
3167,向大海发起冲锋！#海训 #游泳 #军事训练 （作者：范骞 、方锴  编辑：刘坚）,https://www.douyin.com/video/7253430813725871393,东部战区,1.0,4.0,,4,
8930,日本本州东海岸远海发生5.8级地震（中国新闻网）,https://www.douyin.com/video/7271046379726703912,中国战略支援,1.0,0.0,0.0,0,
3199,战风斗浪，海训开训！#海训 #练兵备战 #时刻准备着 （作者：葛斌、陈剑锋、金之焱 编辑：刘坚）,https://www.douyin.com/video/7242162241007652153,东部战区,1.0,4.0,,4,
7379,裸眼3D+超高清4K，81秒预热片开启空军航空开放活动之旅！#空军航空开放日 #长春航展,https://www.douyin.com/video/7258855409379724581,人民空军,1.0,0.0,0.0,0,
858,#迷彩婚纱照  上新！战马加白纱，浪漫升级！#军婚,https://www.douyin.com/video/7284799209033780535,中国军号,2.0,0.0,,2,
2203,警示教育以一种很新的方式进入我的脑子里  #青年官兵 （秦福尧、陈森亮）,https://www.douyin.com/video/7289349247172922639,八一青春方阵,0.0,0.0,,0,
8946,不是吧！不是吧！原来还有人七夕没牵手吗？（作者：肖光、肖秀勇、赵凡超、陈家玥 编辑：王奕文）,https://www.douyin.com/video/7270105941465419060,中国战略支援,1.0,0.0,0.0,0,
10735,老人晕倒，武警官兵及时救援，这一幕真暖心！（武警广西总队 赵浩钧、侯旭达；编辑：李楠）,https://www.douyin.com/video/7207771626623012111,人民武警,,1.0,,1,
9663,祝贺！我国大推力补燃循环氢氧发动机半系统试验圆满成功。2月2日，由航天科技集团六院11所（京）研制的大推力补燃循环氢氧发动机在北京101所进行了第二次半系统试验，试验取得圆满成功。本次试验进一步研究了补燃循环发动机工作协调性、结构可靠性，以及发动机起动关机程序。试验圆满成功标志着我国大推力补燃循环氢氧发动机技术取得重大突破，为重型运载火箭研制打下重要基础。#梦圆航天正当其时,https://www.douyin.com/video/7195831608975412537,中国战略支援,1.0,0.0,0.0,0,
942,原声纯享，专治火力不足 #看军事上军号,https://www.douyin.com/video/7270699622962646307,中国军号,1.0,4.0,,4,
5562,今天，他们对#爱人#深情表白~#520,https://www.douyin.com/video/7235069421511822644,西陆强军号,,2.0,,2,
1106,#运20接我上军校 我们蓝天见！,https://www.douyin.com/video/7257742909305326906,中国军号,1.0,0.0,,0,
10515,告别了胭脂水粉，收获了“戎装之美”（武警西藏总队 于有波、嘎玛益西；编辑：徐礼跃）,https://www.douyin.com/video/7235204755704925495,人民武警,,0.0,,0,
3346,撒“狗粮”了！这场军营求婚温馨又甜蜜 #求婚 #幸福 #温馨 （作者：钟炜俊、蒋蕉蔚、欧家程  编辑：梁瑞国）,https://www.douyin.com/video/7199974592742559033,东部战区,2.0,0.0,,2,
4828,峥嵘军旅路，转身亦光荣！#退伍不褪色 #退伍 （党一凡、苏灿豪、尚奇）,https://www.douyin.com/video/7206513644954324281,忠诚号,2.0,2.0,,2,
1654,和平友谊的“汉语桥”！感受中国传统文化的魅力,https://www.douyin.com/video/7224064516579937596,中国军视网,1.0,0.0,,0,
107,我们是合成营参谋！#强军新征程跑出加速度 #挑战100秒,https://www.douyin.com/video/7300545175540026674,中国军网,4.0,4.0,,4,
5145,“你们一点也没吃到……”老人含泪感谢人民子弟兵的这一幕， 看到落泪……#子弟兵 #感谢,https://www.douyin.com/video/7316032812967136550,西陆强军号,2.0,1.0,,2,
10229,武警全媒体走边疆 | 别眨眼，看着就够狠！（陈宇、张瑜、丁首越、岳彩嵩、奎子清、刘斌）,https://www.douyin.com/video/7263450718839786809,人民武警,,4.0,,4,
6545,520跑5公里！来一场对雪域边关的深情告白：边防有我在，祖国请放心！（徐勇、扎西平措、邓智文、胡金升）#适合520的告白文案 #520 #5公里 #高原战士 #告白,https://www.douyin.com/video/7235216736407112960,高原战士,1.0,1.0,1.0,1,
10789,武警重庆总队船艇支队组织水上实战演练（武警重庆总队 唐志勇、曹洋、王旭宝、潘越、徐优；编辑 丁镛瀚）,https://www.douyin.com/video/7201490057780284707,人民武警,,4.0,,4,
3951,这样的硬核变装你见过吗？（吴志翔 卞建行）#变装 #老兵 #荣誉,https://www.douyin.com/video/7213391085253578042,人民前线,2.0,0.0,,0,
8293,西方国家无法理解，中国人民解放军行为？哪里有灾情，哪里就有人民子弟兵！#中国军人 #军人 #让军人成为全社会尊崇的职业 #听党指挥作风优良能打胜仗 #人民子弟兵辛苦了,https://www.douyin.com/video/7246372703127620864,联勤集结号,2.0,1.0,1.0,1,
6424,近日，西藏军区某旅在任务途中，偶遇藏族同胞“探营”，官兵邀请同胞共享餐食。（王阿龙、潘磊磊、路前进）#军民鱼水情 #团结一家亲,https://www.douyin.com/video/7254773516065672508,高原战士,1.0,2.0,,2,
5842,海军第45批护航编队改编歌曲《闪光的日子》，致敬15载接力护航那些荣耀时光#半生雪护航版  #中国海军护航15周年  #大国担当 #中国军人带来的安全感,https://www.douyin.com/video/7316359140660481314,北海舰队,1.0,1.0,,1,
8763,"今天是9月25日，农历8月11，星期一，早安。
#一念心清净，莲花处处开。只要我们保持内心的情景，无论身在何处，都能#在平凡的事物中发现美好。#战支起床号 （作者：周永璇）",https://www.douyin.com/video/7282543657499020578,中国战略支援,0.0,0.0,0.0,0,
9985,廉洁文化在军营掀热潮（武警河南总队 王彬彬、兰武平、冯雨、乔智；编辑：曾锦旭）,https://www.douyin.com/video/7289401459332894004,人民武警,2.0,0.0,0.0,0,
7959,天冷了，家人们要注意保暖哦 （作者：谢宏沛、朱道鸿、程昊  编辑：黄镇强）#大雪 #兵哥哥 #185,https://www.douyin.com/video/7309315907153694002,联勤集结号,2.0,0.0,0.0,0,
10400,与“粽”不同的军营端午，一起来看吧（作者：李楠、卢然、徐礼跃；编辑：曾锦旭）,https://www.douyin.com/video/7247467208056507704,人民武警,,4.0,,4,
7854,东风快递员兔年送上最真的祝福,https://www.douyin.com/video/7191013898110242085,中国火箭军,1.0,2.0,2.0,2,
5853,1600批实力护航体现大国担当！外籍船长：非常感谢中国海军！#中国海军 #护航 #请祖国放心 #亚丁湾,https://www.douyin.com/video/7308670490304957730,北海舰队,1.0,2.0,,1,
10225,青藏公路唐古拉段，海拔超过5000米。武警全媒体走边疆记者队采访途中，对一名因感冒和高反导致呼吸困难的吉林游客进行紧急救助（杨剑、赵红郡；武警西藏总队 张磊；编辑：别特）,https://www.douyin.com/video/7264193400776314171,人民武警,,1.0,,1,
2228,一起来和国旗合影吧  #我跟国旗合个影  （易旺，乐鸿伟，李嘉兴；编辑：郑洋榕）,https://www.douyin.com/video/7284527570958257467,八一青春方阵,2.0,0.0,,2,
11329,沙场砺剑显锋芒，逐梦军营展英姿。（樊晶炜  邹吉津  李子璇  徐福浩）#军旅 #比武 #,https://www.douyin.com/video/7298292404451396904,永不消逝的电波,,4.0,,4,
8214,请全国人民放心，灾情面前，我们中国人民解放军誓死不退！（编辑:黄镇强）#解放军来了 #致敬人民子弟兵,https://www.douyin.com/video/7264161355836427572,联勤集结号,2.0,1.0,1.0,1,
7185,【#这是水兵最清澈的爱 ：水面舰艇官兵】2023年，我在上海吴淞军港站岗，丹心映山河，沙场砺精兵，何惧风雨来，我辈请长缨。#一起跨年 #水兵眼里的壮美山河 （孙巍 王虎 邱添硕 策划/孙晨旭 编辑/焦飞宇）,https://www.douyin.com/video/7183509486735232293,人民海军,1.0,0.0,0.0,0,
6150,直击演训场——近日，南部战区海军航空兵某部执行战备巡逻任务。（作者：高宏伟 秦钱江 彭玮晗 / 编辑：姬翔）,https://www.douyin.com/video/7194052140141219131,南海舰队,1.0,4.0,,4,
7218,党、国家、青年，天生一体；青年、五四、爱国，一脉相承。为庆祝第74个五四青年节，有着“特区精神文明仪仗队”美誉的东部战区陆军某海防旅“鼓浪屿好八连”官兵，和厦门市音乐学校学生相约美丽的鹭岛，共同唱响《追光》。海天之间，青春与青春碰撞，校服与军装辉映……（作者：张潇、陈德辉、姚运昌）#五四青年节,https://www.douyin.com/video/7229222519163637029,人民陆军,1.0,0.0,0.0,0,
5400,大运会开幕式！最后一张脸谱竟然是……#大运会#成都#变脸,https://www.douyin.com/video/7261059637829455165,西陆强军号,,0.0,,0,
2834,【参军记】如果说第一次入伍是为了梦想，那么二次入伍，就是为了信仰！ #参军记  #二次入伍  #好男儿就是要当兵 （丁美宁、高旭宇、徐佳伟、孙浩轩）,https://www.douyin.com/video/7202771892825115959,八一青春方阵,2.0,2.0,,2,
4098,边防官兵祝福到！祝大家新春愉快！（陆虎）,https://www.douyin.com/video/7191641959843302716,人民前线,2.0,2.0,,2,
11807,萌娃进军营，爱的六一“含军量”满满！（作者：郭澳 杜凯儒 陈正东 于家弘 李远洋 编辑：贺加）#六一儿童节 #军营生活 #点亮童年每一刻 #最难忘的瞬间,https://www.douyin.com/video/7239656013509446967,沧海铸剑,,2.0,,2,
1543,2023年空军航空开放活动•长春航空展现场：记者带你一睹“老兵”拉-11战斗机的风采,https://www.douyin.com/video/7260023078846041359,中国军视网,1.0,0.0,,0,
8328,一箭26星！力箭一号遥二运载火箭发射升空#中国航天 #卫星发射 #一箭26星,https://www.douyin.com/video/7241887984620948773,联勤集结号,2.0,0.0,0.0,0,
7562,"打得一拳开，免得百拳来。抗美援朝战争，我们取得了“立国之战”的不朽胜利。
在这场伟大战争中，197653名中华民族的优秀儿女英勇牺牲。致敬英烈！这盛世，如你们所愿！",https://www.douyin.com/video/7260385980257946899,中国火箭军,1.0,2.0,2.0,2,
8715,光影课堂⑤ | 实战来了！秋冬银杏可以这样拍→（林宗钰、王奕文、张萌、陈欣）,https://www.douyin.com/video/7305744086990966079,中国战略支援,1.0,0.0,0.0,0,
7673,换季用得上！火箭军兵哥哥教你衣物收纳术,https://www.douyin.com/video/7223642257973464381,中国火箭军,1.0,4.0,4.0,4,
4479,【#抗洪官兵在一线火线入党 】近日，中部战区陆军第82集团军某勤务旅在抗洪一线为官兵举行火线入党仪式。#哪里有危险哪里就有党员的身影 （ 编辑：常延凯）,https://www.douyin.com/video/7267746890383445263,中部号角,1.0,1.0,,1,
2071,今天学一下刺杀（赵冠 许韶玉 周家兴）,https://www.douyin.com/video/7184615951223000375,学习军团,1.0,4.0,,4,
7981,无论前方道路如何，中国军人从不向困难低头。（作者:余佳豪  编辑:黄镇强）#边防军人 #中国军人,https://www.douyin.com/video/7306497367556066595,联勤集结号,2.0,2.0,2.0,2,
3668,第71集团军某旅：重温军人誓词，建功强军事业（于小芳 何鋆）#誓词 #八一建军,https://www.douyin.com/video/7262302079497112832,人民前线,1.0,0.0,,0,
7555,积极的情绪可以提升我们身体的免疫力、提高工作效率、拓展思维逻辑、改善人际关系，只要通过恰当的方式，高温能心“飞扬”！,https://www.douyin.com/video/7263277985686506815,中国火箭军,1.0,0.0,0.0,0,
8044,大风下，中国军人依然纹丝不动！（编辑:邢雨辰）#军人 #中国军人 #站岗执勤,https://www.douyin.com/video/7295186608305753344,联勤集结号,2.0,2.0,2.0,2,
4897,唯快不破，快来看地导兵的训练日常#训练 #泰裤辣 #兵哥哥,https://www.douyin.com/video/7296143864123952434,中部空军,2.0,4.0,,4,
6752,会武术的兵哥哥，太酷了！（武术、田建、付婷、罗耀、涂志伟）#迷彩青春 #中国武术,https://www.douyin.com/video/7230014132177685799,喀喇昆仑卫士,1.0,0.0,0.0,0,
8160,如何处理好战友之间的矛盾（作者:李瑞琪、江玲玲   编辑:邢雨辰）#军营趣事 #战友情 #军营一刻 #女兵,https://www.douyin.com/video/7275666165551123727,联勤集结号,2.0,0.0,0.0,0,
5874,煎炸蒸炒烹万千美食，油盐酱醋调军营百味。世界厨师日，一起来为军营炊事员点赞！#海军 #炊事员 #厨师 #美食 #后厨,https://www.douyin.com/video/7291940973582617893,北海舰队,1.0,4.0,,4,
8812,今天是9月17日，星期天，早安。当一个人踮起脚尖靠近太阳的时候，全世界都挡不住他的阳光。#战支起床号 （剪辑：张政、刘文莉 编辑：王奕文）,https://www.douyin.com/video/7277515509443169594,中国战略支援,1.0,0.0,0.0,0,
11723,新年第一天，与兵哥哥一起把太阳迎进祖国！ #2024 #新年快乐 #下一站2024年 （素材：刘嘉淇 李政林 陈正东 张楚 编辑：贺加）,https://www.douyin.com/video/7318787662205177098,沧海铸剑,,0.0,,0,
10484,女子晕倒，武警官兵“话唠式”救助，让人倍感暖心（作者：曾锦旭、武警第一机动总队 史兆枫、周静、罗杨枫；编辑：徐礼跃）,https://www.douyin.com/video/7238559290913623352,人民武警,,1.0,,1,
1487,火力值爆表！炮兵群实弹射击原声震撼来袭,https://www.douyin.com/video/7275247501031116047,中国军视网,1.0,4.0,,4,
6067,一批又一批有志青年怀揣着憧憬和理想应征入伍，今天，带你走进北部战区海军某训练基地，回味他们的“兵之初”。（林明月 刘腾飞 王远方 汪星宇 徐凤祥）#人民海军,https://www.douyin.com/video/7217773596066745659,北海舰队,1.0,4.0,,4,
10954,用原神和开心超人打开军兵种系列（作者:马小尉、康廷磊、张学斌   编辑:黄镇强）#开心宝贝 #原神 #军兵种系列,https://www.douyin.com/video/7287907079472434467,联勤集结号,2.0,4.0,4.0,4,
7742,重温雷锋日记 争当雷锋传人⒃《雷锋日记》1961年3月某日,https://www.douyin.com/video/7210654775426305336,中国火箭军,1.0,2.0,2.0,2,
767,双语短片《More Than Brave • 不止勇气》重磅发布！#人民空军74周岁生日快乐  #与时代共奋飞,https://www.douyin.com/video/7298170617679858984,中国军号,0.0,0.0,,0,
11702,2023，通信兵给您拜年啦！#温暖平安过大年 #致敬最可爱的人民子弟兵 #中国军人 #祝福我们伟大的祖国繁荣昌盛国泰民安,https://www.douyin.com/video/7191362046573727032,永不消逝的电波,,2.0,,2,
11595,直击——信息通信部队驻京某部，新兵团开训动员爆燃现场（赵海廷、李可、杨鹏）#中国军人 #刺杀操 #新兵训练 #开训动员,https://www.douyin.com/video/7216508368972713276,永不消逝的电波,,4.0,,4,
7222,#跨越时空的对视 近日，陆军工程大学石家庄校区青年学员和参战老兵一同来到西柏坡纪念馆参观见学、寻根溯源。未来属于青年，希望寄予青年。矗立的纪念碑下，一份期许，一份传承，跨越时空的对视，催生军校学子无限的奋进力量。（作者：吴树明、徐可、张庭瑞、程涵阳）,https://www.douyin.com/video/7223566175769218360,人民陆军,1.0,2.0,2.0,2,
1310,全国人大代表刘洋：永不止步的太空“摘星人”！#云观两会  #军营两会直通车  #春天里的强军号角  #强军新征程跑出加速度,https://www.douyin.com/video/7207628181954759994,中国军号,0.0,0.0,,0,
9017,祝贺！#谷神星一号遥七运载火箭发射成功  （刘向东、瞿良、王奕文）,https://www.douyin.com/video/7265553275938737468,中国战略支援,1.0,0.0,0.0,0,
2048,当第一次在部队过年的他想起了家人……（陆虎）#思念 #感动,https://www.douyin.com/video/7191358735741160741,学习军团,2.0,2.0,,2,
1096,美军的地图印在丝绸上，我军的地图印在脑海里。#抗美援朝  #看军事上军号,https://www.douyin.com/video/7258833352424164664,中国军号,2.0,0.0,,0,
3947,装甲分队夜间射击（彭志富）#夜间射击 #曳光弹 #坦克射击 #坦克 #实弹射击,https://www.douyin.com/video/7214046900788530490,人民前线,1.0,4.0,,4,
649,放开了吃，咱管够！#甘肃加油,https://www.douyin.com/video/7314495285508508962,中国军号,2.0,1.0,,2,
4356,千言万语汇成一句：“我爱你，中国！”#国庆 #军人风采 #空军,https://www.douyin.com/video/7284795308205182266,南部空军,1.0,1.0,,1,
6187,从哪一秒开始，锁住了你的目光。（马兴科、谭少涵、李宏伟）#压迫感够强吗 #哪一秒击中了你,https://www.douyin.com/video/7299016182403763519,高原战士,1.0,4.0,,4,
8515,把照片放在你的左边口袋，那是离心脏最近的地方#兵哥哥 #军恋 #异地恋 #参军入伍 #185大帅哥,https://www.douyin.com/video/7212519952077655311,联勤集结号,2.0,0.0,0.0,0,
11691,精彩预告【电波携手某部2023新春团拜会】，今晚19点，与你不见不散#祝大家2023年兔年大吉 #祝福我们伟大的祖国繁荣昌盛国泰民安 #致敬所有当过兵的战友 #喜迎2023年唱响红歌,https://www.douyin.com/video/7192097431130033445,永不消逝的电波,,0.0,,0,
11087,战斗值拉满！走进空降兵战士的搏击日常(张宇 冯顺利 张强 江成 许洋),https://www.douyin.com/video/7221518341368843552,我们的天空,,4.0,,4,
10751,#致敬了不起的她# 退伍季，女兵泪别军营（武警江西总队 涂浩、师锐；编辑 吴敬楠）,https://www.douyin.com/video/7206296112595078459,人民武警,,2.0,,2,
11780,燕子历险记，结尾超精彩！#一定要看到最后 #战地 #兄弟情 #刺激战场 (作者：高子祺 贺加 杨乐 韩森  编辑：贺加),https://www.douyin.com/video/7263404813042355514,沧海铸剑,,4.0,,4,
2733,这个系列怎么能少得了兵哥哥！ #春风吹住了慢动作 #耽误你几秒钟心动一下（洪志顺、胡守富）,https://www.douyin.com/video/7215561069199183156,八一青春方阵,2.0,0.0,,0,
7573,一首好听的歌曲，送给追逐梦想的你→《望着远方的灯光》花儿向着太阳，江河奔向海洋；白云追逐蓝天，大雁迎风飞翔；长路通向远方，长夜仰望星光；白帆乘风破浪，征途只为梦想......,https://www.douyin.com/video/7254377534991797516,中国火箭军,1.0,0.0,0.0,0,
8959,反“独”促统，台湾当归！,https://www.douyin.com/video/7269281157752114472,中国战略支援,1.0,1.0,1.0,1,
10417,【兵说兵事|义务兵选改士官，需要具备啥条件？】（作者：王文、赵冰晶、丁首越、岳彩嵩；编辑：华巍）,https://www.douyin.com/video/7245582254808878394,人民武警,,0.0,,0,
8739,1989年出生，34岁的唐胜杰是中国最年轻的飞天航天员！“我的家乡甘肃有着敦煌飞天的神话传说，能为祖国出征太空是无上的光荣”（央视新闻）,https://www.douyin.com/video/7293818704633007396,中国战略支援,0.0,0.0,0.0,0,
650,解放军进驻澳门24周年，今天的C位属于驻澳门部队！,https://www.douyin.com/video/7314209152782322984,中国军号,1.0,4.0,,1,
5336,直击！东部战区位台岛周边联合演训现场画面#东部战区位台岛周边演训#坚决捍卫祖国统一#时刻准备着,https://www.douyin.com/video/7268891814239800631,西陆强军号,,1.0,,1,
8378,这样的高颜值、高学历的人民军医，谁不爱(作者:章一寒   编辑:黄镇强)#人民军医 #185大帅哥 #人民医生 #军医,https://www.douyin.com/video/7237352752165244219,联勤集结号,2.0,0.0,0.0,0,
2988,12.13国家公祭日 #国家公祭日 #缅怀先烈 #铭记历史 （作者：熊文杰、王靖宇 编辑：李润泽）,https://www.douyin.com/video/7311869460820921612,东部战区,0.0,0.0,,0,
7355,重磅！空军“模范地空导弹营”宣传片《飞鸣镝》发布#模范地空导弹营 #空军 #强军之路,https://www.douyin.com/video/7261754550032420154,人民空军,1.0,4.0,4.0,4,
6022,有一种传承叫“长大后我就成为了你”。虽身处不同时代，却有着同样的家国情，接过手中的钢枪，是信仰的传递，也是使命的传承。#母亲节快乐 #海军 （作者：陈浩铭、宋安乐、何楠钦、张鑫祥、张枭、刘保尧，编辑：娄欣辉）,https://www.douyin.com/video/7232669061400775995,北海舰队,1.0,2.0,,2,
9796,灾区十岁男孩意外受伤 武警军医紧急救治 （武警甘肃总队 刘亚斌 人民武警新媒体记者 李楠、徐礼跃；编辑：陈绿祥）#甘肃加油 #暖心一幕,https://www.douyin.com/video/7315757083490602277,人民武警,1.0,1.0,1.0,1,
3173,城镇进攻，出击！#城镇攻防 #实战练兵 #军事训练 （作者：池俊成、高斗、邱学文、韩宇  编辑：刘坚）,https://www.douyin.com/video/7251573240647224608,东部战区,1.0,4.0,,4,
8398,演员李某某严重侮辱人民军队被警方立案调查#笑果文化被立案调查 #笑果艺人涉嫌辱军 #笑果文化李昊石 #李昊石被立案调查 #北京警方对李昊石立案调查,https://www.douyin.com/video/7234168461272943887,联勤集结号,2.0,0.0,0.0,0,
7754,重温雷锋日记 争当雷锋传人⑩《雷锋日记》1961年4月某日,https://www.douyin.com/video/7208702340797353272,中国火箭军,1.0,2.0,2.0,2,
9721,中国战略支援新媒体账号《礼赞新时代 奋进新征程》电影《长津湖》、《长津湖之水门桥》精彩片段。#长津湖 #长津湖之水门桥 （熊飞）,https://www.douyin.com/video/7192502402417741116,中国战略支援,1.0,0.0,0.0,0,
1318,1号目标，“敌”坦克，摧毁！,https://www.douyin.com/video/7204661108555156797,中国军号,1.0,4.0,,4,
4901,小小萌娃进军营，爱国种子驻童心#祖国的花朵未来的栋梁 #幼儿园 #萌娃 #军营,https://www.douyin.com/video/7294281526999665957,中部空军,2.0,0.0,,0,
2342,兵姐姐的硬核变装  #兵姐姐 #变装（张晓磊、齐婷婷、贺虹；编辑：郑洋榕）,https://www.douyin.com/video/7267718356726205730,八一青春方阵,2.0,0.0,,2,
9422,祝贺！#我国成功发射高分十三号02星 （胡煦劼、车元元、瞿良）,https://www.douyin.com/video/7211441260710710583,中国战略支援,0.0,0.0,0.0,0,
8766,新兵！请入列！（作者：林文彬、杨凯、齐琦、李肖依、张辰泽 编辑：王奕文）,https://www.douyin.com/video/7282333714657332520,中国战略支援,1.0,0.0,0.0,0,
4168,战舰上的“世纪婚礼”，硬核又浪漫！（李虹明）,https://www.douyin.com/video/7298530177808731432,南部战区,2.0,0.0,,2,
8808,@ 新战友们：入营温馨指南来了，请查收！（张洪宇、谭敏、田云龙、林宗钰 编辑：王奕文）,https://www.douyin.com/video/7279661487310867775,中国战略支援,1.0,0.0,0.0,0,
9820,热血重燃！这部舞台剧带你重回战场 （武警第一机动总队 王长宇、周静、程文波；编辑：徐礼跃）,https://www.douyin.com/video/7312795300408741146,人民武警,1.0,0.0,0.0,0,
1362,喜迎新春佳节，@武大靖 向可爱的人民子弟兵拜年啦，祝愿你们新春快乐，再立新功！#你好哨兵,https://www.douyin.com/video/7191075300090858809,中国军号,2.0,0.0,,0,
9295,#演习 现场，空军飞行员俯瞰#台岛 中央山脉。,https://www.douyin.com/video/7220584275291196728,中国战略支援,1.0,1.0,1.0,1,
1582,迫击炮中的“大块头”！看炮弹的大小就知道威力了（黄萍 张晨 ）,https://www.douyin.com/video/7242548736709233960,中国军视网,1.0,4.0,,4,
5669,时代召唤，从戎报国！2023上半年直招军官报名开始！,https://www.douyin.com/video/7213211147409902863,西陆强军号,,0.0,,0,
7419,【这是一段关于导航兵的故事】他们远离城市的喧嚣，在广袤无垠的戈壁滩上，用跳动的电波指引战鹰远航。他们虽脚踏黄沙但梦枕星河，虽默默无闻但使命荣光，虽无法翱翔蓝天却始终心系直上苍穹的战鹰，这就是他们特有的浪漫军旅。暮去朝来，白驹过隙，流淌的是岁月，不变的是坚守。他们践行着铮铮誓言，续写着无限忠诚，风雨兼程，一路守航！（作者：杨子皓　吕　昌  潘健飞  林嘉诚  刘建超）#空军,https://www.douyin.com/video/7220259349904559397,人民空军,1.0,0.0,0.0,0,
3449,虽然脱下了军装，但军魂永在！ #退伍不褪色 #老兵 #退役军人,https://www.douyin.com/video/7307424373252656420,人民前线,2.0,2.0,,2,
9775,跟随武警官兵，一起参观八路军太行纪念馆 （武警山西总队 朱玉琪 余祖磊 乐鸿伟；编辑：周迪夷）,https://www.douyin.com/video/7318347566784023817,人民武警,1.0,2.0,2.0,2,
1577,威力强劲！多视角感受爆破现场带来的震撼,https://www.douyin.com/video/7246750532507897144,中国军视网,1.0,4.0,,4,
3246,中国军人正青春！#五四青年节 #青年官兵 #中国军人 （作者：宋积忠、彭齐、周鑫 编辑：冯冲浪）,https://www.douyin.com/video/7229323178185608485,东部战区,2.0,0.0,,0,
5205,赖清德声称若自己当选#两岸发生战争几率“最低”，#国台办回应！（来源：央视新闻）,https://www.douyin.com/video/7301619128933125414,西陆强军号,1.0,1.0,,1,
6,"年度收官，深情告白！
双语短片《时刻·中国军队丨PLA in Every Minute》倾情呈现",https://www.douyin.com/video/7317843836129070387,中国军网,2.0,1.0,,1,为祖国而战
5310,驼铃声响，纵有万般不舍，也要踏上新的征途，老兵珍重！（作者：闫子恒 杨博）#你在抖音搜什么 #退伍季#老兵#青春的样子,https://www.douyin.com/video/7274081914586172709,西陆强军号,1.0,2.0,,2,
11360,这里有一份新兵入营指南！请注意查收！（白婉茹 马鑫 和晓丽）#新兵 #入伍参军,https://www.douyin.com/video/7282222871521332480,永不消逝的电波,,0.0,,0,
1120,班长，你成功地打到了我的知识盲区,https://www.douyin.com/video/7254737780964740408,中国军号,2.0,4.0,,4,
6190,直击年终考核现场。（马兴科、谭少涵、文崇崇、胡海）#考核 #现场直击,https://www.douyin.com/video/7298309990475959592,高原战士,1.0,4.0,,4,
5745,大年初一，官兵用吊车升起五星红旗，迎接新的一年！,https://www.douyin.com/video/7191325377199918371,西陆强军号,,0.0,,0,
10237,武警全媒体走边疆丨一镜到底看高原营区美食集市（武警西藏总队 荣刚明、王世超、张磊；编辑：别特）,https://www.douyin.com/video/7263082479840529721,人民武警,,4.0,,4,
6537,班长唠叨兵莫怪，认真听讲好好开！军营科目三，新学员进行夜间驾驶复训（张军 陈雨濛 王进）#驾驶学员 #夜训 #军营科目三  #高原战士,https://www.douyin.com/video/7236293871792082216,高原战士,1.0,4.0,4.0,4,
3322,燃 ！重型装甲跨昼夜超硬核开火#硬核  #实弹 （作者：樊斌、刘龙、李润泽   编辑：梁瑞国）,https://www.douyin.com/video/7207760749232393531,东部战区,1.0,4.0,,4,
4188,赠你宇宙独有的温柔,https://www.douyin.com/video/7273790561566330147,南部战区,2.0,0.0,,0,
5780,高原官兵用远火装备吊车升旗，迎接新的一年！,https://www.douyin.com/video/7183608442341379343,西陆强军号,,0.0,,0,
1267,召唤憨厚战友，你想试试嘛？#画个太阳送给你 #兵哥召唤术,https://www.douyin.com/video/7220687823844773176,中国军号,1.0,0.0,,0,
8910,#中国 #地图 #2023 一点都不能错！#2023版标准地图今天正式发布（央视军事）,https://www.douyin.com/video/7272235724169055523,中国战略支援,1.0,0.0,0.0,0,
5418,#盘点#军营#神器 之黑挂包#官方cp军用水壶！,https://www.douyin.com/video/7259326277985766717,西陆强军号,,4.0,,4,
7877,沉浸式启封2023年新礼物,https://www.douyin.com/video/7187946768586247483,中国火箭军,2.0,4.0,4.0,4,
11726,山河已无恙，吾辈当自强！这盛世，已如您所愿！ （编辑：赵志峰 声明：部分素材来源于网络）,https://www.douyin.com/video/7316845401733074214,沧海铸剑,,0.0,,0,
7595,端午节的爱国主义情怀网上诗歌朗诵会——《关山月》,https://www.douyin.com/video/7248056527561510182,中国火箭军,1.0,0.0,0.0,0,
6471,枪出如龙，杀气十足！带你沉浸式感受高原战士刺杀对抗训练。（李航、田志雄、罗煜杰、张维国）#刺杀对抗训练  #高原战士  #超燃,https://www.douyin.com/video/7247711394278149436,高原战士,1.0,4.0,,4,
8547,儿童感染甲流流感症状有哪些？需要注意几点！(作者:李小波    编辑:黄镇强)#甲流 #儿童甲流 #如何应对甲流高发期 #甲流怎么预防 #军医,https://www.douyin.com/video/7208528186215288079,联勤集结号,2.0,0.0,0.0,0,
9625,#空军战机驱逐外机分为哪三步？,https://www.douyin.com/video/7197967900961934648,中国战略支援,1.0,1.0,1.0,1,
9681,看完电影《满江红》后，战略支援部队某部应急救援分队走出了“满江红”步伐！（臧家祥、郑高泽）#满江红,https://www.douyin.com/video/7194704298918333733,中国战略支援,1.0,0.0,0.0,0,
1677,实弹射击！近距离感受炮兵分队的威力,https://www.douyin.com/video/7220351240075578682,中国军视网,1.0,4.0,,4,
7032,【传承 | 2023年人民海军成立纪念日“第二季·我和我的家乡③”】：作为我国第一代核潜艇总设计师，为了国家利益，中国工程院院士黄旭华潜心技术攻关60多年，为中国核潜艇的发展做出了巨大贡献。如今，服役于某潜艇部队的黄庆鹏，跟随家乡前辈的脚步，加入水下长征的壮阔航程，在静谧幽深的深海战位，扎根苦干，多次立功受奖。（肖勇利 邓博宇 杨晨 张立伟 宋浩  编/孙晨旭 池敬爽）#人民海军成立74周年 #壮丽新航程 #强军十年海军时刻,https://www.douyin.com/video/7224427893630291256,人民海军,1.0,0.0,0.0,0,
4496,【打通救援通道！#工兵旅再架支援桥 】在北京方向救灾行动中，中部战区陆军第82集团军某工兵旅承担着房山区十渡方向主干道路贯通任务。8月8日，记者也在现场记录下架设重型支援桥的情况，这也是他们在这个救援方向架设的第二座重型支援桥。（李迎新、樊斌、聂宏杰、刘敏、刘新雨、李磊、陈良、张小乐、张钰林、杨仕伟、薛陈浩、杨梦菲  编辑：常延凯）,https://www.douyin.com/video/7265155922702519592,中部号角,1.0,1.0,,1,
9044,#地震预警 您手机的地震预警功能开了吗？10秒教您开通,https://www.douyin.com/video/7264018812851293455,中国战略支援,1.0,1.0,1.0,1,
9718,13年来第一次在家陪孩子过年。（央视军事）,https://www.douyin.com/video/7192947718061444407,中国战略支援,1.0,2.0,2.0,2,
6946,【海军湛江舰抵达马来西亚兰卡威附近海域集结锚地】5月22日下午，参加第16届兰卡威国际海事和航空展的中国海军湛江舰，位兰卡威附近海域锚泊，与其他参展国舰艇完成集结。随后几天，湛江舰将组织舰艇开放日和甲板招待会，参加阅舰式、兰卡威海事会议等活动。（焦飞宇 张淦 姜海涛 张虎志 冯俊菘 剪/冯伟豪）,https://www.douyin.com/video/7236018197642628413,人民海军,1.0,1.0,1.0,1,
2735,当单位通知明天考核，兵哥哥的神级反应，像不像抱佛脚的你！ #体能考核 #临阵磨枪不快也光（王超、张昊、艾孜合尔；编辑：姚天宝）,https://www.douyin.com/video/7215556946613587234,八一青春方阵,2.0,0.0,,0,
2137,她说想要出去闯闯，直到变成最美的样子（朱玫琦、孟宇博、高溦宜；编辑：郑洋榕） #兵姐姐 #一切都是最好的安排,https://www.douyin.com/video/7304977718062517514,八一青春方阵,2.0,0.0,,2,
2941,稳！准！狠！带你沉浸式体验榴弹发射器射击  #实弹射击  #榴弹发射器（钱成、苏敬豪、徐家宝）,https://www.douyin.com/video/7187035521208618298,八一青春方阵,2.0,4.0,,4,
9782,硝烟四起，直击武警第一机动总队冬日练兵场 （武警第一机动总队 赵宏超 高天翔 刘虎 高子涵；编辑：周迪夷）,https://www.douyin.com/video/7317612128469323062,人民武警,1.0,4.0,4.0,4,
3047,单杠1—8练习一镜到底，等你来挑战!#兵哥哥  #单杠  #军体训练  （作者：林玉锋、李果霖、陈露洋 编辑：牟泓）,https://www.douyin.com/video/7290488006073388307,东部战区,4.0,0.0,,0,
3097,海上列阵，舰艇编队，开火！#军舰  #实弹射击  #时刻准备着  （作者：危乔巧、马宇辰、王悦、沈扬 编辑：刘坚）,https://www.douyin.com/video/7276062535420333331,东部战区,1.0,4.0,,4,
10403,“粽”香漫军营，快来跟武警官兵一起过端午吧（武警甘肃总队 冯鹏慧、杨歆茗；编辑：曾锦旭）,https://www.douyin.com/video/7247465623113026853,人民武警,,4.0,,4,
11586,时而暴躁，时而温柔，你们的新兵班长也是这样吗（连天、刘存杰、梁杰茹）#新兵请入列 #新兵训练 #新兵日记,https://www.douyin.com/video/7219218150301224249,永不消逝的电波,,2.0,,2,
4487,【中部战区靠前指挥，军地联合打赢防汛抗洪战！】连日来，中部战区天津方向联合指挥所靠前指挥、科学统筹，联合指挥天津军地多方力量对大清河、子牙河沿岸等任务区防护情况进行全线巡查，各任务部队严防死守，确保海河流域大堤稳定。（李迎新、吴楠、刘新雨、杨峰、樊怀乾、赵启亮、张志强、邵将、张子阳、陈龙、杨仕伟、张晓磊 编辑：常延凯 ）,https://www.douyin.com/video/7266051297248431412,中部号角,1.0,1.0,,1,
980,齐心协力，重建家园！#看军事上军号,https://www.douyin.com/video/7267069307379649851,中国军号,1.0,1.0,,1,
7201,一首《风雨中的希望》 ，#致敬奋战在抗洪一线的人民子弟兵,https://www.douyin.com/video/7269702528110054668,人民陆军,1.0,1.0,1.0,1,
6068,忆往昔，护卫劲旅心向党，艨艟铁骑闯大洋；看今朝，思想旗帜领航向，奋斗强军写荣光。北部战区海军某护卫舰支队官兵在学习宣传贯彻党的二十大精神中，采取兵写兵、兵演兵、兵唱兵的形式，改编冬奥歌曲，抒发报国情怀，唱响奋进新征程、建功新时代的豪迈乐章！#人民海军,https://www.douyin.com/video/7217771468887739708,北海舰队,1.0,0.0,,0,
2805,向着目标奔跑尽是青春的模样  #军校生  #请你不要到处扣扣 （白冠华、马海霖、刘柱成）,https://www.douyin.com/video/7207015019488300325,八一青春方阵,2.0,0.0,,0,
3171,想看海吗，走~#海训 #游泳 #军事训练 （作者：刘庆峰、吴昊宇、金之焱、徐展鹏  编辑：刘坚 ）,https://www.douyin.com/video/7252302403809086724,东部战区,1.0,4.0,,4,
5244,"1964年10月16日，中国第一颗#原子弹 #爆炸 成功！
“东方巨响”震惊了世界！",https://www.douyin.com/video/7290409273014734136,西陆强军号,1.0,4.0,,1,
3499,军旅人生，忘不了的回忆！（吴东明）,https://www.douyin.com/video/7294555373401378100,人民前线,1.0,0.0,,0,
706,“为人民服务就是我的自觉追求！”一起听2023年度#最美退役军人 陶依嘉的心声！,https://www.douyin.com/video/7306431308111056166,中国军号,2.0,2.0,,2,
872,热血！#练好咱的舰守好咱的国  #中秋奇妙游,https://www.douyin.com/video/7283883761664560418,中国军号,1.0,2.0,,1,
5032,“嘴角上扬15度”，给你的生活加点糖~#世界微笑日 #嘴角向上笑一个吧 #加点糖,https://www.douyin.com/video/7230422847598890296,中部空军,2.0,0.0,,0,
5187,#退伍季 战友们为#退伍军人列队送行,https://www.douyin.com/video/7308704764617952522,西陆强军号,2.0,2.0,,2,
6500,精彩！直击高原军事运动会现场。（加永克珠、徐观念、张连元、李波）#军事运动会  #高原战士,https://www.douyin.com/video/7242152260476718370,高原战士,1.0,0.0,0.0,0,
1709,一波火力输出！精准打击目标,https://www.douyin.com/video/7213675967238229303,中国军视网,1.0,4.0,,4,
11818,蒙眼逃生，比我快的，站出来！#挑战 #不服来战 #舰艇 #军事训练 (作者：赵一 马天阳 张楚 李智博 王小萱  编辑：张楚）,https://www.douyin.com/video/7232256641654082872,沧海铸剑,,4.0,,4,
2320,增强保密意识，严守保密纪律，筑牢保密防线   #保守国家秘密人人有责 #孤注一掷 （宋强；编辑：郑洋榕）,https://www.douyin.com/video/7270133191644564795,八一青春方阵,2.0,0.0,,0,
5818,新战友入营，期待你们的蜕变成长！（ 作者：崔义佳 曹超 谢杨）#又是一年入伍季 #青春无悔军营路 #北陆强军号,https://www.douyin.com/video/7211482033263054114,北陆强军号,,0.0,,0,
10963,用喊麦方式，打开各军兵种，为喜欢的军兵种点个赞（黄镇强、韩咏轩）#军兵种打开方式  #入伍参军 #解放军,https://www.douyin.com/video/7279593376805113122,联勤集结号,2.0,0.0,0.0,0,
3776,诡雷陷阱（宇航）#军事训练,https://www.douyin.com/video/7243269874196303156,人民前线,1.0,4.0,,4,
7549,军迷减速带！速速感受66秒钟的硝烟味道！,https://www.douyin.com/video/7269315172118826279,中国火箭军,1.0,4.0,4.0,4,
1135,专家：台军渲染“第一击”暴露色厉内荏，嘴硬心慌！#军事制高点 #国际,https://www.douyin.com/video/7251513091601583418,中国军号,1.0,1.0,,1,
11205,今天是#九一八事变爆发92周年#，第71集团军“攻坚劲旅”官兵开展“铭记历史、深切缅怀”活动，激励广大官兵永远铭记历史、砥砺奋勇前行。（视频：付少旋、李光跃、郭丰、孙海波）,https://www.douyin.com/video/7280145478841404709,亮剑东南,,1.0,,1,
7841,我们的年#年年岁岁护你平安,https://www.douyin.com/video/7192044344289938746,中国火箭军,1.0,1.0,1.0,1,
9085,这条视频，我们准备了整整一年！忠实记录战略支援部队在强军兴军征程中的铿锵步伐，广大官兵在新域新质作战力量上奋勇攀登的昂扬风貌。让我们一起《看见军营》#中国战略支援新媒体账号上线一周年,https://www.douyin.com/video/7262297639327223077,中国战略支援,1.0,0.0,0.0,0,
4081,节日不忘战备，军人枕戈待旦（郭飞 黄保传 王兴）,https://www.douyin.com/video/7193903482351553848,人民前线,2.0,4.0,,1,
1970,左手牵你，右手敬礼（李倩 李振杰 周小强 陶德胜 刘湘辉）#520,https://www.douyin.com/video/7234837556662209803,学习军团,2.0,2.0,,2,
11076,#长空之王官宣 《长空之王》走进空降兵部队，致敬“真正的主角”（郭籽材  陈思  陈为森 田庚元）#中国空降兵,https://www.douyin.com/video/7228154661990042939,我们的天空,,0.0,,0,
4908,“火力全开”，兵哥哥们的军体运动会燃爆全场#火力全开 #运动会 #兵哥哥,https://www.douyin.com/video/7290940545810091321,中部空军,2.0,0.0,,4,
2190,戎装写忠诚，红装托终生，我们的爱情请祖国见证 #军营集体婚礼（王浩嘉、李天皓 ),https://www.douyin.com/video/7291656042172239138,八一青春方阵,2.0,0.0,,2,
11597,走，当兵去（关森予、刘颖、汪涛）#参军入伍 #兵哥哥兵哥哥 #春季新兵入伍,https://www.douyin.com/video/7215406925364661564,永不消逝的电波,,0.0,,0,
2970,节日不忘战备！时刻准备战斗！ #节日战备 #训练 #超燃 （作者：赵前松 编辑：付恩诚）,https://www.douyin.com/video/7318407326023568651,东部战区,2.0,4.0,,4,
6806,《16频道》英文版来了！你能否读懂中国海军护航的15载春秋？,https://www.douyin.com/video/7316347472542993664,人民海军,1.0,0.0,0.0,0,
4150,《你好 新战友》第三期 下连后的生活和你想象的一样吗？（李曼 潘磊 钱声杭）,https://www.douyin.com/video/7183580847486930236,人民前线,2.0,0.0,,0,
871,直播预告！“中秋·国庆”156小时#你好哨兵  慢直播邀你云站岗 #繁华如你守护有我  #看军事上军号,https://www.douyin.com/video/7284054587512835343,中国军号,1.0,1.0,,1,
8446,直击现场！首架接返苏丹撤离中国公民临时航班抵达北京#直击苏丹撤侨现场 #中国军舰赴苏丹撤侨 #中国公民从苏丹撤离画面,https://www.douyin.com/video/7227331937575161123,联勤集结号,2.0,1.0,1.0,1,
11186,"2023官兵说说心里话……
作者：郭 鑫  白 锋  郑 旭
编辑：申明明  孙孝忠",https://www.douyin.com/video/7183969603771534647,80强军号,,0.0,,0,
5281,#九一八事变 铭记血泪历史，砥砺民族复兴。#勿忘国耻，吾辈自强！,https://www.douyin.com/video/7280018158751190330,西陆强军号,1.0,2.0,,1,
4642,【开训！#中部战区部队吹响新年度军事训练号角 】新年伊始，万象更新！中部战区部队座座军营吹响新年度军事训练号角，官兵们斗志昂扬、动若风发全面掀起实战化练兵热潮！#有一种燃叫中国军人 #军训,https://www.douyin.com/video/7185110891061480737,中部号角,1.0,4.0,,4,
1293,海上“狂飙”，抢滩登陆它来了！,https://www.douyin.com/video/7212424790873853242,中国军号,1.0,4.0,,4,
9829,用可爱的方式打开手榴弹实投 (武警山东总队 杨一鸣、李星佑、杨鑫庆；编辑：徐礼跃）,https://www.douyin.com/video/7311663681635519794,人民武警,2.0,4.0,4.0,4,
4587,【现场直击丨装甲分队实弹射击狂飙出击！】近日，中部战区陆军第81集团军某合成旅，在塞北某训练场组织装甲分队展开行进间目标射击、转移阵地快速打击等多课目连贯战斗考核，检验装甲分队全天候作战效能和精准毁伤能力。（王建航、兰志颖、李秋雨）,https://www.douyin.com/video/7209145656982719803,中部号角,1.0,4.0,,4,
1240,今天简单打个120火箭筒，你准备好了吗？,https://www.douyin.com/video/7226639465844935970,中国军号,1.0,4.0,,4,
5456,#美国务院批准4.4亿美元对台军售。#国防部：严正交涉！,https://www.douyin.com/video/7252213806586187066,西陆强军号,,1.0,,3,
10841,半山腰男子突发晕厥，武警官兵合力抬送下山就医（武警第二机动总队 成鑫、华巍、黄晓宽；编辑 别特）,https://www.douyin.com/video/7195148458901130556,人民武警,,1.0,,1,
11642,"我不哭,我是解放军的孩子！明明很温馨，但又是何来的的心酸？（张敬）#军娃日常 #心酸瞬间 #军人",https://www.douyin.com/video/7198718730283633978,永不消逝的电波,,0.0,,0,
8468,萌娃高铁偶遇兵哥哥，鼓起勇气上前帮忙拎包#兵哥哥 #萌娃出动 #感人瞬间,https://www.douyin.com/video/7224634580127468852,联勤集结号,2.0,2.0,2.0,2,
6255,来看看兵哥哥的超帅变装！（邢开、李宏鑫、代芯语、倾金强、严林涛）#兵哥哥 #踩脚转场 #超帅变装,https://www.douyin.com/video/7281197619785911607,高原战士,1.0,0.0,,0,
4885,用多彩航迹架起友谊桥梁#迪拜#航展#现场#飞行,https://www.douyin.com/video/7302808086929018146,中部空军,1.0,0.0,,0,
3364,实战练兵！登陆舰编队出击#为了万家灯火坚守 #实战 #练兵备战 （作者：孙嘉骏、李志宽   编辑：梁瑞国）,https://www.douyin.com/video/7193902282583395621,东部战区,1.0,4.0,,4,
6473,今天是端午节，高原战士在战位向大家和小家送上祝福！ (张碧文、 陈珏吉、王锦伟、党天宇、李鸿飞、 华顺富、李建骄）#端午安康 #端午节文案 #高原战士 #我在战位,https://www.douyin.com/video/7247333384568032569,高原战士,1.0,2.0,,2,
1617,精准命中 ！多角度体验反装甲分队的强悍火力,https://www.douyin.com/video/7233613248308858169,中国军视网,1.0,4.0,,4,
3487,第73集团军某陆航旅：多机型多课目飞行训练,https://www.douyin.com/video/7298636136111541555,人民前线,1.0,4.0,,4,
9396,实弹实训！#00后飞行学员驾歼10完成地靶实弹射击训练,https://www.douyin.com/video/7213913825446300988,中国战略支援,1.0,4.0,4.0,4,
5690,脱下军装，老兵珍重！,https://www.douyin.com/video/7207345509650959631,西陆强军号,,2.0,,2,
9236,又美又飒的99年女飞#徐枫灿 ，和她的#武直10 （央视军事）,https://www.douyin.com/video/7230622761373273402,中国战略支援,1.0,0.0,0.0,0,
918,这套“组合拳”你觉得可还行？#看军事上军号,https://www.douyin.com/video/7275919660112022818,中国军号,1.0,4.0,,4,
3609,战友们，时间来到了最后一次！（方晓志 许子杰 戴明海）#退伍 #老兵 #最后一次,https://www.douyin.com/video/7272717669802020148,人民前线,2.0,2.0,,2,
8938,双语喊话！中国海警公布规制菲律宾船只现场视频，现场操作合理合法、专业规范！（中国海警）,https://www.douyin.com/video/7270531821962546447,中国战略支援,1.0,1.0,1.0,1,
6372,近日特别篇，围观兵哥哥的其他技能。（梁馨媛、王成澳、王奂）#兵哥哥 #谁还没个隐藏技能,https://www.douyin.com/video/7262933231979351356,高原战士,1.0,0.0,,0,
1180,来自西藏高原的“怒吼”,https://www.douyin.com/video/7242242024735280443,中国军号,2.0,4.0,,4,
748,我是穆兰！#全军首位超写实虚拟数字军人 来了！,https://www.douyin.com/video/7301142309742169359,中国军号,2.0,4.0,,4,
1051,某型导弹靶试拢共分几步？#逐梦强军新征程,https://www.douyin.com/video/7262617423726038312,中国军号,4.0,2.0,,2,
4433,【祖国，我想对你说！】#国庆节#来临之际，武警河北总队官兵坚守在各自的战位上，为祖国送上最真挚的祝福，祝愿伟大祖国繁荣昌盛、国泰民安！（王乐 张羽 蒋云龙 周琛洧 范睿）,https://www.douyin.com/video/7284059637563788584,中部号角,1.0,1.0,,1,
5161,临夏州血库告急！西部战区陆军官兵踊跃报名，积极献血 #子弟兵 #无偿献血,https://www.douyin.com/video/7314972562923015433,西陆强军号,2.0,1.0,,1,
4137,《你好 新战友》第六期 新兵下连第一周（李仙 陈昱廷 王贤哲）,https://www.douyin.com/video/7186095100278099237,人民前线,2.0,0.0,,0,
6686,#年夜饭挑战  红红火火迎新春，团团圆圆过大年！看#边防哨所  的年夜饭，这也太丰盛了吧！#春节年夜饭大赏 （王嘉齐、左宇、叶元林）,https://www.douyin.com/video/7191010899551964476,高原战士,1.0,4.0,0.0,0,
3705,下海！！！（陈昱廷 王贤哲 王焱斌）#海训 #军事训练,https://www.douyin.com/video/7255458620584824103,人民前线,1.0,4.0,,4,
651,暖心回应！孩子们敬礼感谢武警帮助,https://www.douyin.com/video/7314262023712345370,中国军号,2.0,1.0,,2,
5416,外交部：奉劝日方停止玩火！,https://www.douyin.com/video/7259704770045168933,西陆强军号,,3.0,,3,
1873,狠狠期待！2023兵棋推演总决赛即将开赛 “一场虚拟的战争，一场谋略的博弈”，2023第七届#兵棋推演 大赛总决赛即将开赛。12月8日上午8点半，等你来战。戳↓↓#2023兵棋推演总决赛预告片 先睹为快！,https://www.douyin.com/video/7309787495271599386,学习军团,4.0,0.0,,0,
2631,实爆训练满屏炸裂！#俺老孙来也 #今日分享（聂凡淳、冯大军、刘妍、李喜龙 编辑：郑洋榕）,https://www.douyin.com/video/7230815609439653175,八一青春方阵,2.0,0.0,,0,
4892,“中部空军”新媒体上线一年了，感谢陪伴！感谢支持！#生日快乐 #陪伴 #感谢,https://www.douyin.com/video/7299476189704490274,中部空军,0.0,1.0,,0,
7943,暖心，市民冒雨为执勤战士撑伞 （编辑：余佳豪）#暖心 #正能量 #军民鱼水情,https://www.douyin.com/video/7311540529186049290,联勤集结号,2.0,2.0,2.0,2,
3368,寄托着浓浓思念！小战士的新年家书#烟花盛开时我也在想你 #一封家书 #思念亲人 （作者：刘茂松、王飞宇、陈剑  编辑：梁瑞国）,https://www.douyin.com/video/7192593008490073405,东部战区,2.0,2.0,,3,
11146,"9月7日，第80集团军某部组织向军旗告别仪式，老兵们不舍军营相拥落泪。
作者：申明明  赵紫寒  武晓晗",https://www.douyin.com/video/7276054302160932155,80强军号,,3.0,,3,
6016,千里姻缘一线牵，鹊桥搭在军地间！这场军地青年联谊会超甜（作者：羡崑、路净宇，编辑：娄欣辉）#军地联谊 #海军,https://www.douyin.com/video/7234828932648897847,北海舰队,1.0,0.0,,0,
2690,青春，向光而行！#兵哥哥  #光剑挑战（荆富临、陈威、李政达；编辑：刘子轩）,https://www.douyin.com/video/7222305374626434361,八一青春方阵,2.0,0.0,,0,
9544,走进#荣誉室 之大山深处“一等功连”：承载荣光的“小推车”。,https://www.douyin.com/video/7201352885509098807,中国战略支援,1.0,0.0,0.0,0,
9694,“我们老家伙先上！”这不是电影，这是真实的。#流浪地球2,https://www.douyin.com/video/7194252003315436859,中国战略支援,1.0,0.0,0.0,0,
3294,揭秘东南沿海海防官兵的日常。#伙食 #军人 #一线 （作者：东部战区融媒体中心）,https://www.douyin.com/video/7216690303393172796,东部战区,2.0,4.0,,4,
9715,会做美食的兵哥哥，战友们为他在线征婚。#美食 #征婚 （央视军事）,https://www.douyin.com/video/7192952904448298296,中国战略支援,1.0,0.0,0.0,0,
9070,“你们退后，我们先上！”战略支援部队驻渝某部迅速抢通光缆线路保畅通（康世超、朱启、陈萱、陈莉）,https://www.douyin.com/video/7263126960635825464,中国战略支援,1.0,1.0,1.0,1,
2154,老英雄寄语青年官兵  #人民空军成立74周年（刘汉帝 王良栋 王姝月 徐萌泽 张理华 冯苇一）,https://www.douyin.com/video/7299812943108083007,八一青春方阵,1.0,1.0,,1,
1866,海军安徽舰连续开展舰载直升机飞行保障训练,https://www.douyin.com/video/7184382476624596282,中国军视网,1.0,4.0,,4,
5986,绝对是爸爸的“心上人”！海娃稚嫩演唱“祝福爸爸”歌，简直萌化了（作者：海军青岛特勤疗养中心融媒体工作室，编辑：娄欣辉）#父亲节快乐 #父亲节快乐爸气十足 #海娃,https://www.douyin.com/video/7245246341545282827,北海舰队,1.0,0.0,,0,
9089,听歌就要听军歌！用军歌打开各军兵种，瞬间充满力量#致敬人民子弟兵 #军歌嘹亮 #建军96周年 #中国人民解放军生日快乐 #八一建军节,https://www.douyin.com/video/7262219425808387343,北海舰队,1.0,1.0,,1,
11692,电波春晚【官兵拜年视频合集】#电波网络春晚 #青春有很多样子我的青春有迷彩#电波网络春晚 #电波春晚精彩瞬间,https://www.douyin.com/video/7191769792641027389,永不消逝的电波,,0.0,,0,
3979,兵哥哥之你问我答学两会（陈谦诚 孙飞 李军）#两会,https://www.douyin.com/video/7209828571777420601,人民前线,0.0,0.0,,0,
912,虽然不知道啥时候用，但总觉得很酷就存下了 #看军事上军号,https://www.douyin.com/video/7276738145624919307,中国军号,1.0,4.0,,4,
7157,【#2023水兵网络春晚节目纯享：表演唱《有我》】这是一首关于青年的歌。《有我》，献给一代代不负时代重托的中国青年。（作者：谢风 孙天奇）,https://www.douyin.com/video/7191718874562268477,人民海军,1.0,0.0,0.0,0,
5076,叮铃铃，“四反”小课堂开课啦！#四反 #课堂 #说唱,https://www.douyin.com/video/7208566775565274420,中部空军,0.0,3.0,,0,
11862,只是因为多看了纠察一眼！#对视变装（作者：温膳休 周宏飞 编辑：贺加）,https://www.douyin.com/video/7210715300881304872,沧海铸剑,,0.0,,0,
1512,稳、准、狠！一起来看炮兵分队的实弹射击,https://www.douyin.com/video/7268207856254602511,中国军视网,1.0,4.0,,4,
2820,请查收，军校小哥哥画了个太阳送给你  #画个太阳送给你  #军校生 （陈一国、刘柱成、刘世卿）,https://www.douyin.com/video/7205006815216553273,八一青春方阵,2.0,0.0,,0,
9507,理论60秒 | 永葆“斗争精神”，越是艰险越向前。（熊飞）,https://www.douyin.com/video/7203371176113048889,中国战略支援,1.0,0.0,0.0,0,
5598,#陈思思向#西陆强军号送来生日祝福 @陈思思 #西陆强军号六周年,https://www.douyin.com/video/7227463556768255266,西陆强军号,,1.0,,0,
3411,人民子弟兵紧急驰援！ #子弟兵 #甘肃 #紧急驰援,https://www.douyin.com/video/7314500664195878153,人民前线,1.0,1.0,,1,
8402,中国人民解放军神圣不可侵犯！#中国军人 #笑果文化 #能打胜仗作风优良 #笑果道歉声明 #笑果文化被立案调查,https://www.douyin.com/video/7233552903057706274,联勤集结号,2.0,0.0,0.0,0,
5712,雪天练兵，扑面而来的压迫感！,https://www.douyin.com/video/7200961097451556111,西陆强军号,,,,4,
6827,中沙“蓝剑-2023”海军特战联训开训。（贾思宇 陈孝仁 王玮 刘犇 王朝政 周宇华 剪/孙晨刚 编/焦飞宇）,https://www.douyin.com/video/7288154489855413538,人民海军,1.0,4.0,4.0,4,
2184,情定军营，幸福起航！这场集体婚礼你爱了吗   #军营集体婚礼#青年官兵 （魏悦岭、肖牧奇、孙靖壹）,https://www.douyin.com/video/7293313092027551028,八一青春方阵,2.0,0.0,,2,
11825,我一个直男怎么会喜欢#花 呢？#这就是青春最美的样子# (作者：邱路峰 孙润生 李雪莹  编辑：贺加),https://www.douyin.com/video/7226302252170956091,沧海铸剑,,0.0,,0,
8081,班长，不是说好的带吃饭家伙吗？（作者:庞博文、赵建超  编辑:韩咏轩）#显眼包 #迷惑行为 #军营生活,https://www.douyin.com/video/7288903789787057460,联勤集结号,2.0,0.0,0.0,0,
10154,武警云南总队机动第一支队：“龙狮舞动”添活力（作者：王燕婷；武警云南总队  刘正纲、李阳、潘安、苏云苏、吴昊阳、郑祥权）,https://www.douyin.com/video/7269362150156635427,人民武警,,0.0,,0,
5765,艺高人胆大， 演训现场，官兵带油带压焊接“受损”输油管线！,https://www.douyin.com/video/7188338150291311872,西陆强军号,,4.0,,4,
4562,【新兵叠被子大赛！】三分叠七分修一撑、二压、三和，掐、拉、抠、蹬，精彩！（陈燕君 柳文惠）,https://www.douyin.com/video/7231830106644188453,中部号角,2.0,4.0,,4,
11457,闻令而动，人民子弟兵奋战防汛抢险一线！（刘颜滔 邵志伟 何智平）#抗洪救灾 #人民子弟兵 #八一建军节,https://www.douyin.com/video/7262233733611179323,永不消逝的电波,,1.0,,1,
10413,走心视频，献给军营中的父亲（武警江苏总队 文喆、严汝凌、卢海晓；编辑：华巍）(视频同公众号),https://www.douyin.com/video/7245992606692363580,人民武警,,0.0,,0,
9368,#00后清华女生参军入伍 她说：“想到一线作战单位去”！,https://www.douyin.com/video/7216156462781926693,中国战略支援,1.0,0.0,0.0,0,
7094,【#清明节 缅怀革命先烈 汲取奋进力量】 青山埋忠骨，英魂砺人心。清明节前夕，海军各部队组织官兵走进烈士陵园、革命纪念馆等红色圣地，通过多种方式缅怀革命英烈，激励官兵传承红色血脉，淬炼胜战本领，守护好革命先烈用鲜血和生命换来的和平与幸福。（邓博宇 苏梽煌 蔡孟孟 陈登科 董宏彬 刘家成 郭欣欣 冯丽 刘明威 周敬辉 江王洋 刘家轩 徐彦峰等 剪辑/宋浩）,https://www.douyin.com/video/7218540983351332157,人民海军,1.0,2.0,2.0,2,
4289,我们是蓝天的捍卫者，也是万家灯火的守护者（沈宁宁、黄炫嘉）#中国军人 #平安守护,https://www.douyin.com/video/7217297392050244924,南部战区,1.0,0.0,,1,
7414,生日快乐！空军雷达兵成立73周年！请聆听这份来自高山的祝福（唐智超 唐荣维）#时刻准备着祖国的召唤 #空军雷达兵成立73周年,https://www.douyin.com/video/7224491140131720485,人民空军,1.0,1.0,1.0,1,
1959,震撼原声！多视角带你感受实爆现场 ！（赵佳毅 莫然 杨树淼 孙海峰 刘宝瑞）,https://www.douyin.com/video/7252270442851913018,学习军团,1.0,4.0,,4,
8254,“七七事变”86周年，强国必须强军，军强才能国安#七七事变86周年 #勿忘国耻 #卢沟桥事变 #七七事变爆发86周年,https://www.douyin.com/video/7252652756031376692,联勤集结号,2.0,1.0,1.0,1,
9904,这才是青春应有的样子（武警第二机动总队 吴桐、刘心雅；编辑：曾锦旭）,https://www.douyin.com/video/7301266788912778559,人民武警,1.0,0.0,0.0,0,
5529,#硬核祝福祝军考和高考学子们今日取得开门红！#高考#军考#考试加油,https://www.douyin.com/video/7241850109510569251,西陆强军号,,0.0,,0,
9514,他是著名抗日英雄，日本人却视他为“战神”。,https://www.douyin.com/video/7203251561118715197,中国战略支援,1.0,2.0,2.0,2,
10522,刺杀对抗，用实战检验血性！（武警广东总队 王辉亮、阳书华、姜浩；编辑：徐礼跃）,https://www.douyin.com/video/7234487045966695739,人民武警,,4.0,,4,
7701,重温英雄壮举，传承英烈遗志,https://www.douyin.com/video/7218011322636602684,中国火箭军,1.0,2.0,2.0,2,
8380,当兵所经历的日复一日，终有一天你会怀念曾经的人和事(作者:刘铸、翟雪容、颜克加    编辑:黄镇强)#军营生活 #致所有当过兵的战友 #已退役 #怀念军营 #军营回忆,https://www.douyin.com/video/7236876039639682341,联勤集结号,2.0,0.0,0.0,0,
1161,专家：蔡英文有意曝光“爱国者-3”承担台岛北部防空任务！#军事制高点 #国际,https://www.douyin.com/video/7246578276141894964,中国军号,1.0,1.0,,1,
6094,火力全开！万吨大驱“荡起双桨”，推开波浪闯大洋。（作者：王健  杨云翔  黄嘉诚  周天宇  温彬 / 编辑：姬翔）,https://www.douyin.com/video/7297157349737827620,南海舰队,1.0,4.0,,4,
5917,戎装虽去红心犹在！再见战友，再见浪花白#退伍不褪色  #聚是一团火散是满天星 #若有战召必回战必胜 #退伍季,https://www.douyin.com/video/7273648058997509437,北海舰队,2.0,2.0,,2,
7929,充满坚毅的眼神，有了军人的彪悍。（编辑：余佳豪）#新兵 #中国军人 #新兵营,https://www.douyin.com/video/7313731988706299136,联勤集结号,2.0,0.0,0.0,0,
4163,南部战区新闻发言人田军里空军大校就美菲位南海联合巡航发表谈话,https://www.douyin.com/video/7304568012529487104,南部战区,3.0,4.0,,3,
1446,艰难险阻！困难重重！边防连官兵能否顺利完成徒步运输任务？#军事纪实,https://www.douyin.com/video/7306440653087460648,中国军视网,1.0,1.0,,1,
4196,目标数千里外，火箭军闻令开拔！（肖融、姬甜）,https://www.douyin.com/video/7270449349144972544,南部战区,1.0,4.0,,4,
5121,原创#小提琴 独奏《兵势》，旋律中感受备战打仗之势,https://www.douyin.com/video/7187194434742750522,中部空军,1.0,0.0,,0,
4039,首次！2023年度海军面向地方大学生选拔飞行学员，男女生均可报名#海军 #海军飞行员 #招飞,https://www.douyin.com/video/7202424047051853117,人民前线,1.0,0.0,,0,
6320,七夕这天，边防战士用一首歌表达了对妻子的爱！（李宏鑫、邢开、欧阳东冬）#爱你何止七夕 #真情告白,https://www.douyin.com/video/7270060673516784956,高原战士,1.0,2.0,,2,
1754,再见了老兵，请珍重#退伍季（李天铎 李超）,https://www.douyin.com/video/7205143321092558115,中国军视网,2.0,0.0,,2,
9739,1月21日，农历大年三十，记者来到战略支援部队驻疆某站，与官兵们一起踏雪巡逻。该站官兵常年驻守在西北边陲，全时待战、引而待发，守护着祖国和平，也守护着万家灯火。（徐青、袁利军、鲁吉豫）,https://www.douyin.com/video/7191361794739293498,中国战略支援,1.0,2.0,2.0,2,
7789,首批春季入伍士兵，就要退役了。军旅一程，许国一生！再见了我的军装！再见了我的战友！再见了我的军营！,https://www.douyin.com/video/7205734080288181559,中国火箭军,1.0,2.0,2.0,2,
5393,歼-16飞行员“凡尔赛” ，小撒老师#化身#复读机~#陆海空三军中校大PK #空军“凡尔赛”#开讲啦,https://www.douyin.com/video/7261470197230423357,西陆强军号,,0.0,,0,
2059,离家五千公里的他，想这样说……（李倩 曹臻浩 陈俊铭）#春节 #祝福,https://www.douyin.com/video/7189805652791921960,学习军团,2.0,2.0,,2,
8227,长安三万里的盛世芳华，我们来守护！ (作者:顾子琦、吴佳宇  编辑:黄镇强)#电影长安三万里 #长安三万里票房破11亿 #解放军 #征兵,https://www.douyin.com/video/7258938213513874728,联勤集结号,2.0,0.0,0.0,0,
5691,学习践行雷锋精神，西陆官兵在行动,https://www.douyin.com/video/7206975378760502562,西陆强军号,,2.0,,2,
6269,[网络安全宣传周] 网络安全隐患无处不在，严防手机失泄密。（贾释杰、杨锐、张继能、马兴科）#网络安全 #手机失泄密,https://www.douyin.com/video/7279669157795302711,高原战士,1.0,3.0,,0,
7727,重温雷锋日记 争当雷锋传人——《雷锋日记》1961年10月14日,https://www.douyin.com/video/7212783244109008165,中国火箭军,0.0,2.0,2.0,2,
8479,事实证明，口气大的人，肺活量不一定大(作者:黄镇强、申建轩、李明)#185 #vlog日常 #兵哥哥 #喜剧之王 #军营趣事,https://www.douyin.com/video/7221304422884838671,联勤集结号,2.0,0.0,0.0,0,
975,新兵下连第一课，仪式感拉满！#强军新征程跑出加速度,https://www.douyin.com/video/7267795950947667235,中国军号,1.0,2.0,,2,
11048,清澈的爱，只为中国！#卫国戍边烈士牺牲3周年,https://www.douyin.com/video/7244737854910237956,我们的天空,,2.0,,2,
10895,军民携手送祝福，翰墨迎春暖兵心。（武警西藏总队 张磊、杨杰；编辑 吴敬楠）,https://www.douyin.com/video/7188852282933529896,人民武警,,2.0,,2,
8061,平淡的日子，用心就会发光，只要饱含热情，总会有不经意的美好（作者:贺小龙、刘宇、朱晓宪  编辑:韩咏轩 ） #安和桥 #退役军人 #兵哥哥,https://www.douyin.com/video/7292366217795472655,联勤集结号,2.0,0.0,0.0,0,
8792,"今天是9月20号，农历八月初六，星期三，早安。
与万事言和，#与独处相安，自行、自省、自清欢。#战支起床号 （剪辑：周永璇 编辑：王奕文） #与独处相安",https://www.douyin.com/video/7280163927290416421,中国战略支援,0.0,0.0,0.0,0,
8373,昆明一名00后拒服兵役受到八项处罚#昆明一名00后拒服兵役受到8项惩戒 #服兵役 #参军入伍报效国家 #服兵役是每个公民的义务 #入伍参军,https://www.douyin.com/video/7238061844957596989,联勤集结号,2.0,3.0,3.0,3,
9454,看见中国女性的力量，致敬了不起的她！#妇女节,https://www.douyin.com/video/7208011709821357367,中国战略支援,2.0,0.0,0.0,0,
10873,“新春走基层·撞营追兵哥”系列报道⑥｜“摆摆谱”，武警兵哥的春节大餐你馋吗？（作者：邢帅、赵凯；编辑 丁镛瀚）,https://www.douyin.com/video/7191781670368857404,人民武警,,0.0,,0,
9716,因任务需要，墨脱边防排长没能休假回家过年，面对镜头，他向远方的妻子说出了心里话。#边防军人 （央视军事）,https://www.douyin.com/video/7192952175243431205,中国战略支援,1.0,2.0,2.0,2,
4391,#北京初雪 万物洁白，万树琼花，你见过军营的初雪吗？（陈爽 孙小寒）,https://www.douyin.com/video/7311595588263431458,中部号角,0.0,0.0,,0,
4898,战鹰列阵，振翅凌霄，直击航空兵跨昼夜飞行训练#飞行 #训练 #飞行视角,https://www.douyin.com/video/7295752145645751561,中部空军,1.0,4.0,,4,
2068,欣赏几款制式枪（范龙腾 樊旭 李金伟）#枪 #武器装备,https://www.douyin.com/video/7185341799811059005,学习军团,1.0,4.0,,4,
9857,厨王争霸赛，让味蕾与美食不期而遇（武警北京总队 易泽宇、魏钰宣、王希源；编辑：曾锦旭）,https://www.douyin.com/video/7307938719217093903,人民武警,1.0,4.0,4.0,4,
10912,“新春走基层·撞营追兵哥”系列报道①｜这旅程，武警兵哥好温暖！（作者：赵冰晶、丁首越、邢帅、丁镛瀚；编辑 吴敬楠）,https://www.douyin.com/video/7185867848785481015,人民武警,,2.0,,2,
3749,新兵集约化组训现场会（钱声杭）#军事训练 #新兵,https://www.douyin.com/video/7248469117081062688,人民前线,1.0,4.0,,4,
9039,定风波,https://www.douyin.com/video/7264592247935520015,中国战略支援,1.0,1.0,1.0,1,
5915,振兴中华，吾辈自强！今天，致敬那场不屈不挠的抗争！#抗日战争胜利纪念日 #勿忘血泪勿忘国耻,https://www.douyin.com/video/7274283362385284389,北海舰队,1.0,1.0,,1,
11656,电波网络春晚【云海战歌】#电波网络春晚   #永不消逝的电波   #电波春晚精彩瞬间   #春晚   #网络春晚   #舞蹈  #歌曲,https://www.douyin.com/video/7193247643630423357,永不消逝的电波,,0.0,,0,
8151,【宠粉活动来啦】观看直播现场抽奖！9月12日—9月14日！“院士专家坐诊、名医现场答疑”大型义诊现场直播，敬请关注！#联勤保障部队 #义诊活动 #宠粉我是认真的,https://www.douyin.com/video/7277465089089768744,联勤集结号,2.0,1.0,1.0,1,
11164,"#救人 ！#灭火 ！
近日，第80集团军某部官兵在返回营区途中遭遇山火，并发现一名七旬老人晕倒在地。官兵们冲进火场，将晕倒的老人抬离至安全区域。由于缺少工具，官兵第一时间脱下上衣灭火。当地村民带着灭火工具闻讯赶来，消防员和警察也相继赶到现场。在大家共同努力下，大火被彻底扑灭。",https://www.douyin.com/video/7219666414410501431,80强军号,,1.0,,1,
2691,保守军事秘密、捍卫国家安全。是每一个中国公民应尽的义务！  #国家安全日 #保守国家秘密人人有责（纪少波、陈世明、马佳楠；编辑：姚天宝）,https://www.douyin.com/video/7222247812837281084,八一青春方阵,2.0,0.0,,0,
10188,武警全媒体走边疆｜青藏铁路武警唐古拉执勤点，棕熊夜夜来访（作者：杨剑、别特、张磊、党建英；编辑：李楠）,https://www.douyin.com/video/7267153791378574644,人民武警,,0.0,,0,
7464,空军迎新春网络“云歌会”，歌表演《黑脸膛》来了！,https://www.douyin.com/video/7190536634088066362,人民空军,1.0,0.0,0.0,0,
10703,#勇网直前  卧推等级挑战，欢迎来战！（武警甘肃总队  张倚铭、薛晨；编辑：王燕婷）,https://www.douyin.com/video/7211807140346989883,人民武警,,0.0,,0,
4446,多视角带你体验#沉浸式手榴弹投掷训练 ！（杨松、程文波、罗涵）,https://www.douyin.com/video/7276375913154022671,中部号角,4.0,4.0,,4,
7084,"双“舰”合璧，听两艘075型两栖攻击舰舰长的硬核声音。（剪/胡杰 编/王震宇）#强军十年海军时刻 《#壮丽新航程》第二集
4月17日-21日CCTV-7国防军事频道黄金时段，5集连播！",https://www.douyin.com/video/7222509595170802981,人民海军,1.0,4.0,4.0,4,
11406,七夕到了，快看这里兵哥哥有话对军嫂说!（齐希刚 刘江山 何一鸣）#七夕快乐 #兵哥哥的硬汉表白 #爱你何止七夕,https://www.douyin.com/video/7269967103082450228,永不消逝的电波,,2.0,,2,
8135,新兵入伍！不赞网红不赞星，只赞人民子弟兵！（作者:肖兵、明江  编辑:韩咏轩)#秋季新兵入伍 #新兵入伍欢送仪式 #新兵,https://www.douyin.com/video/7280000468766477583,联勤集结号,2.0,0.0,0.0,0,
7309,这一刻我们读懂了您眼中的光！军校学员用歌声致敬教员,https://www.douyin.com/video/7276785359948680506,人民空军,1.0,2.0,2.0,2,
674,这一下，压迫感来了,https://www.douyin.com/video/7307810440602504457,中国军号,1.0,4.0,,4,
5918,一声班长，一生情谊！班长，珍重！祝未来星光璀璨，前程似锦#一声班长一生班长 #退伍不褪色 #退伍季最美的瞬间,https://www.douyin.com/video/7273428273827155261,北海舰队,1.0,2.0,,2,
6865,【乌鲁木齐舰|天山与大海深情眺望 战舰与城市携手前行】#我的家乡我的舰,https://www.douyin.com/video/7271244801339591951,人民海军,1.0,0.0,0.0,0,
9973,武警陕西总队安康支队“强军杯”群众性文化活动暨军事体育运动会火热开幕（武警陕西总队 赵坤、杨文森、杨阳；编辑：华巍）,https://www.douyin.com/video/7291277769688780066,人民武警,1.0,0.0,0.0,0,
4327,拼速度，练协同！特战队员机降训练，带你一同“狂飙”！（张广东、王宁、马志聪）#中国军人 #震撼场面 #狂飙,https://www.douyin.com/video/7199793712535211323,南部战区,1.0,4.0,,4,
1655,集训！狙击手是怎样炼成的,https://www.douyin.com/video/7223694479281114425,中国军视网,1.0,4.0,,4,
6615,趁着春天，一起练起来吧！#春天你好 #体能训练 （李宸、陈泰涵志、刘顺吉；编辑：游豪）,https://www.douyin.com/video/7209952541822553348,高原战士,1.0,4.0,4.0,4,
11730,大型纪录片《时尚的军大衣》持续为您播出！ #不是羽绒服穿不起而是军大衣更有性价比 #冬季必备#军大衣 #花棉袄#纪录片解说 （作者：苏瑾萱 郭玉鑫 编辑：贺加),https://www.douyin.com/video/7314619935702011162,沧海铸剑,,4.0,,4,
7729,中国共产党人精神谱系《老区精神》,https://www.douyin.com/video/7212781192175832379,中国火箭军,0.0,0.0,0.0,0,
191,时刻准备着丨万米高空 战鹰迎敌冲云霄,https://www.douyin.com/video/7285729311544315177,中国军网,2.0,1.0,,1,
8832,光影课堂① | 曝光三要素之间有什么关系？（林宗钰、王奕文）,https://www.douyin.com/video/7277472348016577852,中国战略支援,1.0,0.0,0.0,0,
3447,不为盛名而来，不为低谷而去，再见军营，再见我的班长！ #退伍不褪色 #老兵 #退役军人,https://www.douyin.com/video/7307469071325367606,人民前线,2.0,2.0,,2,
3931,《小卫说健康》第5期——易使人患胃病的五个坏习惯，你知道吗？（刘峰 刘嘉仪 樊玉双）#健康 #卫生员,https://www.douyin.com/video/7217411777900973367,人民前线,0.0,0.0,,0,
5510,#荒野求生小技巧 制作简易罗盘,https://www.douyin.com/video/7245187370335636792,西陆强军号,,4.0,,4,
4361,“最后一次”回首，送别亲如兄弟好战友！（作者：潘杨松、李思璇、白冲、吴发、陈轩）#退伍不褪色,https://www.douyin.com/video/7273691629414862134,南部空军,2.0,2.0,,2,
6651,看高原练兵，血脉喷张，杀声震天！#刺杀操  #高原战士 （陈泰涵志、刘顺吉、李宸）,https://www.douyin.com/video/7200681532418247973,高原战士,1.0,4.0,4.0,4,
7151,【庆新春猜灯谜赢舰帽：#海军特色灯谜与您一起过大年】驻守在东海之滨的通信女兵们也来给大家拜年、出灯谜了，快戳视频，在评论区抢答吧！（严琼 方树念 剪辑/刘若男）,https://www.douyin.com/video/7192168096600182077,人民海军,1.0,2.0,2.0,2,
2753,保伙食就是保战力，一起来看炊事员的日常！ #炊事班 #青年官兵（周 迷、于明涛）,https://www.douyin.com/video/7213008704256412965,八一青春方阵,2.0,4.0,,4,
8599,各大媒体送来祝福(王照亮、米震、田忠彬、黄镇强)#联勤 #解放军总医院 #东部战区 #人民海军 @北部联勤兵 @南部战区 @东部战区 @我们的天空 @中国火箭军 @中国战略支援 @永不消逝的电波 @人民陆军 @高原战士 @我们的太空 @出彩联勤人 @高原联勤兵 @解放军总医院 @人民海军,https://www.douyin.com/video/7202420177294642447,联勤集结号,0.0,0.0,0.0,0,
957,驾得了“猛士”、玩得了“重机”、打得准“轻机”，进击的全能“合成”班长还有“王炸”，一起来围观！#强军新征程跑出加速度,https://www.douyin.com/video/7269584379905658127,中国军号,1.0,4.0,,4,
10032,三胞胎同时入伍共赴边疆（武警新疆总队 郭英杰；编辑：徐礼跃）,https://www.douyin.com/video/7283082740730236160,人民武警,,0.0,,0,
5275,一#日本公民涉嫌从事#间谍活动，已被采取#刑事#强制措施！（来源：央视新闻）,https://www.douyin.com/video/7281505139326799165,西陆强军号,1.0,0.0,,0,
11369,青春无畏，“足“梦扬威！（李雪）#足球 #迷彩青春,https://www.douyin.com/video/7277392476158135588,永不消逝的电波,,0.0,,0,
7896,这个小朋友的行为，感动了每一个人民子弟兵。（作者：孙道冰 编辑：黄镇强）#人民子弟兵 #动人一幕 #甘肃加油,https://www.douyin.com/video/7317590770494475531,联勤集结号,2.0,2.0,2.0,2,
4425,【医疗救护联演联训 提升民兵支援保障能力】近日，湖北省武汉市汉阳区人武部着眼实战需求，与中部战区总医院建立挂钩联训机制，进一步提升了民兵医疗救护骨干支援保障能力。（李山东 覃丽萍 秦军勇 池浩 苏兴圣 胡深博 叶诗韵）,https://www.douyin.com/video/7290829702959205667,中部号角,1.0,4.0,,4,
2141,直击西藏军区某部预选指挥军士考核现场，火力全开！（作者：唐强、许东、熊尹、王斌） #青年官兵,https://www.douyin.com/video/7304271313118432550,八一青春方阵,2.0,4.0,,4,
5421,西部战区陆军某旅官兵#救助#国家二级保护动物,https://www.douyin.com/video/7258470154835676471,西陆强军号,,0.0,,0,
2923,兔年手势舞卡点拜年！ #青年官兵  #新春祝福 （赵家贤、李赫、赵鹏杰）,https://www.douyin.com/video/7189230521405181240,八一青春方阵,2.0,2.0,,2,
1539,2023年空军航空开放活动•长春航空展：特种兵式边打卡，边逛展,https://www.douyin.com/video/7260415258458737955,中国军视网,0.0,0.0,,0,
8688,我们来啦！！先到位，后收场，全程用！！联勤保障部队入驻抖音！！,https://www.douyin.com/video/7189918420295503107,联勤集结号,2.0,0.0,0.0,0,
3543,刚刚，第73集团军某旅举行升国旗仪式，现场画面来了！（黄浩 程博洋 夏姚伟） #国庆节 #升国旗 #告白祖国,https://www.douyin.com/video/7284827887981694268,人民前线,1.0,0.0,,0,
5602,国防部：#中国军舰 赴苏丹！,https://www.douyin.com/video/7226514372351315200,西陆强军号,,1.0,,1,
4874,退伍不褪色，奔赴新的人生赛场！#退伍不褪色 #再见 #老兵,https://www.douyin.com/video/7307288741922622755,中部空军,2.0,2.0,,2,
2627,当超可爱的人遇上最可爱的人  #最可爱的人 #热血青春献祖国 #青年官兵（李浩、邹海涛、王政、叶晓龙 编辑：郑洋榕）,https://www.douyin.com/video/7231192182432992573,八一青春方阵,2.0,2.0,,2,
1115,军事数字主播“子明”亮相中国军号,https://www.douyin.com/video/7256402059925196067,中国军号,0.0,0.0,,0,
2880,边防有我，请祖国放心  #致敬边防官兵 #青年官兵 （刘荣、刘正阳、全国军）,https://www.douyin.com/video/7195854256073706810,八一青春方阵,2.0,1.0,,1,
3597,“甜蜜暴击”女友来接回家的兵哥哥啦！（宋积忠 张杰 谢松）#退伍 #老兵 #甜蜜 #女友,https://www.douyin.com/video/7274121574381374760,人民前线,2.0,0.0,,2,
6710,边疆军营，我们来啦！（桑建功、罗翔、黄超、张兴）#入伍季 #迷彩青春,https://www.douyin.com/video/7281629920244157754,喀喇昆仑卫士,1.0,0.0,0.0,0,
9727,“打雪仗”三个字，兵哥哥们好像只听到了“打仗”。（李明辉、刘俊杰）,https://www.douyin.com/video/7192209499044728122,中国战略支援,1.0,0.0,0.0,0,
4538,以山为伴，用青春奉献祖国！（高仕臣、边立波、邓志刚）,https://www.douyin.com/video/7256252262710889743,中部号角,2.0,2.0,,2,
162,上一秒给人民，下一秒给敌人,https://www.douyin.com/video/7291941891933867302,中国军网,2.0,2.0,,2,
2602,当战士知道班长要外出学习的表现，像不像知道媳妇要出差的你  #内容过于真实 #军营一刻 #说的是不是你 （左阳、尹堞泓、顾家陈 编辑：郑洋榕）,https://www.douyin.com/video/7233773265179790651,八一青春方阵,2.0,0.0,,0,
1719,落地开花！别眨眼，带你多视角体验手榴弹实投,https://www.douyin.com/video/7212189083471269177,中国军视网,1.0,4.0,,4,
2925,我的“傲娇”班长在一声声夸赞中逐渐迷失自我   #青年官兵  #军营趣事  #我的傲娇班长 （王子伦）,https://www.douyin.com/video/7188846548577471805,八一青春方阵,2.0,0.0,,0,
10781,这样的军营理发室，你爱吗？（武警内蒙古总队  张泽鑫、薛继龙、王爽；编辑  别特）,https://www.douyin.com/video/7202576590163791141,人民武警,,0.0,,0,
8389,伤亡率500%的铁军，真实还原讲解惨烈的上甘岭战役#上甘岭战役 #上甘岭 #军事纪实,https://www.douyin.com/video/7235121743369620771,联勤集结号,2.0,2.0,2.0,2,
5178,荒野求生小技巧之骨折自救#兵哥哥#自救,https://www.douyin.com/video/7313420830187244838,西陆强军号,0.0,4.0,,0,
6411,一镜到底！看兵哥哥的少林齐眉棍！（加永克珠、舒昌雨、徐观念、李佳驹）#一镜到底 #少林功夫,https://www.douyin.com/video/7256716989920529701,高原战士,1.0,0.0,,0,
11283,军旗飘扬，军歌嘹亮。在建军96周年来临之际，第83集团军某旅“一江山主攻营”在野外综合训练场上以多种形式组织开展庆祝活动为人民军队献上独特祝福。（作者：胡天猛）,https://www.douyin.com/video/7262251814517624103,铸剑中原,,4.0,,4,
5742,除夕夜和父母的视频连线，既惊喜又感动（苏森林、王小夏、郭志远、周启伦）,https://www.douyin.com/video/7191774392186064168,西陆强军号,,2.0,,2,
1894,在国庆、中秋双节来临之际，91033部队举办军营“阅”动嘉年华，将读书主题与官兵的青春活力有机结合，融合创意市集、网红打卡、青春舞台等诸多要素，让官兵和家属们足不出“营”，享受一场文化盛宴！（梁钧 王子齐 王陆原 王浩）,https://www.douyin.com/video/7282705488528018743,学习军团,1.0,0.0,,0,
5614,#新兵的#集体生日#这样过,https://www.douyin.com/video/7223666960985378063,西陆强军号,,4.0,,4,
2665,别眨眼，看东风快递带你突出重围  #这次我带你杀出重围  #东风快递  #青年官兵 （黄金奎、洪志顺）,https://www.douyin.com/video/7225978155276750137,八一青春方阵,4.0,0.0,,0,
5988,为何兵爸们表面波澜不惊，实则内心狂喜？快来看看这群兵哥开视频跟爸爸说了什么（作者：刘洋、李国浩、文琳琪，编辑：娄欣辉）#父亲节快乐 #父爱如山 #父亲节仪式感,https://www.douyin.com/video/7245239884825365772,北海舰队,1.0,2.0,,2,
1791,占领阵地！歼灭敌人！正中靶心！,https://www.douyin.com/video/7198826665156414777,中国军视网,1.0,4.0,,4,
8182,挑战100天吃遍100家部队食堂，第五天（作者: 周欢、常怡雯、闫亚红    编辑:邢雨辰）#吃货日常记录 #吃货看过来 #深夜食堂,https://www.douyin.com/video/7271589785116904738,联勤集结号,2.0,4.0,4.0,4,
5603,#“沉浸式”#体验#军体运动会#开幕式,https://www.douyin.com/video/7226277021725281571,西陆强军号,,0.0,,4,
3376,暖心！星级公寓迎军嫂来队过年#暖心  #明日除夕 （作者：李其康  编辑：梁瑞国）,https://www.douyin.com/video/7190562286866582821,东部战区,2.0,2.0,,2,
10567,青年人是什么样子，中国就是什么样子。看看军人青春的样子（武警西藏总队 张磊；编辑 吴敬楠）,https://www.douyin.com/video/7229290445434670373,人民武警,,4.0,,4,
1143,专家：低端无人机能力有限 ，无法赢得现代战争。#环球军情榜  #国际,https://www.douyin.com/video/7248926447534869816,中国军号,4.0,0.0,,0,
10358,画面太感人！98岁革命老前辈与年轻官兵共话党恩（作者：曾锦旭、武警广西总队 胡保卫、梁力、唐明洋；编辑：徐礼跃）,https://www.douyin.com/video/7250778825087290685,人民武警,,1.0,,1,
1160,一句“我在这里”，安心了。,https://www.douyin.com/video/7247068817271147779,中国军号,1.0,2.0,,2,
2656,嫂子们，发手机了！快去找你的兵哥哥吧！ #五一劳动节快乐 #节日我在岗（赵爽、王荷艳、孟庆嘉；编辑：赵爽）,https://www.douyin.com/video/7227047839283596599,八一青春方阵,2.0,4.0,,2,
8663,兵哥哥帅气变装来了#兵哥哥 #变装 #当兵就是那么帅,https://www.douyin.com/video/7196119859720162600,联勤集结号,2.0,0.0,0.0,0,
8987,我军无人机作战到了什么阶段？近日，央视曝光解放军无人机与歼-16战机训练画面；空军少校透露，我军无人机在融入体系上取得了一些好效果。,https://www.douyin.com/video/7267710089845394748,中国战略支援,1.0,4.0,4.0,4,
1807,共同守卫祖国是一种什么样的体验？#你好哨兵,https://www.douyin.com/video/7195914135467494714,中国军视网,1.0,1.0,,1,
2158,西沙某水警区官兵以日常生活为脚本，原创MV《我在大海上仰望星空》,https://www.douyin.com/video/7299445028819176767,八一青春方阵,2.0,0.0,,2,
7833,干惊天动地事 ，做隐姓埋名人！东风快递小记者带你走进中国“两弹城”（下）（主持：张洋）,https://www.douyin.com/video/7195495162603162941,中国火箭军,1.0,0.0,0.0,0,
6592,军考生，加油！#军校报考#军校  （王阳阳、胡海、马兴科、王斌）,https://www.douyin.com/video/7220718397099756811,高原战士,1.0,0.0,0.0,0,
9133,开始拍手，赶个末班车 #拍手变装（作者：张煦晨、卢兆南、吕瑶、郭一博 编辑：王奕文）,https://www.douyin.com/video/7257923793056730426,中国战略支援,1.0,0.0,0.0,0,
4779,"画说二十大⑦丨什么是“六个必须坚持”？
作者：赵双喜、杜官润、于鹏飞
来源：忠诚号",https://www.douyin.com/video/7239151708629110073,忠诚号,0.0,0.0,,0,
7633,母亲节，来听听东风快递员的心里话,https://www.douyin.com/video/7232882016809700665,中国火箭军,1.0,2.0,2.0,2,
2399,当我递交了入伍申请 #命运的齿轮开始转动（朱超、支熙贺、李超、杨波涛）,https://www.douyin.com/video/7260841408687344950,八一青春方阵,2.0,1.0,,1,
9203,回复 @追风，忆旧的评论 俺老孙来也（中国军工）,https://www.douyin.com/video/7249971908131818767,中国战略支援,1.0,4.0,4.0,4,
4334,船挤船挤船挤船，网友：数不过来！#舰艇 #军舰 #中国海军 #战舰,https://www.douyin.com/video/7195361261138332985,南部战区,1.0,4.0,,4,
7749,军营里，谁都不能或缺，让我们走进军营里“她力量”的内心世界，感受不一样的军营色彩,https://www.douyin.com/video/7209950579471289657,中国火箭军,1.0,0.0,0.0,0,
10863,春节期间，兵哥哥回家与父母相见的时刻,https://www.douyin.com/video/7192546178767146277,人民武警,,2.0,,2,
659,高原巡逻偶遇“日照金山”，这一幕太震撼！,https://www.douyin.com/video/7313867219237178664,中国军号,1.0,1.0,,1,
3638,新型野战帐篷医院系统投入使用#保障  #卫勤 #联勤,https://www.douyin.com/video/7267914257109355836,人民前线,4.0,4.0,,4,
846,假期了，洗个澡舒服一下！#看军事上军号  #军犬,https://www.douyin.com/video/7284982928021458231,中国军号,1.0,4.0,,4,
8856,#我国成功发射遥感三十三号03星 点赞中国航天！（王衡、瞿良、王奕文）,https://www.douyin.com/video/7275865003708747048,中国战略支援,1.0,0.0,0.0,0,
1396,驻香港部队组织2023年第四季度联合巡逻,https://www.douyin.com/video/7317949164074159395,中国军视网,1.0,1.0,,1,
9250,军人七十二变，不变的是忠诚和奉献。(刘硕),https://www.douyin.com/video/7225955696917990714,中国战略支援,1.0,0.0,0.0,0,
8486,联勤文职队伍期待你的加入(作者:曹同川、刘洋、周佳欣、田瑞芳 )#军队文职 #文职 #联勤#文职考试,https://www.douyin.com/video/7219064628964330787,联勤集结号,2.0,0.0,0.0,0,
2239,跟着兵哥哥一起做月饼  #过中秋的仪式感（刘亚船、蒋龙华、张程、栾朋江）,https://www.douyin.com/video/7282732386754809145,八一青春方阵,2.0,0.0,,0,
4525,【有我在！武警官兵在战位守护人民安全度汛】7月31日，北京市房山区大石河流域漫水河断面出现红色预警标准洪水。接到灾害预警信息后，武警北京总队出动2000余名官兵，携带救援装具分别赶赴受灾一线，及时疏散转移受困群众，确保人民生命财产安全。#风雨有我在人民请放心 （任昱安、杜江、苏鹏、钟汇仑、杨洋  编辑：常延凯）,https://www.douyin.com/video/7262340318454926607,中部号角,1.0,1.0,,1,
5824,"@人民陆军 
微电影《如你》
(来源：人民陆军)#雷锋精神代代传",https://www.douyin.com/video/7206612104588037411,北陆强军号,,2.0,,2,
10488,好开心！军营大篷车来啦（武警第一机动总队 肖华兴、李威、刘怡娇、杨志毅、王文龙；编辑：徐礼跃）,https://www.douyin.com/video/7238159703312780604,人民武警,,0.0,,0,
5349,盘点兵哥哥的武艺—螳螂拳篇#盘点#兵哥哥#武术,https://www.douyin.com/video/7267005384835992888,西陆强军号,,0.0,,0,
2372,炎炎夏日，来海边和军校学员感受清凉海训！ #青年官兵 #海训 （敖俊民、关文韬、荆富临、陈威；编辑：刘子轩）,https://www.douyin.com/video/7263774157467323684,八一青春方阵,2.0,0.0,,0,
2434,#通天大道宽又阔 #致敬高原汽车兵（张昌辉、邓世宁 编辑：郑洋榕）,https://www.douyin.com/video/7256788291402337593,八一青春方阵,2.0,4.0,,2,
1732,雷锋同志用过的54式冲锋枪的原型枪：PPS-43诞生背景，大揭秘！#军迷行天下,https://www.douyin.com/video/7209195401679834368,中国军视网,4.0,4.0,,4,
6376,八一前夕，西藏日喀则军分区珠峰文艺轻骑队开展“三位一体”走基层送服务活动，采取“集中汇演、逐点慰问”的形式，上哨所、进班排、赴一线，历时14天，先后完成5场文艺汇演、32个点位慰问演出。（马科、叶元林）#八一建军节快乐战友们 #慰问演出,https://www.douyin.com/video/7262240629449624869,高原战士,1.0,0.0,,0,
6699,【#《牛一说》快板话强军栏目   第二集：《沙场练兵》】开训动员令，时刻记心间，强军目标齐追随，昂扬斗志坚！#2023开训  （牛思佳、王一）,https://www.douyin.com/video/7185395835826441533,高原战士,1.0,4.0,4.0,4,
1531,战友好样的！30余名侦察兵深入失联村庄救出重伤女孩,https://www.douyin.com/video/7263437026836548923,中国军视网,1.0,1.0,,1,
7300,“我飞定了！” #战斗机飞行员为何决心改飞无人机 空军无人机和我们平时所见到的小型无人机，从体型到操控方式，原来区别这么大！空军航空兵某团无人机大队李阳大队长说，无人机在现代战场上能减少伤亡，更能歼敌于千里之外，具有其他装备没有的优势，未来“大有可为”。驾驶这个大家伙，和驾驶战斗机有什么不一样？一起来感受震撼！#我在空军飞无人机,https://www.douyin.com/video/7282020523456990500,人民空军,1.0,4.0,4.0,4,
657,武警甘肃总队官兵紧急赶赴甘肃地震灾区,https://www.douyin.com/video/7314115351418080564,中国军号,1.0,1.0,,1,
4124,直击空降新兵首次大飞机跳伞（军事报道）,https://www.douyin.com/video/7187739324543192379,人民前线,1.0,4.0,,4,
11516,父亲节到了，看看军属小朋友的表白（林思行 孙浩鹏 鲁成林）#父亲节,https://www.douyin.com/video/7245863885113167161,永不消逝的电波,,2.0,,2,
10633,直打实练！直击一线反恐训练现场（作者：武警新疆总队 张利强、陈旺；编辑：岳彩嵩）,https://www.douyin.com/video/7220383829834386745,人民武警,,4.0,,4,
9649,冰天雪地！歼-16潜龙划破天际。#歼16,https://www.douyin.com/video/7196603292284210490,中国战略支援,1.0,0.0,0.0,0,
10748,武警宣传文化中心组织全体文职人员举行宣誓活动（编辑 吴敬楠）,https://www.douyin.com/video/7206298057481162039,人民武警,,0.0,,0,
4930,空战对抗，且看飞行员空中第一视角#飞行员 #训练 #飞行视角,https://www.douyin.com/video/7280551843820801332,中部空军,1.0,4.0,,4,
51,下雪了，我就在你身边,https://www.douyin.com/video/7311270723069299995,中国军网,2.0,2.0,,2,
1479,弹壳满屏飞！高炮分队火力强劲,https://www.douyin.com/video/7276381423311932724,中国军视网,4.0,4.0,,4,
1699,路遇车辆侧翻 休假战士紧急救援,https://www.douyin.com/video/7215872462205013309,中国军视网,1.0,1.0,,1,
10685,三级主官汇聚梨城，共同破解基层建设难题（武警兵团总队 黄超；编辑 吴敬楠）,https://www.douyin.com/video/7214048746844507452,人民武警,,0.0,,0,
1789,威力十足！你最中意上面哪款重火器？,https://www.douyin.com/video/7199569942369389881,中国军视网,4.0,4.0,,4,
7337,惊心动魄！外军机即将进入我国领空，“王海大队”飞行员面临相撞寸步不让，成功逼退外军机 #王海大队 #驱离 #强军之路,https://www.douyin.com/video/7263028257090587962,人民空军,1.0,1.0,1.0,1,
3527,西北大漠 火炮分队跨昼夜实弹射击#军事训练 #实弹射击,https://www.douyin.com/video/7287561082091195687,人民前线,1.0,4.0,,4,
10844,神农架林区车辆侧翻遇险，休假武警官兵奋勇施救（武警湖北总队 杨垒、章鸿达、刘望新；编辑 吴敬楠）,https://www.douyin.com/video/7194404823171648827,人民武警,,1.0,,1,
1397,仪式感十足！这场新兵授枪仪式让人热血沸腾（刘雪峰 陈小金 罗加龙）,https://www.douyin.com/video/7317612499661081893,中国军视网,1.0,3.0,,3,
5709,解放军和武警部队选举产生第十四届全国人大代表,https://www.douyin.com/video/7202049691813530914,西陆强军号,,0.0,,0,
10979,张蕴钰将军：一辈子主要做了两件事，一是打了上甘岭，二是参加了核试验（来源：时代人物）,https://www.douyin.com/video/7268285556243565839,我们的天空,,0.0,,0,
7641,#世界微笑日,https://www.douyin.com/video/7230741006667353399,中国火箭军,1.0,0.0,0.0,0,
1139,一起给她贴个笑脸吧！,https://www.douyin.com/video/7250400402825383228,中国军号,2.0,4.0,,4,
3902,读书分享会（范骏）#读书 #分享会,https://www.douyin.com/video/7221550557863906598,人民前线,2.0,0.0,,0,
10786,男孩深夜离家出走，浙江武警暖心救助（武警浙江总队 周祥、谢炳兴；编辑 丁镛瀚）,https://www.douyin.com/video/7201818482281925949,人民武警,,1.0,,1,
2230,热血男儿献身国防，火热军营淬炼成钢。武警云南总队2023年度秋季新训工作全面启动   #新兵训练 （张泰笙、李晨浩、黄家龙、孙洁康）,https://www.douyin.com/video/7284364308094405925,八一青春方阵,2.0,4.0,,4,
4716,“看到部队我们就看到了希望，心里就有安全感！”第82集团军某旅架设重型支援桥，开辟生命通路。（记者：李晖、万端武、张康、庞鑫；编辑：乔子丰）,https://www.douyin.com/video/7263659931100876069,忠诚号,1.0,1.0,,1,
8282,看兵哥哥给你来一版“拍 拿 放”！解压神器，等你来挑战！(作者：付艳华、葛润东)#兵哥哥版拍拿放挑战 #拍拿放 #拍拿放挑战 #拍拿放多人挑战版,https://www.douyin.com/video/7248197871093173539,联勤集结号,2.0,0.0,0.0,0,
4751,"兵记者在一线⑭丨聚力向战而行，践行初心使命
党的二十大报告中提出：“从现在起，中国共产党的中心任务就是团结带领全国各族人民全面建成社会主义现代化强国、实现第二个百年奋斗目标，以中国式现代化推进中华民族伟大复兴。”今天，让我们跟随镜头，一起看看“来无影、去无踪”的侦察兵是如何在岗位、战位上践行初心使命任务，锻铸能察善打的尖刀力量……
策划：李耀杰、刘宸源、闫帅印
作者：李子峰、周西委、张春林",https://www.douyin.com/video/7251158007906716988,忠诚号,0.0,0.0,,0,
3626,不可逾越的底线#东部战区 #台海 #台岛 #底线,https://www.douyin.com/video/7269439139857157395,人民前线,1.0,1.0,,1,
7898,不拿群众一针一线，这就是中国军人！（作者：袁东、温丽娜 编辑：余佳豪）#人民子弟兵 #动人一幕 #甘肃加油,https://www.douyin.com/video/7317243044485483802,联勤集结号,2.0,1.0,1.0,1,
10734,机甲轰鸣！直击新兵专业技能结业考核（武警第二机动总队 杨洋、杨昶旭、张善政、姜鹏飞；编辑：李楠）,https://www.douyin.com/video/7207773089080364288,人民武警,,4.0,,4,
5387,在八一建军节来临之际，让我们向中国军人致敬！#陆海空三军中校大PK#致敬中国军人,https://www.douyin.com/video/7261555003477822781,西陆强军号,,0.0,,2,
9264,春来征程万里阔，驰骋赛道启新程。看军校学子军事体育大比武，#军营小剧场 带来超“燃”瞬间！（张颢儒、范哲语、陈德华、李亦欣然、陈新梅、周柏文）,https://www.douyin.com/video/7223592400491482427,中国战略支援,1.0,4.0,4.0,4,
6994,【从白马庙奔赴星辰大海，泰州，是人民海军拔锚起航的地方。】从一座小楼奔向远海大洋，穿越百年夙愿，人民海军向海图强的基因密码赓续传承。4月23日，在人民海军成立日这一天，泰州市与海政宣传文化中心的艺术家，分别在两地共同演唱《我爱这蓝色的海洋》，用这首经典之作，唱响新时代双拥工作的时代赞歌，推进强国强军汇聚强大力量。（作者：苏毅 梁辰 单威嘉  编辑/程嘉豪）,https://www.douyin.com/video/7225239306128887099,人民海军,1.0,1.0,1.0,1,
8450,丫丫最新动态！终于看到你了，悬的那颗心才放下来了！#丫丫回家啦 #丫丫将在上海隔离30天 #丫丫是最坚强的熊猫 #丫丫回国后首露面,https://www.douyin.com/video/7226756730263227683,联勤集结号,2.0,0.0,0.0,0,
9974,超越极限！看河北武警特战精英巅峰对决（武警河北总队 崔寒、张富淳、耿树斌、王少猛；编辑：华巍）,https://www.douyin.com/video/7290901782580972834,人民武警,1.0,4.0,4.0,4,
10141,军营美食丨你有一份“清凉”已送达（武警河北总队 刘亚船、蒋龙华、张程、彭晨；编辑：徐礼跃）,https://www.douyin.com/video/7270808047092616504,人民武警,,4.0,,4,
8408,班长:女人，只会影响我拔枪的速度(作者:王炳惠、满孝轩、闫阔、吴浩胜    编辑:黄镇强)#军营趣事 #女网友 #女网友约我见面 #网聊需谨慎 #兵哥哥,https://www.douyin.com/video/7232439720104529192,联勤集结号,2.0,0.0,0.0,0,
10369,跨昼夜激烈角逐，这场“枪王挑战赛”很硬核！（武警第二机动总队 吴坤、钱润泽、高泽彬；编辑：徐礼跃）,https://www.douyin.com/video/7249732904065060156,人民武警,,4.0,,4,
4834,手写的家书“见字如面”，一起来听听班长薛瑜达写给十年后儿子的信。（刘学、胡锦楠 ）,https://www.douyin.com/video/7198064397326093628,忠诚号,2.0,2.0,,2,
9467,来自宣讲一线的报道⑦ | 感悟变化，勇担职责向战行（熊飞）,https://www.douyin.com/video/7206607597770689825,中国战略支援,1.0,0.0,0.0,0,
9395,直升机硬核空战：用眼睛指挥导弹,https://www.douyin.com/video/7213942366145645885,中国战略支援,1.0,4.0,4.0,4,
10068,来看看军营24小时会发生什么……（武警西藏总队 高宁；编辑：曾锦旭）,https://www.douyin.com/video/7279389340529167631,人民武警,,0.0,,0,
882,兵棋推演，谁与争锋！2023年全国兵棋推演大赛京津沪冀联合赛区决赛由“吃饭之前唱战士”战队与“像雨”战队在“钢铁洪流”中开展激烈的摩擦与碰撞，争夺本赛区最终的冠亚军。中国军号将为大家带来独家直播，我们在直播间等你。#兵棋推演#看军事上军号 #全民国防教育月,https://www.douyin.com/video/7282226157527878947,中国军号,0.0,4.0,,4,
2326,生命不息，运动不止  #一起练起来 #要做一个猛男 （杨帅、张正、白文智；编辑：郑洋榕）,https://www.douyin.com/video/7269677486823279907,八一青春方阵,2.0,0.0,,0,
1427,稳稳落地！飞行员“三无”条件下空投成功#军事纪实,https://www.douyin.com/video/7309778557104950543,中国军视网,1.0,4.0,,4,
10972,战友，这次只能送到这里了（宣誓豪）#退伍不褪色,https://www.douyin.com/video/7273470404453223717,我们的天空,,0.0,,0,
787,国防部：“以武拒统” 死路一条,https://www.douyin.com/video/7294263594684910848,中国军号,1.0,1.0,,1,
10620,营区附近突发火情，武警官兵全力扑救！（作者：武警河北总队 冯超、余阳、陈李昊 ；编辑：岳彩嵩）,https://www.douyin.com/video/7222229548446911805,人民武警,,1.0,,1,
448,元气满满的一天,https://www.douyin.com/video/7228026626632650018,中国军网,2.0,4.0,,4,
11688,电波网络春晚【时刻在线】#电波网络春晚  #永不消逝的电波  #电波春晚精彩瞬间  #温暖平安过大年,https://www.douyin.com/video/7192113903113981240,永不消逝的电波,,0.0,,0,
6705,律回春渐，新元肇启，烟火照夜白。新年伊始，远在万里之外的中国第26批赴刚果（金）维和医疗分队官兵为您送上新年祝福。#新年快乐 #新年愿望都在抖音评论区了  #好好跨年季 （高莎惠，郭强，曾继峰）,https://www.douyin.com/video/7183613317624139063,高原战士,1.0,1.0,1.0,1,
9402,行车安全请注意！（刘远航、郁春苗、李汶骏、吴童）,https://www.douyin.com/video/7213531468021108005,中国战略支援,1.0,0.0,0.0,0,
3293,第73集团军新兵开训高燃现场。#高燃混剪 #新兵 #热血 （作者：王宁、黄浩、刘德文  编辑：冯冲浪）,https://www.douyin.com/video/7217026724045901117,东部战区,1.0,4.0,,4,
8361,神舟十六号航天员顺利进驻中国空间站#神舟十六号 #神舟十六号载人飞船发射 #中国载人航天 #载人航天,https://www.douyin.com/video/7238929770501672250,联勤集结号,2.0,0.0,0.0,0,
2650,五一劳动最光荣，兵哥哥送上最美的节日祝福  #五一劳动节快乐（苏唱、范亚康、朱孝炜；编辑：郑洋榕）,https://www.douyin.com/video/7227844271389281593,八一青春方阵,2.0,0.0,,2,
7382,带你第一视角体验专属空军新录取飞行学员的惊喜#鲲鹏送我去上学,https://www.douyin.com/video/7257506416255061263,人民空军,1.0,0.0,0.0,0,
3163,东部战区新闻发言人就美P-8A反潜巡逻机过航台湾海峡发表谈话#时刻准备战斗 #不惧任何外敌,https://www.douyin.com/video/7255215638010924324,东部战区,1.0,1.0,,1,
10186,抗洪返营途中路遇车祸伤者，武警官兵立即救助（武警吉林总队 李子阳、许寅、杨育峰；编辑：卢然）,https://www.douyin.com/video/7267160118884699407,人民武警,,1.0,,1,
2927,英语刺客教学法，句子教你了，什么时候加入我们呢？  #英语刺客教学法  #青年官兵  #变装 （张一鸣、时舒羽、曾小龙、卢应杰）,https://www.douyin.com/video/7188436085251280189,八一青春方阵,2.0,0.0,,0,
3443,新兵下连 奔赴军营新战位 #新兵 #新兵下连 #你就是远方,https://www.douyin.com/video/7308227862581054735,人民前线,2.0,3.0,,1,
2242,真理只在大炮射程之内  #超燃剪辑（孙朗、颜金涛、阳惠琛、李飞翔；编辑：郑洋榕）,https://www.douyin.com/video/7282376906736012603,八一青春方阵,2.0,4.0,,4,
3022,人民空军，生日快乐！#空军节 #人民空军生日快乐 #74周年 （作者：张永耀、刘子轩、高志斌、吴子千 编辑：李润泽）,https://www.douyin.com/video/7299974017593789708,东部战区,1.0,1.0,,1,
8841,1976年9月9日零时十分，毛泽东逝世，47年过去了，我们永远怀念您！,https://www.douyin.com/video/7276618033643146536,中国战略支援,1.0,2.0,2.0,2,
5667,#热点 #美舰擅闯中国西沙领海，#南部战区发声！,https://www.douyin.com/video/7213587846718917888,西陆强军号,,3.0,,3,
5002,快来交作业啦，这个反手运镜真是泰裤辣！#反手运镜 #泰裤辣 #微笑,https://www.douyin.com/video/7246418779545062711,中部空军,1.0,0.0,0.0,0,
1595,一起来看！手榴弹投掷的“正确打开方式”（彭志明 易宇 黄子墨）,https://www.douyin.com/video/7239276137371684151,中国军视网,1.0,4.0,,4,
5457,带你感受#暴风#狂沙中的#坚守!（作者：冯金戈 陈俣州 晁储浩）,https://www.douyin.com/video/7252172686745406757,西陆强军号,,1.0,,1,
3095,47年来，人民不曾忘记您！#毛泽东逝世47周年 #缅怀一代伟人  #致敬 （编辑：刘坚）,https://www.douyin.com/video/7276475807667670308,东部战区,1.0,2.0,,2,
11487,为中国航天点赞#中国航天 #向云端,https://www.douyin.com/video/7253802258092133692,永不消逝的电波,,0.0,,0,
8052,出征！神舟十七号载人飞船今日发射！祝成功！祝凯旋！#神舟十七号 #神舟十七号载人飞船 #中国载人航天,https://www.douyin.com/video/7294089136632253736,联勤集结号,2.0,0.0,0.0,0,
9624,《终结者2》中的液态金属机器人或将变为现实。,https://www.douyin.com/video/7198079102602022199,中国战略支援,1.0,0.0,0.0,0,
5302,叶落知秋，驼铃声响。别了，军营！,https://www.douyin.com/video/7275694631281642811,西陆强军号,1.0,2.0,,2,
6823,【中国海军第44批护航编队圆满结束对阿曼的友好访问】当地时间10月14日，中国海军第44批护航编队圆满结束对阿曼的友好访问，离开首都马斯喀特。在马斯喀特附近海域，第44批护航编队与阿曼皇家海军舰艇围绕海上通信、编队运动等科目进行海上联合演练，有效提升双方舰艇间协同配合能力，深化了中阿两军互信与合作。（张元虎 姜霞 叶宇骏 方思航 何聪聪 剪辑/王熙程 陈佳楠 编辑/焦飞宇）,https://www.douyin.com/video/7290733188886842676,人民海军,1.0,1.0,1.0,1,
5120,雄鹰展翅，未来空天由我做主！#空军#飞机 #抖音小助手（作者：高月洪、李世宁）,https://www.douyin.com/video/7187594844242464037,中部空军,1.0,4.0,,4,
10280,驻地遭遇山洪，武警杭州支队全力救援（武警浙江总队 朱胜、陈国祥、王龙涛；编辑：曾锦旭）,https://www.douyin.com/video/7259723022565772601,人民武警,,1.0,,1,
8101,如果信念有颜色，那一定是中国红！军人在战位，请祖国放心，请人民放心！（作者：翟雪容、李树、张宇编辑：黄镇强）#国庆 #我在这里告白祖国 #我和国旗合个影,https://www.douyin.com/video/7285178303474978088,联勤集结号,2.0,0.0,0.0,0,
4978,童年很短，未来很长，每一次历练都是一种成长！#萌娃 #军营生活 #童年很短未来很长,https://www.douyin.com/video/7259208991362813184,中部空军,,0.0,,0,
7891,节日不忘战备，中国军人始终枕戈待旦！（作者：刘嫘、李春生、张艺馨  编辑：韩咏轩）#中国军人 #战备 #节日,https://www.douyin.com/video/7318201929476197683,联勤集结号,2.0,0.0,0.0,0,
7407,青春，永不言败。在军营里，每一个年轻的身影都不相同。有的人冲锋在第一线，有的人在幕后默默付出。可无论身处什么样的岗位，奋斗永远是新时代青年军人最美的姿态。“还不够”，只有始终追求卓越，不言放弃，才能披荆斩棘，到达胜利的彼岸。（作者：陈军、马睿灏、赵径舟、刘俊、王海杰）#青春有很多样子我的青春有迷彩 #五四青年节,https://www.douyin.com/video/7229122608992767271,人民空军,2.0,0.0,0.0,0,
8270,2023年下半年女兵报名开始！#参军入伍 #参军入伍报效国家 #女兵征兵 #女兵方队 #服兵役是每个公民的义务,https://www.douyin.com/video/7250630902282292532,联勤集结号,2.0,0.0,0.0,0,
11174,"【这件事，他们做了31年】80集团军某部官兵与驻地敬老院共话鱼水之情，每年官兵都要前去慰问和帮助，给老人们送去温暖，这一送就是31个年头。今年，他们又来了……
作者：高 萌、朱鹏涛、袁帅军
编辑：申明明  孙孝忠",https://www.douyin.com/video/7201043900687977785,80强军号,,2.0,,2,
5061,地导部队“吊装神手”#一级军士长 的气场 #对视变装,https://www.douyin.com/video/7217846834641915191,中部空军,2.0,0.0,,0,
8074,作为一支有信仰的队伍，热爱劳动是我们战斗力生成的源泉（作者：冯飞、李振朝、代智斌 编辑：韩咏轩）#平凡的一天#于文亮转场#其实你没那么多观众,https://www.douyin.com/video/7290118744121117987,联勤集结号,2.0,0.0,0.0,0,
3400,昨日的辉煌代替不了明天的骄傲 #混剪 #2023,https://www.douyin.com/video/7318587230149184794,人民前线,2.0,4.0,,2,
5058,追寻光辉足迹，感悟厚重使命 #党史学习#不忘初心牢记使命,https://www.douyin.com/video/7218598182727535909,中部空军,0.0,0.0,,0,
6482,西藏军区某驻训医疗队为高原藏区群众巡诊送药暖心窝。（朱文秀、彭毅、李波）#巡诊  #暖心  #高原战士,https://www.douyin.com/video/7245223472899575101,高原战士,1.0,1.0,,1,
9164,回复 @河南武警的评论 这美丽的太阳啊~,https://www.douyin.com/video/7254002286072974607,中国战略支援,1.0,0.0,0.0,0,
3657,第81集团军某合成旅组织远程跨区域机动演练#军事训练 #机动,https://www.douyin.com/video/7264426704343502140,人民前线,1.0,4.0,,4,
1814,长度超过小臂！“万吨大驱”的主炮扳手真大#军事纪实,https://www.douyin.com/video/7195116164702326075,中国军视网,4.0,4.0,,4,
5553,新兵第一次大比武！开幕！#这是谁的青春,https://www.douyin.com/video/7236283682112245027,西陆强军号,,4.0,,4,
3219,坦克行进间射击，真的泰酷辣！#硬核实力 #视觉震撼 #泰酷辣 （作者：刘正、张佳辉、乔昱霖  编辑：冯冲浪）,https://www.douyin.com/video/7235465847509126456,东部战区,1.0,4.0,,4,
6453,向党说说心里话（韩培东、陈浩正）#建党节 #心里话说出来 #雪域将士忠于党,https://www.douyin.com/video/7250311240231275831,高原战士,1.0,0.0,,1,
4407,【打响军旅第一枪，迈好军旅第一步】近日，火箭军某部新训大队组织新兵首次实弹射击，旨在提升新兵实战心理素质，锻炼过硬军事技能！（屠腾、汪云、胡哲浩、冯天用、王鑫海、李贵生）,https://www.douyin.com/video/7303029691739376936,中部号角,1.0,4.0,,4,
7603,沉浸式体验“小火”包粽子#美食 #端午节粽子,https://www.douyin.com/video/7247695027319655741,中国火箭军,1.0,4.0,4.0,4,
9666,云端之上，红蓝双方相互搏斗，急转拉升、凌厉俯冲、瞄准锁定……,https://www.douyin.com/video/7195468667948223801,中国战略支援,1.0,4.0,4.0,4,
4183,好上头！说唱+京腔《网络安全在我心》（董鑫、梁磊、芦海洋）,https://www.douyin.com/video/7281111134562684194,南部战区,2.0,0.0,,0,
5734,风雪巡逻路，列兵晏绪龙迎来19岁生日,https://www.douyin.com/video/7193610267626851599,西陆强军号,,1.0,,1,
8480,除了四大美德，班长还有什么口头禅？(作者:许杰、张学斌、林德建)#185大帅哥 #兵哥哥 #四大美德 #班长 #185,https://www.douyin.com/video/7220936743678151976,联勤集结号,2.0,0.0,0.0,0,
167,我们在这里！（李波 董欣宇）,https://www.douyin.com/video/7291116428181245245,中国军网,2.0,1.0,,1,
7665,#世界读书日   让读书成为一种习惯,https://www.douyin.com/video/7225096450592525627,中国火箭军,1.0,0.0,0.0,0,
8434,当年，十八军修筑川藏公路途径德格县，在这里留下了无数可歌可泣的革命故事。近日，援建的联勤保障部队某部官兵走进县内的八一爱民学校(作者:龚庆祥、华先泽 、代翔、脱宗元)#八一 #共建 #联勤#德格县,https://www.douyin.com/video/7229174932213746959,联勤集结号,2.0,2.0,2.0,2,
4591,【#妇女节 她是谁？】她们的青春五彩斑斓也激情满怀；她们的青春多姿多味也斗志昂扬！在最好的年龄里，她们扎根英雄部队，舞动着青春最美乐章！今天，为她们的多彩青春喝彩！ （潘光峰、史志方、李恒宇、杨亚）,https://www.douyin.com/video/7208012134049910072,中部号角,2.0,0.0,,0,
4285,“火”出圈！31对新人共赴集体婚礼，上演中式浪漫（王雨蒙、唐长路、刘松涛、张磊）#集体婚礼 #浪漫 #爱情,https://www.douyin.com/video/7218820982620900664,南部战区,2.0,0.0,,0,
8416,15年那一幕：我们能忘吗？我们不能忘！#汶川512大地震,https://www.douyin.com/video/7231893497454857487,联勤集结号,2.0,0.0,0.0,0,
10303,隔着屏幕都兴奋，武警焦作支队官兵配发新枪啦！(武警河南总队 冯雨、杨万中、盘海燕、江志伟；编辑：徐礼跃),https://www.douyin.com/video/7256765650264132922,人民武警,,4.0,,4,
1576,深入敌后 出奇制胜！这就是侦察兵,https://www.douyin.com/video/7247092807863782717,中国军视网,1.0,4.0,,4,
2497,端午节，我们坚守战位！ #中国军人带来的安全感 #端午节安康（马寅翔、马嘉皓、王旭、杜宪法、张博一 等）,https://www.douyin.com/video/7247182096370928952,八一青春方阵,2.0,2.0,,2,
4478,【#“温馨家园”里来了一群子弟兵 】近日，中部战区陆军某旅官兵在房山区佛子庄乡帮助恢复灾后秩序中，发现佛子庄乡“温馨家园”受灾严重，园内都是一些高龄和残障人员，灾后秩序恢复进度缓慢，官兵主动对接，协力将“温馨家园”恢复原貌。（冯伟岸、张本权、李志国、王豪、牛元鑫  编辑：常延凯）,https://www.douyin.com/video/7268181418390392099,中部号角,1.0,1.0,,1,
3136,高燃场面！火力版《回马枪》热血来袭！#回马枪#超燃卡点 #压迫感十足  （编辑：刘坚）,https://www.douyin.com/video/7264875884551720246,东部战区,1.0,4.0,,4,
2504,听说，有人想看少校的战术动作？安排！  #青年官兵  #战术动作 （毛志炜、史延鑫）,https://www.douyin.com/video/7246398396469202213,八一青春方阵,2.0,4.0,,4,
2364,快来领取兵哥兵姐的夏季安全温馨提示！ #暑期安全一夏  （齐婷婷、贺虹、贾舒豪 编辑：郑洋榕）,https://www.douyin.com/video/7264935893570489639,八一青春方阵,2.0,0.0,,0,
8525,联勤保障部队2023年度首批新兵即将入营新训(作者:曹树鼎、柯文才、罗彬 等   编辑:纪美春)#新兵 #参军入伍 #当兵 #联勤#参军入伍报效国家,https://www.douyin.com/video/7211311529042414863,联勤集结号,2.0,0.0,0.0,0,
2748,新战友到部队后的第一天都在干什么？ #新兵入伍 #内容太过于真实（李胜）,https://www.douyin.com/video/7213754087349816631,八一青春方阵,2.0,0.0,,0,
8813,帅！新兵全套被装亮相！一起来看看都有啥！,https://www.douyin.com/video/7279345948071906618,中国战略支援,1.0,0.0,0.0,0,
6538,“雪域雏鹰·2023”群众性练兵比武创破纪录活动拉开战幕（吴景宇 王泳鳞 饶鑫 叶宗健 何静扬）#新兵 #比武  #新训 #高原战士 #西藏军区,https://www.douyin.com/video/7236212845396954379,高原战士,1.0,0.0,0.0,0,
2931,【军营一刻】听说你会杆法？ #青年官兵  #军营一刻  #台球杆法 （肖欢 、刘百超、杨驰）,https://www.douyin.com/video/7188151536122334521,八一青春方阵,2.0,0.0,,0,
5648,高原戈壁，火炮亮剑沙场！,https://www.douyin.com/video/7216992104101219588,西陆强军号,,4.0,,4,
254,2023年8月国防部例行记者会（线下）将于明日下午3时举行,https://www.douyin.com/video/7273032775186320676,中国军网,3.0,3.0,,3,
10980,黄盆男孩又来了，主打就是低调，空工大通知书“开箱”仪式感满满（奠雅洁 谢凯）,https://www.douyin.com/video/7267336929752943924,我们的天空,,0.0,,0,
5392,刘近营长4分50秒激情演讲，中国军人只有战死，没有怕死，我们绝不后退！#让撒贝宁摔倒的男人#为何他代表陆军登上央视#刘近#魔鬼教官,https://www.douyin.com/video/7261480131993161016,西陆强军号,,2.0,,0,
9186,致敬！15秒感受“蚊虫王国”边防巡逻的日常！你们辛苦了！（人民网）,https://www.douyin.com/video/7251494738652663080,中国战略支援,1.0,2.0,2.0,2,
7392,“#这就是祖国的怀抱！”空军维吾尔族轰炸机飞行员，出航归来后的这段话令人动容！,https://www.douyin.com/video/7247742439925091642,人民空军,1.0,0.0,0.0,0,
6714,退伍之际，老兵泪别军营。（许亮、苗志海、吴通海）#退伍季,https://www.douyin.com/video/7275692339417337146,喀喇昆仑卫士,1.0,2.0,2.0,2,
11257,元宵上新！看军营特色活动“热”#元宵节,https://www.douyin.com/video/7196651869672967481,亮剑东南,,0.0,,0,
7232,降“魔”20载，他把根扎在雪域高原 他经常穿着绿色防化服、戴着防毒面具，随时准备应对现实版“生化危机”。从事防化专业的第20年，新进人员与新装备一同到来，他如何把“自己会”变成“人人会”、带好“新徒弟”？面对二级军士长服役期满后的走留问题，他会如何选择？#我的这一年 主题系列短视频，本期推出空军航空兵某场站防化技师代海永在雪域高原“降魔”的故事。#抖音跨年生活节,https://www.douyin.com/video/7318555964196670783,人民空军,1.0,2.0,2.0,2,
8494,周末时间，班长的特殊“体能补差”方式(作者:林镇杰、郭建军、潘晨    编辑:黄镇强)#幸运抽奖 #体能训练 #跑步治愈一切 #兵哥哥 #联勤,https://www.douyin.com/video/7216865610137931023,联勤集结号,2.0,0.0,0.0,0,
10987,“模范空降兵连”新兵第一课，参观黄继光连荣誉室 （张航硕 田赓元）,https://www.douyin.com/video/7264175441857088783,我们的天空,,0.0,,0,
9075,高校军训，教官带领3000余名学生合唱《祖国不会忘记》，场面让人热血沸腾！（素材来源：中国青年报、遵义职业技术学院 编辑：王奕文）,https://www.douyin.com/video/7262637752393551141,中国战略支援,1.0,0.0,0.0,0,
4398,【#退伍季 时光荏苒，致战友！】十几载军营淬火，十几载摸爬滚打，即将脱下心爱的迷彩装，心中万分不舍，但终究要分别，再见了，我的军旅！（袁昆、马兴科、李沅龙、谭少涵、孙海峰）,https://www.douyin.com/video/7310013452137844008,中部号角,0.0,0.0,,0,
11319,告别的不止是军旅 更是自己全部的青春 （王际春 朱柯林 邢云龙）#退伍不褪色 #军旅,https://www.douyin.com/video/7308679175743753487,永不消逝的电波,,0.0,,0,
5412,长春航空展，天之翼飞行表演队编队拉烟通场！#与人民空军双向奔赴#长春航空展,https://www.douyin.com/video/7260083425313328442,西陆强军号,,4.0,,4,
6754,军考冲刺的号角已吹响，他们为梦起航！（侯中华、母其浪、马植秋、程润强、贾彦博、刘成磊）#军考,https://www.douyin.com/video/7225442393816911108,喀喇昆仑卫士,1.0,0.0,0.0,0,
1482,湍流河道变通途！直击工兵团野外渡河工程保障演练,https://www.douyin.com/video/7275999965598600482,中国军视网,1.0,4.0,,4,
10025,#中秋节  听听她们想对爸妈说什么？（武警北京总队 李建娇、黄淼、朱晓雨；编辑：徐礼跃）,https://www.douyin.com/video/7284216907677453568,人民武警,,2.0,,2,
9693,中国空间站与复兴号列车惊喜同框，中国空间站在夜幕中持续运转，从复兴号列车上空飞过！,https://www.douyin.com/video/7194272006018272572,中国战略支援,1.0,0.0,0.0,0,
1884,硬核瞬间！武警部队极限训练震撼来袭！（张旭朋 张嘉方 牛声远 ）,https://www.douyin.com/video/7287104445924592955,学习军团,1.0,4.0,,4,
6148,一时爽快伤害大，科学运动身体好。（作者：刘秋红 解泽平 胡远逵 陈骏宏 / 编辑：姬翔）,https://www.douyin.com/video/7195086498524351802,南海舰队,1.0,0.0,,0,
4239,#青春没有售价，徒步行军甚潇洒（张泰笙、林漳鹏、黄亚）#拉练 #青春没有售价疯狂就在当下,https://www.douyin.com/video/7243261760592006434,南部战区,1.0,0.0,,0,
2485,特战，不仅特别能战斗，还特别帅   #青年官兵 #特战 （刘海生、肖波、阿别史者、田桐灿；编辑：刘子轩）,https://www.douyin.com/video/7249734365482142987,八一青春方阵,2.0,4.0,,2,
2371,有种安全感叫解放军来了，有种速度叫中国式救援  #解放军来了 #中国式救援（申冬冬、王雪婷、张津铭、王军杰；编辑：郑洋榕）,https://www.douyin.com/video/7264370115725020473,八一青春方阵,2.0,1.0,,1,
2087,军营神器“背包绳”，使用简单，功能多样！（李秉璋、赵元鹏） #军营神器  #背包绳,https://www.douyin.com/video/7315719925778107663,八一青春方阵,2.0,4.0,,4,
450,还有哪些没有做呢？ #去当兵了,https://www.douyin.com/video/7227411270905892131,中国军网,2.0,4.0,,2,
7682,初入军营的东风快递小姐姐，英姿飒爽!,https://www.douyin.com/video/7221918895634992442,中国火箭军,1.0,0.0,0.0,0,
8614,小编:这么尬的广告投稿，我会给你发表吗？只会发出来让大家批判#联勤,https://www.douyin.com/video/7201147713918979362,联勤集结号,0.0,0.0,0.0,0,
11256,#七一薪火打卡『二十大知识点』｜②如何理解坚持好、运用好继续推进理论创新的“六个必须坚持”？,https://www.douyin.com/video/7198531016552615227,亮剑东南,,0.0,,0,
6366,军营大餐，等你来品尝。（梁馨媛、王成澳、高启安）#军营伙食连续剧 #品尝美食 #边关生活,https://www.douyin.com/video/7263408001527188793,高原战士,1.0,4.0,,4,
39,军营神器——黑挎包,https://www.douyin.com/video/7312981285100621092,中国军网,4.0,0.0,,4,
2196,军校小哥哥的课后活动 #军校学员 #青年官兵（王伟斌）,https://www.douyin.com/video/7290905715940592936,八一青春方阵,2.0,4.0,,4,
7245,【祖国给我们锻造最好的武器，我们一定会用它打最硬的仗】今年是抗美援朝战争胜利70周年，也是空军为在韩中国人民志愿军烈士遗骸回国护航的第10年。参与此次接迎任务的歼-20飞行员高中强：祖国给我们锻造最好的武器，我们一定会用它打最硬的仗。,https://www.douyin.com/video/7304618293434846501,人民空军,1.0,1.0,1.0,1,
10577,五一假期我们这样过（作者：武警第一机动总队  白日升、方耀东、李建文；编辑：王燕婷）,https://www.douyin.com/video/7228170262112390455,人民武警,,0.0,,0,
55,祥榕今天22岁了，他一直都在......①,https://www.douyin.com/video/7310393376526912804,中国军网,2.0,2.0,,2,
4667,"画说二十大㉘丨民族要复兴，乡村必振兴
作者：王明涛、张耘阁",https://www.douyin.com/video/7280518888394100005,忠诚号,0.0,0.0,,0,
11561,以重保之魂，浇灌保通之树（彭艳琴）#你好通信兵 #光缆施工 #青春有很多样子我的青春有迷彩 #军旅,https://www.douyin.com/video/7231535533548178725,永不消逝的电波,,0.0,,0,
7115,#三八妇女节 英姿飒爽！看新时代航母女兵与战舰一起乘风破浪、共同成长。（剪辑/宋浩）#看见女性的力量,https://www.douyin.com/video/7208111962721439031,人民海军,1.0,4.0,4.0,4,
4625,假期结束，你是否感到疲惫、心烦、焦虑？3招“快速收心法”教你如何摆脱节后综合症！（黄金奎、康子昂、胡守富、洪志顺）,https://www.douyin.com/video/7195139894174305593,中部号角,2.0,0.0,,0,
3296,穿甲弹准备就绪，烎！#时刻准备着 #陆战之王 #坦克 （作者：池俊城、邱学文、张徐强  编辑：冯冲浪）,https://www.douyin.com/video/7216303775684873528,东部战区,1.0,4.0,,4,
7548,【今日处暑｜别了夏雨，迎来秋风，予你一段温柔时光】暑气散去，凉风渐起，天地万物开始从繁茂走向收获。北京时间8月23日，我们迎来二十四节气中的第十四个节气——#处暑#,https://www.douyin.com/video/7270445190622481683,中国火箭军,1.0,0.0,0.0,0,
967,现场画面！东部战区位台岛周边组织海空联合战备警巡和联合演训！#看军事上军号,https://www.douyin.com/video/7268883434175483199,中国军号,1.0,4.0,,4,
4659,"兵记者在一线㉔丨守正创新 提升思想政治教育实效性
党的二十大报告中指出：高质量发展是全面建设社会主义现代化国家的首要任务。第83集团军某旅坚持守正创新，努力实现思想政治教育高质量发展，请跟随镜头一起来看看吧。
作者：汪   胜、张晓昆、王伟鑫、赵亚宁",https://www.douyin.com/video/7281259304118816037,忠诚号,0.0,0.0,,0,
325,一千次、一万次地练，这是一名合格战士的必修课。,https://www.douyin.com/video/7262891843292024119,中国军网,2.0,4.0,,2,优秀品质
636,哒哒哒哒哒~#射击,https://www.douyin.com/video/7313859501713591567,中国军号,1.0,4.0,,4,
10557,这一跳太帅了！钓鱼男子晕倒坠河，休假武警英勇施救（作者：武警广东总队 王子文、郭鹏飞、朱汝杰；编辑：王燕婷）,https://www.douyin.com/video/7230770570210594106,人民武警,,1.0,,1,
5132,老兵的日记本（一）伊始 #老兵 #日记本,https://www.douyin.com/video/7317614908680490249,西陆强军号,2.0,2.0,,2,
5887,信念如钢，争创辉煌！海军第45批护航编队推出MV《我们接力来护航》#护航 #大国担当,https://www.douyin.com/video/7285594540260609337,北海舰队,1.0,0.0,,0,
4879,新兵授衔，最燃的“成人礼”！#新兵 #成人礼 #仪式感 #青春,https://www.douyin.com/video/7305412856579624202,中部空军,2.0,3.0,,3,
6884,#我的家乡我的舰 【齐鲁儿女情系家乡战舰 大国航母肩负强军重任】山东省是我国东部沿海人口大省、经济大省、文化大省，同时，也是驻军大省、兵员大省、拥军大省，是沂蒙精神发源地，还是全国唯一以省命名的革命老区。山东舰作为我国自主设计、自主配套、自主建造的首艘航空母舰，承载着中华民族的百年梦想，肩负着海军转型的历史重任，也寄托着亿万山东父老的信任期望。强国、强军新征程上，大国重器和拥军大省勠力同心、携手并进，汇聚军地优势资源，深化双拥模范创建，助力巩固提高一体化国家战略体系和能力，展现出新时代担当，不断用胜利书写新的荣光。,https://www.douyin.com/video/7263278088711195944,人民海军,1.0,2.0,2.0,2,
439,跟上“我”的节奏！,https://www.douyin.com/video/7231356257360153911,中国军网,2.0,4.0,,4,
8296,小军娃找爸爸，有多少军娃快忘记爸爸长相了？(作者:王经纶、王浚哲   编辑:黄镇强)#小小军娃 #军娃和军爸 #父亲节 #兵爸爸的小兵娃 #致敬平凡又伟大的父亲,https://www.douyin.com/video/7245818686290791695,联勤集结号,2.0,2.0,2.0,2,
7792,重温雷锋日记 争当雷锋传人① 《雷锋日记》（1958年6月7日）,https://www.douyin.com/video/7205477096519535909,中国火箭军,1.0,2.0,2.0,2,
8851,退伍季 | 一声珍重、一路顺风。近日，战略支援部队某部隆重举行2023年度夏秋季老兵退伍仪式，欢送即将踏上征途的战友。（黄国畅、黄文强）,https://www.douyin.com/video/7275980543647337786,中国战略支援,1.0,2.0,2.0,2,
3854,淄博烧烤？不，这是军营千人烧烤！（张杰 彭齐 宋积忠）#淄博烧烤 #烧烤 #五一,https://www.douyin.com/video/7228371619335474436,人民前线,2.0,4.0,,4,
7581,我们是阳光战士，为了梦想心儿永远滚烫；我们是阳光战士，为了荣光等待号角吹响……,https://www.douyin.com/video/7250759134960815393,中国火箭军,1.0,0.0,0.0,0,
9934,翻山越岭，看他们如何昼夜突击！（武警湖北总队 王帅、涂智秋、刘航、徐森林、肖武韬；编辑：徐礼跃）,https://www.douyin.com/video/7296789253990763810,人民武警,1.0,4.0,4.0,4,
10152,武警云南总队机动第一支队：“刀风武林”砺血性（作者：王燕婷；武警云南总队  刘正纲、李阳、潘安、苏云苏、吴昊阳、郑祥权）,https://www.douyin.com/video/7269364099962719523,人民武警,,0.0,,0,
3418,“同台竞技，这场军体运动会燃爆！” #军事训练 #运动会 #考核,https://www.douyin.com/video/7313163231365811506,人民前线,2.0,0.0,,4,
10576,五一假期，兵妈妈悄悄来到高原看望儿子（作者：武警西藏总队  张磊、刘爽、候德宝；编辑：王燕婷）,https://www.douyin.com/video/7228170817182436663,人民武警,,2.0,,2,
1457,好样的！中国蓝盔！中国第十批赴南苏丹（朱巴）维和步兵营成立,https://www.douyin.com/video/7283067474873027874,中国军视网,1.0,0.0,,1,
2635,#苦学摄影多年只为求得今日一鸣惊人 #拍出电影感（蒋艺豪、李大通、杨柏榆、韦容澜 编辑：郑洋榕）,https://www.douyin.com/video/7230067191922658616,八一青春方阵,0.0,0.0,,0,
8251,就女兵路过这件事，真有这样的魔力吗？(作者:王薇薇、李洪魁  编辑:黄镇强)#军营回忆 #已退役 #军营生活 #军营趣事 #女兵帅爆了,https://www.douyin.com/video/7253230997951614242,联勤集结号,2.0,0.0,0.0,0,
10978,回忆当年核试验前的激烈争执，两位老人眼含泪水，哽咽了……,https://www.douyin.com/video/7268285707922279680,我们的天空,,2.0,,2,
11592,一场跨越时代的对话，25名伤残老兵进军营（潘为祥、李鹏朝）#伤残军人 #抗战英雄 #中国军人,https://www.douyin.com/video/7217287701169540411,永不消逝的电波,,2.0,,2,
5468,献礼“七一”建党节，《曙光召唤》MV#七一建党节#中国共产党成立102周年,https://www.douyin.com/video/7250758837592984892,西陆强军号,,1.0,,1,
5430,一分钟心理学之情绪管理#一分钟心理学#知心姐姐,https://www.douyin.com/video/7256622224549989669,西陆强军号,,0.0,,0,
11694,电波春晚精彩瞬间【胜利战歌】 #永不消逝的电波 #电波网络春晚#电波春晚精彩瞬间,https://www.douyin.com/video/7191746613675658533,永不消逝的电波,,0.0,,0,
9444,又酷又浪漫！#清华学生操场拍下中国空间站凌月,https://www.douyin.com/video/7208468464263040315,中国战略支援,1.0,0.0,0.0,0,
1902,揭秘 | “蓝色突击-2023”，中方任务官兵的21式突击背包里有什么（作者：孙兴维 邹菲 叶雪怡）,https://www.douyin.com/video/7274464017404546323,学习军团,2.0,4.0,,4,
8059,新兵同志，时刻准备战斗！（作者:范青锋、张政  编辑:邢雨辰）#新兵 #军姿 #参军入伍,https://www.douyin.com/video/7292725005258034447,联勤集结号,2.0,0.0,0.0,0,
10731,【她们是女兵，也是女儿】在军营中，她们是兵，着一身迷彩，手上时常镌刻伤痕；在舞台上，她们是月光，即使灯光熄灭，也能将人照亮；可在母亲怀里，她们永远是女儿，是母亲的最爱和骄傲。今天，让我们以此短片，向那些被思念着的女儿、坚守在军营里的女兵致敬！（武警后勤学院 姚晓、李成博、刘孟卓、陈路希、颜培登、李昊霖；编辑：李楠）,https://www.douyin.com/video/7208137701571185960,人民武警,,2.0,,2,
10642,这名女军人厉害了！二等功臣牌匾送到家（作者：武警江西总队 涂浩、张绍兵、师锐；编辑：岳彩嵩）,https://www.douyin.com/video/7219262200819518760,人民武警,,1.0,,1,
1150,小编：出来亮个相！,https://www.douyin.com/video/7246658314493332770,中国军号,0.0,4.0,,4,
11015,《长安三万里》出现的48首诗词，看看你能背出几首#轻舟已过万重山,https://www.douyin.com/video/7256817351893536015,我们的天空,,0.0,,0,
545,调整好呼吸，跟上节奏，我们开始投弹了。,https://www.douyin.com/video/7203623001638604032,中国军网,1.0,4.0,,4,
11336,2024年战略支援部队某部面向社会公开招考文职人员，上百个优质岗位，等你报考！加入我们，成就精彩人生！#文职 #军队文职,https://www.douyin.com/video/7293140281803722025,永不消逝的电波,,0.0,,0,
1925,#洪水过后#人民子弟兵为人民服务  8月1日清晨，中部战区陆军第81集团军某陆航旅执行受困列车救援物资空投和病员转运等任务。（钱晓虎 李琳 彭冰洁 郝晴 陈勇 李好 编辑：韩杰）,https://www.douyin.com/video/7262257849336745277,学习军团,1.0,1.0,,1,
5186,高原正飞雪，战士牧马忙！风雪中有豪迈的歌,https://www.douyin.com/video/7308963759962213682,西陆强军号,2.0,0.0,,2,
8683,除夕夜边防战士风雪中站岗网友：兵哥哥一个动作看哭了！#过年#中国军人#致敬边防战士,https://www.douyin.com/video/7191258558544088353,联勤集结号,2.0,2.0,2.0,2,
6113,全民健身日，快和海军小哥哥一起动起来！（作者：冯丽 徐晓东 周彦羲 张荣荣 聂上入 / 编辑：张杰）,https://www.douyin.com/video/7264831610543934757,南海舰队,2.0,0.0,,0,
11182,"80集团军战士出手！1月7日，我部战士李陈龙在家休假期间遇到一芦苇荡起火，其脱下外套紧急灭火，为他点赞！
作者：申明明  孙孝忠",https://www.douyin.com/video/7187297573563026746,80强军号,,1.0,,1,
8043,这是你梦中的向往么？（作者:奚梓雯      编辑:韩咏轩）#军车 #曾梦想仗剑走天涯 #曾经的你,https://www.douyin.com/video/7295336142784843042,联勤集结号,2.0,0.0,0.0,0,
1202,战车+射击，你的DNA动了吗？,https://www.douyin.com/video/7234816526434471225,中国军号,1.0,4.0,,4,
8536,中央军委副主席、委员集体进行宪法宣誓。#2023全国两会 #时政热点 #中国军人,https://www.douyin.com/video/7209184805030726947,联勤集结号,2.0,0.0,0.0,0,
10990,#红色 传承前辈精神，唱响英雄赞歌！（周章凡）,https://www.douyin.com/video/7262518824757366074,我们的天空,,2.0,,2,
3696,“黑猫警长来了！”（刘志勇 李果霖 潘振华）#黑猫警长 #整活 #军事训练 #实弹射击 #防空兵,https://www.douyin.com/video/7256990691304148280,人民前线,2.0,4.0,,4,
1725,演练中特情不断！看护卫舰支队如何快速应对,https://www.douyin.com/video/7210727565206490424,中国军视网,1.0,4.0,,4,
6511,又帅又燃！快来围观高原侦察兵帅气变装。（候博超、程星、李波）#变装秀 #侦察兵 #高原战士,https://www.douyin.com/video/7240297467105791236,高原战士,1.0,0.0,0.0,0,
2132,兵哥哥的科目三（蒋波、鲁鹏 编辑：郑洋榕）#科目三  #青年官兵,https://www.douyin.com/video/7306030892890328370,八一青春方阵,2.0,0.0,,0,
11324,巡线路上的“诗和远方”   作者（孙晋艳，关森予，向江桥，寇学栋）#巡线 #军旅 #大好河山,https://www.douyin.com/video/7303830882710818099,永不消逝的电波,,0.0,,0,
8879,风吹梧桐落满地，声声驼铃征程起。难忘战友情，因为它是青春最美的珍藏！（作者：孙鑫岭、张正翰、张誉泽 编辑：王奕文）,https://www.douyin.com/video/7274117820252785976,中国战略支援,1.0,2.0,2.0,2,
10052,当“燃”不让！武警甘肃总队定西支队军体运动会强势来袭（武警甘肃总队 张朝辉、王硕；编辑：徐礼跃）,https://www.douyin.com/video/7281282232835263759,人民武警,,0.0,,0,
11027,这两个#抗美援朝 老英雄的军礼跨越半个多世纪，令人感动……（朱海涛 李玉彬）,https://www.douyin.com/video/7252682988264181048,我们的天空,,2.0,,2,
4105,新战友来拜年啦！（王景广 王金桂 吴汉森 艾奇灵）,https://www.douyin.com/video/7190932296852049213,人民前线,2.0,2.0,,2,
10091,走进大山上大课，铮铮誓言告慰烈士英魂！（武警江西总队 李杰、许江成、吴伟、甘乾巍、杨育林；编辑：徐礼跃）,https://www.douyin.com/video/7276755572580519208,人民武警,,2.0,,2,
4110,"""东海第一哨""向全国人民拜年（范骏 杨建国）",https://www.douyin.com/video/7190928156277099813,人民前线,2.0,2.0,,2,
7895,“中国军队将永远做你可以依靠的坚强臂膀。”国防部新年祝福来了#新年祝福 #中国军人 #国防部,https://www.douyin.com/video/7317650570288925990,联勤集结号,2.0,2.0,2.0,2,
1485,直击现场！中泰“蓝色突击—2023”海军联合训练全面展开,https://www.douyin.com/video/7275273808829844771,中国军视网,1.0,4.0,,4,
1626,别走开，带你走进真实射击现场！(陈建杰 谢长航),https://www.douyin.com/video/7231107576946003261,中国军视网,1.0,4.0,,4,
2246,杀杀杀！一起来看新兵的刺杀训练   #刺杀操 #新兵（王旭光、管遥伟、徐灶方；编辑：郑洋榕）,https://www.douyin.com/video/7281614705351855401,八一青春方阵,2.0,4.0,,4,
4565,【炮声轰鸣！ #直击榴弹炮实弹射击现场 】连日来，中部战区陆军第82集团军某旅炮兵分队组织新列装车载榴弹炮实弹射击考核，此次考核通过设置多个险情和多个目标的方式，让官兵在近似实战的环境下摔打锤炼，全面提升炮兵分队整体作战能力。（刘洪羽 肖宏洋 刘波 谢扬龙 姚万龙）,https://www.douyin.com/video/7230600702240755004,中部号角,1.0,4.0,,4,
1942,“看军事，上军号，军事资讯早知道”之军号可以吹吗？#看军事上军号,https://www.douyin.com/video/7259306836845808957,学习军团,0.0,0.0,,0,
113,中美两军举行查找美军战俘与失踪人员遗骸工作视频会议,https://www.douyin.com/video/7299388417543097638,中国军网,3.0,0.0,,3,
6975,#中国海军接你回家#【踏上军舰，心里踏实了！】苏丹被撤离人员深情自述，有“神盾舰”守护，格外安心。（刘少伟 吴章杰 剪辑/程嘉豪）,https://www.douyin.com/video/7226935922669931835,人民海军,1.0,1.0,1.0,1,
348,理发店“托尼老师”都被它带“偏”了！#下载中国军号独家军情全知道 #中国军号人手一号（于淼 张书铭 栗旭磊 罗江天）,https://www.douyin.com/video/7261029258213002556,中国军网,2.0,0.0,,0,
96,回想•回响丨爱民模范欧阳海（作者：孙嘉烨 崔嫣然）,https://www.douyin.com/video/7302628616091749667,中国军网,2.0,2.0,,2,
11759,今天是中国人民抗日战争胜利78周年，致敬先烈，吾辈自强！（编辑：高子祺  素材来源于网络）#抗战胜利78周年 #致敬先烈 #人民英雄永垂不朽,https://www.douyin.com/video/7274384668739341629,沧海铸剑,,1.0,,1,
11680,电波网络春晚开场【战歌迎春】#电波网络春晚   #永不消逝的电波   #电波春晚精彩瞬间   #温暖平安过大年,https://www.douyin.com/video/7192462665942338871,永不消逝的电波,,0.0,,0,
1588,速度与精度的角逐！一起来看工程机械装备操作比武现场,https://www.douyin.com/video/7241509552548629818,中国军视网,1.0,4.0,,4,
11769,你后悔当兵吗？#每日一问 #黑屏字幕 #若有战召必回 #退伍不褪色 （编辑：贺加）,https://www.douyin.com/video/7272276691924405560,沧海铸剑,,0.0,,0,
11235,#国家安全 七一薪火打卡『二十大知识点』｜⑨为什么要推进国家安全体系和能力现代化？#二十大耀青春,https://www.douyin.com/video/7233040169673248055,亮剑东南,,0.0,,0,
2164,#新训进行时 一起来看看新兵的蜕变 （吴昊、丁海峰、刘园、王盈德） #青年官兵,https://www.douyin.com/video/7298327198082026806,八一青春方阵,2.0,4.0,,4,
10295,速来围观！看保障尖兵在沙场“狂飙”（作者：曾锦旭、武警河南总队 何志浩、闵剑锋、王哲、周子昂；编辑：徐礼跃）,https://www.douyin.com/video/7257890384557149498,人民武警,,4.0,,4,
5155,注重心理疏导，子弟兵和小朋友做游戏舒缓情绪,https://www.douyin.com/video/7315347107089517850,西陆强军号,2.0,2.0,,2,
4442,【#时节里的军营 秋分】白昼与黑夜均分时间，暖阳与凉风共享寒暑，黄叶与蓝天平分秋色。今天我们迎来二十四节气中第十六个节气——#秋分 。（赵巍 刘强 常延凯）,https://www.douyin.com/video/7281649810510351668,中部号角,2.0,0.0,,0,
1217,专家：演练“逃跑战术”只为台海冲突中让美国人先走！#军事制高点 #国际,https://www.douyin.com/video/7230738348313234744,中国军号,1.0,1.0,,1,
5503,#高原女兵与父亲通话泪流满面 #父亲节#感动瞬间,https://www.douyin.com/video/7245601585626090807,西陆强军号,,2.0,,2,
6425,出发，抓住夏天，高原战士带领打卡秀丽风景。（梁馨媛、王成澳）#出发抓住夏天 #抬手转场,https://www.douyin.com/video/7254404911650098493,高原战士,1.0,0.0,,0,
1386,这气势，拿捏了！#潜艇 #开训 ,https://www.douyin.com/video/7185104871203294504,中国军号,1.0,4.0,,4,
6750,#世界微笑日 兵哥哥兵姐姐的微笑，超治愈！（剪辑：王梦缘，素材综合：王子超、陈朋宇、李依、魏学军 、张振英、徐显俊、张浩、余永帅、张一帆、秦江莉、付婷、田健、李江、王致远、田芷齐、晏子祎、王军强、蔡久春、王琦等来稿）#当兵就是那么帅,https://www.douyin.com/video/7230636464025980216,喀喇昆仑卫士,1.0,0.0,0.0,0,
3018,新兵首次实弹射击，多人打出满分50环#入伍新兵 #实弹射击 #50环 （作者：吕思远 、冯小飞 编辑：李润泽）,https://www.douyin.com/video/7300937923350793483,东部战区,1.0,4.0,,4,
1163,突破！用时8秒64 #等你来挑战,https://www.douyin.com/video/7246204472928603429,中国军号,2.0,4.0,,4,
4699,退伍不褪色！“我的老单位来支援我们了，我有什么资格不来呢？”（记者：樊斌、汪飞、张轩玮、杨兴灿；编辑：赵云风）,https://www.douyin.com/video/7266765028819275065,忠诚号,2.0,1.0,,2,
8622,军队版《狂飙》 网友:看得我原地起飞#狂飙#狂飙后遗症 #军队,https://www.douyin.com/video/7200582146510097716,联勤集结号,2.0,4.0,4.0,4,
548,来来来，感受一下什么叫气场,https://www.douyin.com/video/7202769006850329891,中国军网,1.0,4.0,,4,
10389,当军营美食节与端午碰撞，一起来感受一下吧（武警第一机动总队 韩清宇、王振刚、刘炳毅、李建文；编辑：曾锦旭）,https://www.douyin.com/video/7248198570522725692,人民武警,,4.0,,4,
1796,高原狂飙！海拔4000多米装甲车驾驶专业技能考核,https://www.douyin.com/video/7198078738481925436,中国军视网,1.0,4.0,,4,
3921,来体验一把“10大狙”（宋超 赵前程 张乃友 李汉朝）#10狙 #狙击手 #狙击,https://www.douyin.com/video/7219314936357326135,人民前线,4.0,4.0,,4,
270,开路先锋！直击武警官兵桥梁抢通演练现场,https://www.douyin.com/video/7268473206015560997,中国军网,2.0,4.0,,4,
585,爸爸，我们来看你了 #军营的味道,https://www.douyin.com/video/7191636634478202127,中国军网,2.0,2.0,,2,
10843,北京西站一乘客乘坐扶梯时不慎摔倒，武警官兵飞奔救助（武警北京总队 贺靖博、陈春越；编辑 吴敬楠）,https://www.douyin.com/video/7194772854657846583,人民武警,,1.0,,1,
3056,兵哥哥亮出“肌肉铠甲”，帅炸了！#健身  #炫腹挑战  #肌肉  （作者：王维银、李洪顺、刘坚 编辑：牟泓）,https://www.douyin.com/video/7287515474324163859,东部战区,1.0,4.0,,4,
751,多想再看你翱翔蓝天！,https://www.douyin.com/video/7299657583634189579,中国军号,1.0,0.0,,0,
8719,巡线路上的#军民鱼水情，这个冬日最温暖的瞬间：你们来喝点热水！（金照博、张家军、王奕文、刘琦）,https://www.douyin.com/video/7300896245994851594,中国战略支援,2.0,1.0,1.0,1,
1218,武警部队面向社会公开招聘技能类文职人员#武警部队公开招聘,https://www.douyin.com/video/7232536445527936314,中国军号,1.0,5.0,,1,
10373,沉浸式体验城市反恐演练（武警湖南总队 彭超、王旭、罗鑫；编辑：华巍）,https://www.douyin.com/video/7249331117558402360,人民武警,,4.0,,4,
10627,【比武！比美！比力！这场比赛太燃炸！】近日，武警云南总队某支队开展“第三届”猛龙杯搏击对抗赛暨健美大赛，比武、比美、比力接续展开，现场画面精彩纷呈。（作者：武警云南总队  张鹏、赵彦宝；编辑：岳彩嵩）,https://www.douyin.com/video/7221120949951794467,人民武警,,0.0,,0,
71,国防部发言人寄语：祝福我们的空天卫士向一流铸铁翼，与时代共奋飞。,https://www.douyin.com/video/7307232707455618340,中国军网,1.0,3.0,,1,军人的守护
4662,"时光隧道⑧丨体育产业助力高质量发展的“精彩蝶变”
小城崇礼之变，折射出中国冰雪运动，跨越式发展的进程，更是中国过去十年，高质量发展的真实写照。
作者：王明涛；拍摄：张耘阁、郝   强；配音：张   叙",https://www.douyin.com/video/7280895993137122618,忠诚号,0.0,0.0,,0,
7434,-19°C！紧握驾驶杆，和飞行学员一起跟着教员学飞行！##航空科普 #飞行员 #军事科技,https://www.douyin.com/video/7203277673173503269,人民空军,1.0,0.0,0.0,0,
9526,听说玩赛车的人都有#赛车模拟器 ，快来看！我们的#主战装备 也有#模拟器,https://www.douyin.com/video/7202256323608612133,中国战略支援,1.0,4.0,4.0,4,
8080,维护环境卫生是经常性工作，简单的事情重复做，重复的事情用心做，@佛山电翰 受教了（作者:吴兵利、高仕臣、边立波、邓志刚  编辑:黄镇强）#佛山电翰甩手挑战 #硬核版佛山电翰 #把简单的事情做到极致就不简单,https://www.douyin.com/video/7289014985118862607,联勤集结号,2.0,0.0,0.0,0,
7798,去时懵懂少年，归时顶天立地,https://www.douyin.com/video/7205126104779148602,中国火箭军,1.0,0.0,0.0,0,
9321,因为有班长在，边疆的天气才不会寒冷。训练间隙，暖心班长与新兵的“高甜”瞬间！#致敬人民子弟兵（陆荣有、刘东旭、谭敏、王奕文 ）,https://www.douyin.com/video/7218209261782863163,中国战略支援,1.0,0.0,0.0,0,
1134,#花式俯卧撑 实用教学，学会（废）了~,https://www.douyin.com/video/7251754125451431224,中国军号,0.0,4.0,,4,
6004,"【谁家少年志擎云，谁以纤指敌万钧 | 这首《#航母小黄人 》MV带你去遇见别样的童真】与凤凰同飞，必是俊鸟；与航母相伴，必是精英！歌曲《航母小黄人》锚定""航母小黄人""这一大国海军元素、现代化海军符号，以童心的清纯可爱，重拾童心童真；以童目的清澈，端详人民海军；以童言童语的甘甜和畅快，唱响奋进激情。（来源：人民海军）",https://www.douyin.com/video/7239684680822410533,北海舰队,1.0,0.0,,0,
9805,12月19日，甘肃临夏，武警甘肃总队救援官兵给灾区的孩子们送来食物。孩子们：谢谢武警叔叔！#子弟兵在行动 （作者：刘昆、崔云龙、薛朗朗、王治国、张倚铭；编辑：陈绿祥）,https://www.douyin.com/video/7314216981060750642,人民武警,1.0,1.0,1.0,1,
6938,【#海军戚继光舰抵达泰国进行友好访问】当地时间29日上午，执行远海远域实习访问任务的海军戚继光舰抵达此次航行访问第二站——泰国，开始对泰国进行为期3天的友好访问。访问期间，出访官兵将访问泰皇家海军学院、罗勇府公立光华学校，赴泰皇家海军“差克里”号航母、泰中罗勇府工业园参观。戚继光舰将举行甲板招待会，向泰国军方、当地市民和华人华侨、中资机构人员等开放参观。（徐中慧 黎明宇 李鑫 张之煜 庄宇凌 张新宇 马莹  剪/徐中慧）,https://www.douyin.com/video/7238786309244964155,人民海军,1.0,1.0,1.0,1,
9939,太感动了！“武警全媒体走边疆”直播获奖观众收到礼物后反馈来了（作者：人民武警粉丝；编辑：徐礼跃）,https://www.douyin.com/video/7296435199129275663,人民武警,2.0,2.0,2.0,2,
7100,【身临其境！#全景相机实拍海军航空大学跳伞训练】近期，海军航空大学某训练基地组织同场次多伞型实跳训练，为前出兵力投送和海上搜索救援积累经验。戳视频↓第一视角看空中伞花绽放。（高山嵩 杨志兵 编/王依）,https://www.douyin.com/video/7215050832658566457,人民海军,1.0,4.0,4.0,4,
9699,“衣服再脏，心里干净就行了！”这是喀喇昆仑年轻战士的答案。致敬！,https://www.douyin.com/video/7194037002029829431,中国战略支援,1.0,0.0,0.0,0,
8831,"今天是9月12日，星期二，早安。
放弃有十五笔，而坚持有十六笔，差之一笔，失之千里，一切取决于你自己。#战支起床号 （配音：张政 编辑：王奕文）",https://www.douyin.com/video/7277515175849151804,中国战略支援,1.0,0.0,0.0,0,
6311,身矫若游龙，刀快似白电。（黄鑫、徐明会、袁昆、王兴）#少林单刀 #兵哥哥 #武术,https://www.douyin.com/video/7272283689961147704,高原战士,1.0,0.0,,0,
10497,单曲循环！武警原创Rap《忠诚誓言》（武警福建总队 苏胡鑫、吴靖；编辑：徐礼跃）,https://www.douyin.com/video/7237089997290032439,人民武警,,0.0,,0,
1817,中国第十批赴马里维和部队防卫步兵分队在当地组织义诊义捐活动,https://www.douyin.com/video/7194749752758603066,中国军视网,1.0,0.0,,1,
9071,急！急！急！战略支援部队驻涿州某部全力保障通信畅通（邢浩、王晓东、林恒）,https://www.douyin.com/video/7263123944213859643,中国战略支援,1.0,1.0,1.0,1,
4744,"我与二十大㉑丨不辱使命，聚焦打仗练硬功
党的二十大报告中提出：“全面加强练兵备战，提高人民军队打赢能力。”作为基层官兵，战位上的小我与强军事业的大我息息相关，第82集团军“铁军旅”“渡海英雄连”排长冯小涵，在建功强军伟业的时代大潮中，从一名普通战士到基层排长，不断以昂扬的奋斗姿态，成长蜕变……
策划：铁军工作室
作者：雷剑波、王丙磊、王   欢
摄影：杨仕伟、付建坤、袁安杰、宋朝阳",https://www.douyin.com/video/7253673307713588537,忠诚号,0.0,0.0,,0,
6588,漫画定格的青春 #手绘  #漫画 （ 任志伟、白彬烊、邓廷杰、邢开）,https://www.douyin.com/video/7221745426918165764,高原战士,1.0,0.0,0.0,0,
11254,七一薪火打卡『二十大知识点』｜④如何理解中国式现代化是中国共产党领导的社会主义现代化？#七一薪火打卡,https://www.douyin.com/video/7204063417655741753,亮剑东南,,0.0,,0,
2039,新兵实弹射击初体验（刘珂 李滨池 翟凯波 常志彬 刘秉权）#实弹,https://www.douyin.com/video/7199799233984171264,学习军团,1.0,4.0,,4,
3201,“突击猛兽”，战斗力狂飙！#军事训练#一发入魂 #现场直击 （作者：郭晓兵、朱志强、魏家浩 编辑：刘坚）,https://www.douyin.com/video/7241536872361577787,东部战区,1.0,4.0,,4,
2618,5月8日， #军地青年典型走基层分享交流活动走进联勤保障部队某部，青年典型们与部队官兵交流成长成才的青春故事，共话使命担当  #热血青春献祖国（苏枫、乔明鉴）,https://www.douyin.com/video/7232254120747420928,八一青春方阵,2.0,0.0,,0,
6569,今天是护士节，向守护高原军民生命健康的白衣天使们致敬。（刘景南 马成锁 易谭俊康 索朗旦增）#护士节 #高原战士 #白衣天使 #守护健康,https://www.douyin.com/video/7232126858546924815,高原战士,1.0,0.0,0.0,0,
2900,年味十足的军营会餐  #军营生活 #每逢佳节胖三斤 （宋强、宋可睿、汪自超）,https://www.douyin.com/video/7192202977497615653,八一青春方阵,2.0,4.0,,2,
7315,最后一次上岗！空军老兵戎装虽卸，本色不褪#退伍不褪色,https://www.douyin.com/video/7274174696470449463,人民空军,1.0,2.0,2.0,2,
10151,武警云南总队机动第一支队：“铿锵鼓点”势磅礴（作者：王燕婷；武警云南总队  刘正纲、李阳、潘安、苏云苏、吴昊阳、郑祥权）,https://www.douyin.com/video/7269365222635244800,人民武警,,0.0,,0,
6744,周末假日，边疆军营里的“演唱会”氛围爆棚！（苟宝琦）#军营演唱会 #逆战 #现场直击,https://www.douyin.com/video/7240724886195375419,喀喇昆仑卫士,1.0,0.0,0.0,0,
1585,原声放送！体验节奏感十足的轻机枪射击（白玛西绕 董浩）,https://www.douyin.com/video/7241874851504459066,中国军视网,1.0,4.0,,4,
3348,负气男孩深夜离家，武警官兵暖心解困#传递正能量 #暖心的一幕 （作者：周祥、谢炳兴、黄国栋、刘通  编辑：梁瑞国）,https://www.douyin.com/video/7199594730227911993,东部战区,2.0,1.0,,1,
9568,我赴阿卜耶伊维和直升机分队执行武装搜索任务。,https://www.douyin.com/video/7200206194395385149,中国战略支援,1.0,1.0,1.0,1,
11611,向最可爱的他们告白(张波、郭勃言、张冰冰)#三八妇女节 #三八妇女节快乐 #最美女兵 #妇女节氛围感拉满,https://www.douyin.com/video/7208161212679376180,永不消逝的电波,,0.0,,0,
3075,仪式感拉满！徽州古城，百名热血青年奔赴军营#新兵  #参军入伍  #保家卫国  （作者：陈清、杨春景、王小杰 编辑：牟泓）,https://www.douyin.com/video/7282221873641819428,东部战区,2.0,0.0,,0,
5961,“北部·联合-2023”演习中方海上舰艇编队启航（来源：央视军事）#中方5艘军舰起航参加演习 #俄罗斯军队将参加中方演习 #中俄 #联演 #人民海军,https://www.douyin.com/video/7256004265225882880,北海舰队,1.0,4.0,,4,
4551,#当兵就要练练练 【“真·硬汉”！特战队员挑破血泡奋勇前行 】近日，武警河北总队衡水支队特战队员们进行了一场多科目、多要素、无预案的山地武装追剿。经过四十多公里徒步奔袭，部分特战队员脚部磨出血泡，但他们忍住剧痛，用针线将血水挤出，继续前行。加油！“硬汉”（张程 陈立峰 杜海龙 苏江涛）,https://www.douyin.com/video/7245091589763222824,中部号角,1.0,4.0,,4,
4071,“百变女兵”化妆侦察（军事纪实）,https://www.douyin.com/video/7196501329097788730,人民前线,2.0,0.0,,0,
3510,兄弟，好样的！,https://www.douyin.com/video/7293477687283256616,人民前线,2.0,0.0,,0,
6426,维和兵姐姐变装，又甜又盐又飒。（高莎惠、郭强、张安欣）#维和部队 #变装 #兵姐姐,https://www.douyin.com/video/7254145472003116349,高原战士,1.0,0.0,,0,
6770,踏上巡逻路，与兵哥哥一起感受“极地狼”摩托雪橇的魅力吧！（曹祥瑞）#巡逻路 #雪地摩托,https://www.douyin.com/video/7200394511099383040,喀喇昆仑卫士,1.0,1.0,1.0,1,
6533,《牛一说》快板话强军栏目 第十四集  《预防雷击》 夏季到，多雷雨，谨慎出行，防雷击。（牛思佳、王一）#牛一说 #知识科普 #雷雨天如何防雷击 #高原战士,https://www.douyin.com/video/7236937690799787323,高原战士,1.0,0.0,0.0,0,
3618,东部战区第71集团军某陆航旅 直升机远距离海上机动 完成多弹种饱和攻击#军事训练 #陆航 #直升机 #实弹射击,https://www.douyin.com/video/7270873630320397604,人民前线,1.0,4.0,,4,
4745,"我与二十大⑳丨“攀铁索、涉险滩”，争当新时代勇士传人
第82集团军“铁军旅”“飞夺泸定桥红二连”连长贾昊，从军14年来，经历数次专业、岗位调整，经历了风浪的洗礼和任务的考验，始终锚定战位、奋楫向前，圆满完成上级赋予的各项使命任务，为实现建军一百年奋斗目标而不懈奋斗。
作者：刘   煜、王丙磊、何宇鑫
摄影：杨仕伟、林家鑫、陈佳楠、杨爱华
单位：铁军工作室",https://www.douyin.com/video/7253285776593603877,忠诚号,0.0,0.0,,0,
6045,这是浪花白与校园红的深蓝交响，这是热血与青春的携手对话，这是激情与活力的倾情释放……在人民海军成立74周年之际，一起聆听海军某护卫舰支队官兵与驻地高校学子共同演绎的歌曲《我爱这蓝色的海洋》，一同为人民海军喝彩，一同为奋进强军征程的人民海军送上最真挚的祝福！（作者：陈兴，编辑：娄欣辉）#人民海军成立74周年 #人民海军,https://www.douyin.com/video/7224434322978213157,北海舰队,1.0,0.0,,0,
9477,#青春 担当，舍我其谁。拳法干净利落，男儿热血阳刚，一招一式、一动一静，尽显#军人本色 （陈国文，张斌，彭雄）,https://www.douyin.com/video/7205379846501944637,中国战略支援,1.0,2.0,2.0,2,
5135,今天，我们一起重温毛主席讲话原声， 纪念开国领袖毛主席诞辰130周年,https://www.douyin.com/video/7316805356410178842,西陆强军号,0.0,0.0,,0,
2937,枪永远是军人的第二生命，哪怕睡着也会死死抱紧   #追星只追子弟兵  #青年官兵 （李雨峰、钱成、苏敬豪）,https://www.douyin.com/video/7187582087967427898,八一青春方阵,2.0,2.0,,2,
10085,比拼激扬梦想，搏击磨砺锋芒！军体运动会火热来袭！（武警新疆总队 万志华、王忠伟、公建伟、张翅；编辑：曾锦旭）,https://www.douyin.com/video/7277528729356602624,人民武警,,4.0,,4,
11107,弘扬雷锋精神 争做时代先锋（鲍振宇）,https://www.douyin.com/video/7207590542673268027,我们的天空,,2.0,,2,
6444,因为热爱，所以坚持，并且一往无前！（舒昌雨、加永克珠、徐观念）#军事训练 #因为热爱所以坚持,https://www.douyin.com/video/7251513472058445114,高原战士,1.0,4.0,,4,
7622,抗战老兵讲他难忘的战斗故事,https://www.douyin.com/video/7236512298020474171,中国火箭军,1.0,2.0,2.0,2,
9047,山东德州市平原县附近发生5.5级左右地震（中国地震台网）,https://www.douyin.com/video/7263986991409155343,中国战略支援,1.0,1.0,1.0,1,
4172,"你以为的班长VS现实中的班长 #班长 #南部战区 
作者：夏 青、黄家龙、孙洁康",https://www.douyin.com/video/7294190260089670947,南部战区,2.0,0.0,,0,
7226,人才强军，因你更强。书本课堂所学，如何学以致用？国家由大向强，我辈如何担当？今天如何选择，未来才能无悔？“我选择——我选择——我选择——‘孔雀蓝’！”建设一流陆军，制胜未来战场，不仅需要精兵强将，也呼唤优秀的文职人员群体共圆强军梦！“文”亦强军，“职”等你来，未来已来，我们一起向未来！人民陆军，等你登“陆”！详细报考信息请查阅军队人才网：http://www.81rc.mil.cn或http://81rc.81.cn（陆军政治工作部文职人员局）,https://www.douyin.com/video/7187976020824263994,人民陆军,1.0,0.0,0.0,0,
9729,当军人悄悄回家，这一幕看哭了多少人。（熊飞、王梓森）,https://www.douyin.com/video/7192194700210605372,中国战略支援,1.0,2.0,2.0,2,
3228,“火龙”出击！你们要的正面喷火视角来了#泰裤辣 #沉浸式体验 #喷火器 （作者：钱声杭 编辑：冯冲浪）,https://www.douyin.com/video/7233236740239019325,东部战区,4.0,4.0,,4,
1126,当三军仪仗队接受父母检阅……,https://www.douyin.com/video/7252906398378511676,中国军号,2.0,2.0,,2,
3049,仪式感拉满！“电翰”版军营分解步枪#佛山电翰  #仪式感  #步枪  （作者：谢松、吴沁钊 编辑：牟泓）,https://www.douyin.com/video/7289783148987141412,东部战区,4.0,0.0,,4,
11874,兔爷、兔战士、兔包子，一个个或萌或飒的兔子，让官兵们体验到了军营里的别样年味。你最喜欢哪一款呢，快来留言告诉我们吧！（作者:贺加）#兔子,https://www.douyin.com/video/7191751947475537212,沧海铸剑,,4.0,,4,
640,风雪夜，这支队伍出动了,https://www.douyin.com/video/7315621036953734435,中国军号,1.0,1.0,,1,
9929,拿出全部实力！武警四川总队达州支队组织执勤技能大比武（武警四川总队 张瑜、刘畦；编辑：徐礼跃）,https://www.douyin.com/video/7297557568342347042,人民武警,1.0,4.0,4.0,4,
213,我们的“第一次” #强军新征程跑出加速度   #挑战100秒,https://www.douyin.com/video/7283041972825181496,中国军网,4.0,2.0,,4,
4214,钢铁先锋的专属“铠甲”,https://www.douyin.com/video/7256679867851296000,南部战区,1.0,4.0,,4,
8109,中秋节快乐！向假期值班值勤的你致敬！（作者：翟雪容、李树、张宇  编辑:黄镇强)#中秋国庆动起来 #中秋遇上国庆太哇塞了 #又是一年中秋节,https://www.douyin.com/video/7284049009545727272,联勤集结号,2.0,0.0,0.0,0,
10334,爸妈突然来到部队，这名上等兵再也绷不住了（武警河北总队 王浩东、范睿、刘立恒、戴继尧；编辑：徐礼跃）,https://www.douyin.com/video/7253789245268069691,人民武警,,2.0,,2,
3240,警示教育版“小小花园”上线！你看懂了吗？#满脑子都是挖呀挖呀挖  #警示教育 #安全警示 （作者：丁胜、郗和平、马泽宇  编辑：冯冲浪）,https://www.douyin.com/video/7230399524986948923,东部战区,0.0,3.0,,0,
1799,穿梭在海天一线！来看多科目飞行训练！,https://www.douyin.com/video/7197707043359182095,中国军视网,1.0,4.0,,4,
4973,梦幻联动！川籍运油-20机长来为成都大运会健儿们加油助威啦，成都雄起！#成都大运会 #长春航空展#运油20机长举蓉宝为大运会加油,https://www.douyin.com/video/7260804175938768143,中部空军,0.0,0.0,,0,
7212,“隔壁家的小哥哥”，为啥变了样？,https://www.douyin.com/video/7261788751519698187,人民陆军,2.0,0.0,0.0,0,
11413,当年鏖战济南城，征衣铁骨万里行！（王方 王一帆 赵志宏 侯鹏程）@三剑客#诗词中的军营,https://www.douyin.com/video/7267453290206465280,永不消逝的电波,,0.0,,0,
6896,#逐梦强军新征程 【《#逐梦 》推广曲《远征》发布！】让我们一起踏上新的远征！（编/王震宇）,https://www.douyin.com/video/7262266234719194402,人民海军,1.0,0.0,0.0,0,
4295,南部战区新闻发言人就美舰擅闯中国西沙领海发表谈话#权威发布,https://www.douyin.com/video/7213573381491412235,南部战区,3.0,3.0,,3,
7499,主题mg动画⑫ | 永葆本色守初心,https://www.douyin.com/video/7306066989305335059,中国火箭军,1.0,0.0,0.0,0,
7516,主题MG动画 | 第四集 党在新时代的强军目标,https://www.douyin.com/video/7296004067170487588,中国火箭军,1.0,0.0,0.0,0,
3076,欢送新兵入伍，这一幕幕令人泪目#新兵  #参军入伍  #暖心一幕  （作者：柳思羽、吴应得、黄梁健 编辑：牟泓）,https://www.douyin.com/video/7281990895396719911,东部战区,2.0,0.0,,0,
9159,各位战友请听好，不谈别的谈酒驾。拒绝酒驾天天说，关键还得靠自觉……（刘漩）,https://www.douyin.com/video/7254692634122325306,中国战略支援,1.0,0.0,0.0,0,
394,新修订的反间谍法7月1日起施行（军事报道）,https://www.douyin.com/video/7251849343924276538,中国军网,3.0,3.0,,3,
9761,#欢迎加入战略支援部队文职人员方阵 这里，军事变革巨潮奔涌；这里，科技创新激情澎湃；这里，有干事建功的优渥平台；有集智攻关的精英团队；有人文荟萃的环境保障，我们背后是伟大的祖国，前方是民族复兴的曙光。,https://www.douyin.com/video/7188729964580097317,中国战略支援,1.0,0.0,0.0,0,
3654,陆军第73集团军  组织狙击手展开多课目  跨昼夜综合演练#军事训练 #狙击手 #泅渡 #演练 #实弹射击,https://www.douyin.com/video/7264598023504694591,人民前线,4.0,4.0,,4,
2401,高燃！山东舰最新训练画面曝光！#山东舰#八一建军节,https://www.douyin.com/video/7261061367384345891,中国军号,1.0,4.0,,4,
10406,“炎”值爆表，这场群众性比武竞赛更火热（武警新疆总队 王小杰、李泉毅；编辑:曾锦旭）,https://www.douyin.com/video/7246703222117715257,人民武警,,0.0,,0,
11041,#端午道安康 军地联谊，齐心向党，共庆端午（谢飞 张志双 陈鑫 孙明政 刘东祥）,https://www.douyin.com/video/7248407380935937338,我们的天空,,0.0,,0,
10470,【武警黔西南支队助力驻地乡村振兴】武警贵州总队黔西南支队官兵视驻地为故乡，视村民为亲人，与普梯村结对帮扶15年间，全力支持普梯村产业振兴、旅游开发、组织建设等，帮助普梯村实现人均收入从2000余元上升到1.4万元，昔日闭塞落后的布依村寨，已成为远近闻名的社会主义新农村建设示范村。（武警贵州总队 徐民康、宋文明、王培龙；编辑：华巍）,https://www.douyin.com/video/7240038345915501885,人民武警,,1.0,,1,
4928,时刻准备，奔赴战位#年少的你啊 #训练 #青春 #安全感,https://www.douyin.com/video/7281296306327309620,中部空军,1.0,4.0,,4,
3648,野外驻训，开“烤”！（林玉锋 李果霖 陈露洋）#烧烤 #驻训,https://www.douyin.com/video/7266253904168357161,人民前线,1.0,4.0,,4,
6777,微电影《逐梦》，带你感受边疆兵哥哥的成长蜕变。（王新越、李文求、李昊原、岳靓、韩广平、高家鑫、刘渤）#逐梦 #2023大展宏兔 #破解成蝶,https://www.douyin.com/video/7194066629683105058,喀喇昆仑卫士,1.0,0.0,0.0,0,
7306,当新训遇到教师节，感恩，感动！（杨涛 叶春燕 谢奇衡 田野 熊旭）#教师节,https://www.douyin.com/video/7277026610497277245,人民空军,1.0,2.0,2.0,2,
9566,想把你的设计带上#太空 吗？#中国载人航天 首次面向社会征集任务标识！机会难得，有想法的抓紧了。,https://www.douyin.com/video/7200282646713290045,中国战略支援,1.0,0.0,0.0,0,
10710,【踏浪！海疆卫士全力出击】近日，浙江海警局着眼春季训练“黄金期”，紧贴使命任务，组织执法舰艇围绕海洋渔业执法、海上缉私、救生器材操作等10余个课目开展专攻精练，以新理念、新思路、新办法，深入推进实战化训练效果落实。（浙江海警局 李庆凯；编辑：王燕婷）,https://www.douyin.com/video/7211086971450494260,人民武警,,4.0,,4,
8639,战严寒砺精兵，联勤尖兵冬季训练高燃时刻(颜子程、原飞、王石)#中国军人 #有一种燃叫中国军人 #冬季练兵 #练练练,https://www.douyin.com/video/7198532729523244322,联勤集结号,2.0,4.0,4.0,4,
7537,1931年9月18日，九一八事变爆发，中国人民奋起抵抗，开启长达14年的浴血奋战。勿忘国耻，警钟长鸣！吾辈自强，砥砺前行！＃九一八事变92周年,https://www.douyin.com/video/7280058062814088511,中国火箭军,0.0,1.0,1.0,1,
150,神舟十七号载人飞船即将发射,https://www.douyin.com/video/7294100317593980170,中国军网,1.0,0.0,,1,
9510,国防部：雷锋精神是不朽丰碑 践行雷锋精神永无止境,https://www.douyin.com/video/7203278940029455677,中国战略支援,1.0,2.0,2.0,2,
1328,专家：西方提供坦克，利用乌军对俄进行消耗战。#军事制高点 #国际,https://www.douyin.com/video/7202415995267321149,中国军号,3.0,0.0,,3,
2560,【新兵日记】新兵的体能小测试 #新兵日记 #军营故事 （李博文、牛顺元、宋勃然）,https://www.douyin.com/video/7239562524889271611,八一青春方阵,2.0,0.0,,0,
2166,#空中滑步 兵哥哥申请出战！（王琳、王政健、攀力、张启东；编辑：刘子轩）,https://www.douyin.com/video/7297602224966929699,八一青春方阵,1.0,0.0,,0,
3563,“真枪实弹”（周展翼 唐瑜 黄浩）#军事训练 #实弹射击 #步枪,https://www.douyin.com/video/7280422575316962594,人民前线,1.0,4.0,,4,
1751,令人敬佩！退伍老兵讲述被误会的“职业习惯”#老兵你好,https://www.douyin.com/video/7205813733237460281,中国军视网,2.0,0.0,,0,
9098,他们英勇战斗，他们是祖国的界碑，他们是民族的英雄！,https://www.douyin.com/video/7261880024154770703,中国战略支援,1.0,2.0,2.0,2,
9471,“若有战，召必回！” #退伍不褪色   （陈国文、韦磊）,https://www.douyin.com/video/7206565535599889725,中国战略支援,1.0,2.0,2.0,2,
9437,#国家形象网宣片PRC  这就是我，中华人民共和国。,https://www.douyin.com/video/7209120599833152825,中国战略支援,1.0,0.0,0.0,0,
9542,#强军战歌  ，长路漫漫任我闯。,https://www.douyin.com/video/7201360315773177147,中国战略支援,1.0,0.0,0.0,0,
4186,战士的雨中浪漫叫坚持，#武警官兵 五公里武装越野,https://www.douyin.com/video/7275244365474172160,南部战区,1.0,4.0,,2,
10253,提问核电守卫兵：最惨的一次站哨经历是什么？（王文、赵冰晶、王燕婷、孔凡泽）,https://www.douyin.com/video/7262312683914022202,人民武警,,0.0,,0,
5367,#荒野求生小技巧 搭建庇护所,https://www.douyin.com/video/7263315345312582973,西陆强军号,,4.0,,4,
4240,看炮！#军事训练 #打靶训练 #实弹射击,https://www.douyin.com/video/7242952418504330530,南部战区,1.0,4.0,,4,
1580,独特视角！一起捕捉战车开火时的震撼瞬间！,https://www.douyin.com/video/7244112218072108328,中国军视网,1.0,4.0,,4,
2473,我猜你一定没有见过这样的小推车  #当你把一个技能练到极致的时候（张叶盛）,https://www.douyin.com/video/7252153950600727869,八一青春方阵,2.0,4.0,,4,
11683,心念（卢肖屹）#新年快乐❤️兔年大吉 #愿所有的美好和期待2023都能如约而至 #每一个幸福瞬间都值得被记录,https://www.douyin.com/video/7192418728712097080,永不消逝的电波,,0.0,,0,
686,奔跑不止，为热血的他们点赞！,https://www.douyin.com/video/7309394625070894375,中国军号,2.0,0.0,,2,
5942,“顶流”蓉宝登上成都舰啦！ #八一建军#成都大运会#我的大运故事 #蓉宝 #成都舰,https://www.douyin.com/video/7262350820887285044,北海舰队,1.0,0.0,,0,
5170,西部战区陆军官兵为受灾群众制作热食 #甘肃临夏地震 #子弟兵,https://www.douyin.com/video/7314522559716805926,西陆强军号,1.0,1.0,,1,
3917,“一击必杀”围观狙击手集训现场（宋超 赵前程 张乃友 李汉朝）#狙击手 #10狙 #高精狙,https://www.douyin.com/video/7219947872748309818,人民前线,4.0,4.0,,4,
7676,一套操作行云流水，快来围观东风小“火”的武艺展示！,https://www.douyin.com/video/7223279669674659127,中国火箭军,1.0,0.0,0.0,0,
1843,技术精准！航天吊车驾驶员轻松吊起生鸡蛋至直径2公分的钢管上#谁是终极英雄,https://www.douyin.com/video/7188454136550149432,中国军视网,2.0,4.0,,4,
5236,"#火药味十足！
#炮兵群对“敌”实施#火力覆盖",https://www.douyin.com/video/7291631137674333478,西陆强军号,1.0,4.0,,4,
3264,雨天搞不了体能？不存在！#兵哥哥 #日常训练 #军营生活  （作者：陈世锋 、郑义、杨学文  编辑：冯冲浪）,https://www.douyin.com/video/7224118065661758776,东部战区,2.0,4.0,,4,
7050,海军推出5集系列专题片《#壮丽新航程 》。忠诚航向、制胜航道、巨舰航速、如炬航标、深蓝航迹……系列专题片，全面展示人民海军挺进深蓝的铿锵步伐。巍巍钢铁舰阵，正朝着建军一百年目标踔厉奋发团结奋进！现推出第三集《航速》，精彩画面不容错过！（编/宋浩）#强军十年海军时刻,https://www.douyin.com/video/7224055195683130683,人民海军,1.0,4.0,4.0,4,
4471,【#时节里的军营 #处暑】处暑无三日，新凉直万金！今天我们迎来二十四节气中第十四个节气——#处暑 。,https://www.douyin.com/video/7270349939773803810,中部号角,2.0,0.0,,0,
3068,东部战区发布主题MV《月满海峡》 #中秋团圆 #中秋 #圆满,https://www.douyin.com/video/7284085466343722279,东部战区,1.0,1.0,,1,
637,震区安置点小朋友朗诵长津湖烈士诗歌,https://www.douyin.com/video/7316117548959943936,中国军号,2.0,2.0,,2,
4373,刘晓世、王一博等主创团队成员来啦！电影《长空之王》在南部空军部队特别放映。   #长空之王 #空军,https://www.douyin.com/video/7227755917255691581,南部空军,2.0,0.0,,0,
2747,你的春日好运正在派送，请保持心情舒畅  #春风吹住了慢动作 #氛围感（李欣仪 ）,https://www.douyin.com/video/7213933657956945187,八一青春方阵,2.0,0.0,,0,
9515,来自宣讲一线的报道① | 赓续传统，砥砺奋进新征程。,https://www.douyin.com/video/7203186293713521957,中国战略支援,1.0,0.0,0.0,0,
9828,冬日，来场热血对决！ (武警第二机动总队 庞通、侯高子文、宋尚利；编辑：徐礼跃）,https://www.douyin.com/video/7311668398772079882,人民武警,1.0,4.0,4.0,4,
5051,2023新式勋表，来自战士的荣誉。#热血男儿保家卫国 #勋表,https://www.douyin.com/video/7221535171139374394,中部空军,2.0,4.0,,2,
5284,2023网络安全宣传周，他来了！（作者：郝宣 刘伟克 叶鹏）,https://www.douyin.com/video/7279259542070889765,西陆强军号,0.0,0.0,,0,
4920,举国庆佳节，将士未下鞍！我在战位为祖国母亲庆生#国庆#祖国万岁#五星红旗#我在这里告白祖国,https://www.douyin.com/video/7284630616992206115,中部空军,1.0,1.0,,1,
6009,近日，中国人民解放军91970部队与大连艺术学院的师生们，以文艺汇演的形式，展现新时代青年逐梦青春、携手远航的新气象新风貌（作者：蔡星宇、张轩、高源鸿、李达达，编辑：娄欣辉）#青年 #文艺汇演 #军地共建,https://www.douyin.com/video/7238952453931060517,北海舰队,1.0,0.0,,0,
8507,新兵同志刚来，还不了解“午夜惊魂哨”，晚上安排！(作者：刘学利、万川、代鹏    编辑:黄镇强)#185大帅哥 #空手变卡 #空手变卡挑战 #空手变万物挑战   #空手变万物,https://www.douyin.com/video/7214249527199649059,联勤集结号,2.0,0.0,0.0,0,
3193,屏住呼吸，看步兵勇闯“毒”圈#实战练兵 #军事训练 #防毒面具 （作者：聂政  编辑：刘坚）,https://www.douyin.com/video/7244536199262539067,东部战区,1.0,4.0,,4,
257,大型装备亮相！直击武警水上救援演练现场,https://www.douyin.com/video/7272204052006440253,中国军网,2.0,4.0,,4,
8626,“联勤军医科普小常识”肝脏有五怕，保护肝脏要注意！#分享健康知识 #军医#养肝,https://www.douyin.com/video/7200210374782618915,联勤集结号,2.0,0.0,0.0,0,
11175,"新兵，授枪！
作者：赵彦南    
编辑：申明明  孙孝忠",https://www.douyin.com/video/7200311903216733499,80强军号,,3.0,,3,
493,这样的特种作战食品，你又心动了吗？（来源:武警山东总队）,https://www.douyin.com/video/7216514292240125219,中国军网,2.0,4.0,,4,
11674,电波网络春晚【英雄赞歌】#电波网络春晚  #永不消逝的电波  #电波春晚精彩瞬间  #春晚  #网络春晚,https://www.douyin.com/video/7192557178035637565,永不消逝的电波,,0.0,,0,
240,极限驾驶！看兵哥操作装甲突击车完美漂移（来源：军事纪实）,https://www.douyin.com/video/7275874174768352553,中国军网,2.0,4.0,,4,
4311,别了，我的海岛！最后一次合照，最后一次敬礼！（庞珍、许晓东、沈宏权）#致敬我们的军旅生涯 #无惧挑战再启征程 #中国军人,https://www.douyin.com/video/7205767879495650621,南部战区,2.0,0.0,,2,
156,巡逻路上的“刀背坡”有多陡？,https://www.douyin.com/video/7293489960332659979,中国军网,4.0,1.0,,1,
7704,看火箭军兵哥兵姐的微笑能治愈你的心,https://www.douyin.com/video/7217710655644667197,中国火箭军,1.0,0.0,0.0,0,
5536,惊！兵哥哥在户外竟然用背包绳....,https://www.douyin.com/video/7240314537180695845,西陆强军号,,4.0,,4,
4671,"画说二十大㉔丨人民幸福安康是推动高质量发展的最终目的
发展为了人民，发展才有意义；发展依靠人民，发展才有动力；发展成果由人民共享，才能凝聚民心、汇聚民力，积聚起一往无前的奋进力量。江山壮丽，人民幸福始终是最温暖的底色。总书记的“最终目的”重要论述温暖人心、催人奋进，凝聚起14亿多中国人民一往无前的奋进信心。
策划：陈清民、史利强、程   渊
制作：李晓勋、张   浩 、朱天啸
单位：飞虎工作室",https://www.douyin.com/video/7278892587480632613,忠诚号,0.0,0.0,,0,
2205,兵姐姐的AB面  #青年官兵 #花样青春（齐婷婷；编辑：郑洋榕）,https://www.douyin.com/video/7289066699679223095,八一青春方阵,2.0,0.0,,2,
10153,武警云南总队机动第一支队：“舞动军营”润兵心（作者：王燕婷；武警云南总队  刘正纲、李阳、潘安、苏云苏、吴昊阳、郑祥权）,https://www.douyin.com/video/7269363216155823360,人民武警,,0.0,,0,
9531,近日，三名仪仗队退伍女兵在去天安门看升旗的路上触景生情，一起在路边踢正步。,https://www.douyin.com/video/7202045578237283645,中国战略支援,1.0,0.0,0.0,0,
179,亚运“飞”常时刻丨这一刻！＃杭州亚运会闭幕式,https://www.douyin.com/video/7287569049305845011,中国军网,0.0,1.0,,0,
5966,海权兴则民族兴，海军强则国家强。今天是#第19个中国航海日 ，一起走进中国甲午战争博物院，探寻北洋水师“济远”舰前主炮的前世今生，共同铭记那段历史，向海图 强、驶向深蓝#中国航海日活动周 #中国航海日 #甲午海战 #北洋水师 #铭记历史 #军事科普,https://www.douyin.com/video/7254424683355950336,北海舰队,1.0,0.0,,0,
1923,燃！直击刺杀对抗现场！（胡立轩 李润祥 邱子良 董昊）,https://www.douyin.com/video/7262618834836770109,学习军团,1.0,4.0,,4,
8837,听说这是某些人的训练状态，这可不行哦~（作者：范子云 编辑：王奕文）,https://www.douyin.com/video/7277044708352855348,中国战略支援,1.0,0.0,0.0,0,
5292,#新兵#骨干集合！,https://www.douyin.com/video/7278230605400149285,西陆强军号,1.0,0.0,,0,
8677,兵演兵，兵唱兵。网友：又美又飒联勤兵！,https://www.douyin.com/video/7192225635111111994,联勤集结号,2.0,0.0,0.0,0,
3469,天降神兵！看兵哥哥索降训练 #索降,https://www.douyin.com/video/7302356764085718326,人民前线,1.0,4.0,,4,
11518,爸爸妈妈，我是你们的骄傲吗（王吉昌 许博文 冯一骁）#父亲节,https://www.douyin.com/video/7245860050315660602,永不消逝的电波,,0.0,,0,
9769,等你来战！“双金牌驾驶员”不到3分钟完成起动机分解结合#绝活 #中国战略支援 （ 亢国安、甘飞虎、商成隆、甘世辉）,https://www.douyin.com/video/7187057801246608697,中国战略支援,1.0,4.0,4.0,4,
850,以“国庆”之名！军营“国庆们”在战位为祖国送祝福 #国庆,https://www.douyin.com/video/7284943306834840872,中国军号,1.0,2.0,,2,
9655,上才艺！看兵哥哥用粉笔绘出平安盛世。（张宗望、张晨曦、李昊）#才艺展示,https://www.douyin.com/video/7196272780881464637,中国战略支援,1.0,0.0,0.0,0,
5322,盘点兵哥哥的武艺——少林拳篇#盘点#兵哥哥#武艺,https://www.douyin.com/video/7271183796425264445,西陆强军号,,0.0,,0,
2528,曾经向往部队的他们，如今成为了自己想要的模样  #迷彩青春 #参军入伍 #青年官兵（孙长磊、山纪伟 编辑：郑洋榕）,https://www.douyin.com/video/7243259332123512101,八一青春方阵,1.0,1.0,,1,
441,模样（林岫 罗园 浩翔 顺义 茂婷）,https://www.douyin.com/video/7230596463875706147,中国军网,2.0,1.0,,2,
1271,东部战区圆满完成环台岛战备警巡和“联合利剑”演习各项任务。,https://www.douyin.com/video/7220364985350769978,中国军号,1.0,1.0,,1,
11549,军营诗词——杜甫的报国理想@三剑客 #诗词鉴赏,https://www.douyin.com/video/7236944049851125050,永不消逝的电波,,0.0,,0,
5847,夯实根基，赋能提质！海军青岛示范幼儿园开展第四届“智慧杯”一人一课活动，以实际行动构建“三个环境”，办好官兵满意的#幼儿教育 #幼教 #幼儿园,https://www.douyin.com/video/7312800607448943907,北海舰队,1.0,0.0,,0,
4953,守护你照顾家，不负祖国不负卿！#七夕 #舍小家为大家 #甜,https://www.douyin.com/video/7269800925924035880,中部空军,2.0,2.0,,2,
9217,接好运！三条鲢鱼同时成功“跃龙门”...没有随随便便的成功，希望大家梦想都能成真❤️#让梦想飞,https://www.douyin.com/video/7248854484284099880,中国战略支援,1.0,0.0,0.0,0,
8016,来当兵吧！练好本领保家卫国（作者:范青锋、王德玉  编辑:黄镇强）#实弹射击 #新兵营 #军营回忆,https://www.douyin.com/video/7300374968855039266,联勤集结号,2.0,0.0,0.0,0,
6899,【《我的家乡我的舰》主题MV发布】8月1日起，中央广播电视总台《军事报道》《国防军事早报》栏目将推出特别策划《我的家乡我的舰》系列节目，展现战舰与城市双向奔赴、共同奋斗的故事。（编/池敬爽）,https://www.douyin.com/video/7261930183056231695,人民海军,1.0,0.0,0.0,0,
4465,【燃燃燃！武警官兵秋季练兵忙】障碍、刺杀、擒敌！武警河北总队秦皇岛支队官兵面对“秋老虎”的“炎”酷“烤”验，挥汗如雨，气势如宏！（肖牧奇  编辑：常延凯）,https://www.douyin.com/video/7271794546516692276,中部号角,1.0,4.0,,4,
3491,第72集团军某旅：立体突击 特战队员多伞型多高度实跳 #跳伞,https://www.douyin.com/video/7297170080494800165,人民前线,4.0,4.0,,4,
8544,习近平当选中华人民共和国主席！#2023全国两会 #时政热点 #当选,https://www.douyin.com/video/7208748108191239464,联勤集结号,2.0,0.0,0.0,0,
3464,向目标海域展开机动！ #夺控演练,https://www.douyin.com/video/7304577715598871834,人民前线,1.0,4.0,,4,
4982,小水壶大用处，一起来围观10式水壶的妙用！#水壶 #围观 #妙用,https://www.douyin.com/video/7256792946928815395,中部空军,2.0,4.0,,4,
11240,七一薪火｜第71集团军：开启光荣与梦想的远征，奋力跑出强军加速度,https://www.douyin.com/video/7219647767356984631,亮剑东南,,0.0,,0,
263,中国海警局新闻发言人就菲律宾非法侵闯仁爱礁发表谈话（来源：军事报道）,https://www.douyin.com/video/7270332716833459512,中国军网,1.0,3.0,,3,
3871,第73集团军“红色尖刀”炊事大比武！隔着屏幕都香！（王宁 李军 刘德文）#炊事班 #舌尖上的美食 #美食,https://www.douyin.com/video/7226176207664991544,人民前线,2.0,4.0,,4,
269,直击榴弹发射器射击现场,https://www.douyin.com/video/7268575878735514935,中国军网,4.0,4.0,,4,
3894,实爆现场！来感受一下扑面而来的震撼！（陈锦超 贾松宇 魏江明 ）#实爆 #爆破 #原声 #沉浸式,https://www.douyin.com/video/7222074737336372538,人民前线,4.0,4.0,,4,
9866,现场泪目，这场强军故事会感人至深（武警云南总队 胡孝天、晏廷约、马源、叶俊逸、杜海渊；编辑：徐礼跃）,https://www.douyin.com/video/7307195327671504166,人民武警,2.0,2.0,2.0,2,
9392,兄弟俩双双立功，喜报一起送到家！,https://www.douyin.com/video/7214131268114517285,中国战略支援,1.0,1.0,1.0,1,
2578,“刑侦尖刀”的温柔劝告——新华网独家专访“青警”董航宇  #军地青年典型走基层 #热血青春献祖国 #全民反诈,https://www.douyin.com/video/7237039545370365221,八一青春方阵,2.0,0.0,,0,
619,2023，国防部霸气回应“台独”合集来了！#谢谢你们2023年的守护,https://www.douyin.com/video/7318559785429814528,中国军号,1.0,1.0,,1,
1989,舰艇开放日，记者带你看现场！（葛畅 康鹏程 刘一诺 王敏 王晓康 梁金凤）#人民海军生日快乐,https://www.douyin.com/video/7225420030102588732,学习军团,4.0,0.0,,0,
7312,今天，致敬伟大胜利！东部战区空军地导某旅组织官兵，赴侵华日军南京大屠杀遇难同胞纪念馆，参加“纪念中国人民抗日战争暨世界反法西斯战争胜利 78 周年”活动，引领官兵不忘奋斗初心，牢记强军使命。（吴帅 刘国理 姚尧 邵启雨）,https://www.douyin.com/video/7274522225997335865,人民空军,1.0,1.0,1.0,1,
4440,【联勤保障部队第980医院启动“重走白求恩路”活动】日前，由郑州联勤保障中心第980医院和河北省卫生健康委共同组织的“中国好医生、中国好护士”重走白求恩路活动启动仪式在河北平山县举行。由28名专家骨干组成的白求恩医疗队，将赴河北平山、唐县、涞源、阜平、山西五台县等革命老区，沿着白求恩曾经战斗过的道路，开展健康义诊、上门医疗、健康宣教、送药帮教等医疗服务活动。（付语 万川 张彬楠 崔寒凝 ）,https://www.douyin.com/video/7283343388663876904,中部号角,1.0,4.0,,1,
6063,征途如虹，千帆阅尽。在逐梦深蓝的护航途中，海军第42批护航编队收获了壮美辽阔的大洋风景，一起来“沉浸式”感受护航风光！（王青 邵贤沛）#海军第42批护航编队凯旋 #人民海军,https://www.douyin.com/video/7217783141161782584,北海舰队,1.0,1.0,,1,
7761,最美青春，时光印记，请看火箭军女兵18岁到40岁的变化！#我眼中独一无二的她,https://www.douyin.com/video/7207977432647830840,中国火箭军,1.0,0.0,0.0,0,
6761,燃！近距离直击兵哥哥实弹射击现场。（李波、王博峰、康佳伟、杨田华）#实弹射击 #军事爱好者 #有一种燃叫中国军人,https://www.douyin.com/video/7221722148753182013,喀喇昆仑卫士,1.0,4.0,4.0,4,
6238,高原边防官兵祝福祖国母亲，生日快乐。（罗三春、宋伟坤、罗胜东、赵司友）#我在这里祝福祖国生日快乐 #高原战士,https://www.douyin.com/video/7284595479814425917,高原战士,1.0,1.0,,1,
2869,#警警有条，慎言慎行保密为先！ #条令条例要牢记 （宫德明、刘沅鑫、刘星宇）,https://www.douyin.com/video/7197043570937695547,八一青春方阵,2.0,3.0,,3,
5626,#重磅发布 ！#中国一点不能少 ！@东部战区,https://www.douyin.com/video/7221111296077384994,西陆强军号,,1.0,,1,
7132,【亮舰：厦门舰】铸魂，砺剑，献身，制胜。海军厦门舰官兵牢记强军目标，练精兵、谋打赢，先后完成联演联训、战备巡逻等重大演习演练任务。（海军融媒体工作室出品 剪辑/徐崇康 编辑/孙晨旭）#人民海军亮舰,https://www.douyin.com/video/7197248087105080637,人民海军,1.0,4.0,4.0,4,
2451,优秀的兵记者是怎样练成的？训练有多狠，手就有多稳！ #兵记者在战位  #青年官兵（吕辉、胡泽昊、屈宇飞 编辑：郑洋榕）,https://www.douyin.com/video/7254743180615093562,八一青春方阵,2.0,4.0,,4,
2737,兵哥哥的超能力之瞬间位移！ #兵哥哥的超能力 #青年官兵（候伟伟、纪亮亮、陈步钊；编辑：赵爽）,https://www.douyin.com/video/7215184655836876089,八一青春方阵,2.0,0.0,,0,
102,第十八届迪拜航空展开幕 空军八一飞行表演队精彩亮相（军事报道）,https://www.douyin.com/video/7301574726600707354,中国军网,1.0,0.0,,0,展现军队实力
2382,这位好班长道出了一线带兵人的心声（武警河南总队 何志浩、闵健锋、王哲；编辑：曾锦旭）,https://www.douyin.com/video/7263083085451906365,人民武警,1.0,0.0,0.0,0,
3213,“黑旋风”直-19跨昼夜实弹射击高燃画面  #武装直升机 #军事科技 #时刻准备战斗 （作者：向旭、李敬友、肖成昊  编辑：冯冲浪）,https://www.douyin.com/video/7237416982738505019,东部战区,1.0,4.0,,4,
11097,老兵返战位，英雄话英雄。（王宝强  张航硕）#黄继光 #老英雄,https://www.douyin.com/video/7213295704045866298,我们的天空,,2.0,,2,
9468,理论60秒 | 增加#新域新质 作战力量比重（熊飞）,https://www.douyin.com/video/7206605815816523012,中国战略支援,1.0,0.0,0.0,0,
6875,【#深山护航者 （上）：坚守如山 水兵在深山守望“深蓝”】“深山”和“海军”，看似没有任何联系的两个词，却因一群人的默默坚守和奉献而有了特殊的意义。今天，让我们走进“红色老区”，感受他们平凡中的伟大！（王震宇 刘顾 桂艺 杜浩泽 韩荣博）#大山水兵,https://www.douyin.com/video/7265140700939865396,人民海军,1.0,2.0,2.0,2,
8709,老兵服役18年，身上挂满军功章，荣归故里，姐姐带全家人拉横幅迎接,https://www.douyin.com/video/7310409253632757002,中国战略支援,2.0,2.0,2.0,2,
6520,赛出热血豪情！海拔4500米，这场军营篮球赛燃爆全场！（黄世杰、李宸）#军营篮球赛 #高原战士 #燃爆,https://www.douyin.com/video/7238906050890501391,高原战士,1.0,0.0,0.0,0,
1833,这一刻令人动容！军人母亲抚摸儿子满身军功章心疼又骄傲,https://www.douyin.com/video/7189942583374728485,中国军视网,2.0,2.0,,2,
3767,破袭行动 未完待续（宇航）#军事训练,https://www.douyin.com/video/7244846089306787107,人民前线,1.0,4.0,,4,
711,定向培养军士的进阶青春#强军新征程跑出加速度,https://www.douyin.com/video/7305711867484261647,中国军号,1.0,0.0,,0,
6743,拒绝浪费，今天你光盘了吗？（李刚、牟佳、闫勇昶、王梦缘）#光盘行动,https://www.douyin.com/video/7241897797908319528,喀喇昆仑卫士,1.0,0.0,0.0,0,
9191,我的入党故事：#战士有战士的告白 人民军队党缔造，在历史的回响中，在思政课堂上，在身边模范的引领下，入党成为军人入伍之后的愿望，岁月流转，情怀永恒。建党节，回忆我的入党故事，讲述难忘的奋斗经历，找寻继续前行的力量。（李志勇、杨熙、胡增辉、魏荣辉、王磊、段小杰、雷新宇）,https://www.douyin.com/video/7250855919477738804,中国战略支援,1.0,0.0,0.0,0,
10835,#一镜到底# 【2小时20分，俯卧撑3200个！】武警第一机动总队战士袁海波挑战极限俯卧撑，不服来战！（武警第一机动总队 顾伟伟、王国鑫、荣泰杰；编辑 别特）,https://www.douyin.com/video/7195897553924197689,人民武警,,4.0,,4,
2387,准备好了吗？可爱的兵哥哥来咯！#兵哥哥 #青年官兵（支熙贺、杨波涛）,https://www.douyin.com/video/7262335320186801464,八一青春方阵,2.0,0.0,,0,
1645,直击多火器实弹射击考核现场，哪款武器是你的最爱？,https://www.douyin.com/video/7226162587178700092,中国军视网,4.0,4.0,,4,
7999,"退伍兵穿上“孔雀蓝”，他们继续书写军旅梦（作者:苗欣、万川、林杨武、张赫暄、雷慧莹  编辑:黄镇强）#退伍兵 #文职集训 #孔雀蓝
",https://www.douyin.com/video/7303490654234037519,联勤集结号,2.0,2.0,2.0,2,
11746,带你走进海军#新兵 游泳训练#游泳技巧 #训练日常  （作者：王晓天 徐高翔 沈长泽 王泓渊 编辑：王斌）,https://www.douyin.com/video/7298948233911438643,沧海铸剑,,4.0,,4,
8104,2023年国庆升国旗仪式，点赞祝福我们伟大的祖国！祝伟大祖国节日快乐！#国庆升旗仪式 #一起来看升国旗 #我在这里告白祖国,https://www.douyin.com/video/7284769128752155904,联勤集结号,2.0,0.0,0.0,0,
2745,干饭时间到了，一起来看看东风快递员朴实无华的工作餐吧！ #东风快递 #军营食堂（作者：张建楠、王小波、欧阳瑞、马阿强；编辑：郑洋榕）,https://www.douyin.com/video/7214080909572574523,八一青春方阵,2.0,4.0,,4,
362,我国成功发射四象01星等4颗卫星(来源：军事报道),https://www.douyin.com/video/7259208707664383269,中国军网,1.0,0.0,,1,
3195,“陆战之王”，火力满屏！#坦克 #实弹射击 #练兵备战 （作者：李政、张凯、付少旋、李纯洁  编辑：刘坚）,https://www.douyin.com/video/7243777161021213990,东部战区,1.0,4.0,,4,
3492,听！故宫门洞天然混响 #祖国不会忘记,https://www.douyin.com/video/7297168208593800474,人民前线,1.0,4.0,,4,
557,这个春节，只想快点见到你。 #军营的味道,https://www.douyin.com/video/7199829083864255744,中国军网,2.0,2.0,,2,
6645,西藏军区某旅战士的家人，迎来了来自部队的藏历新年特殊礼物！#二等功   #喜报  （徐勇、余鹏、杨凯、万玲）,https://www.douyin.com/video/7202516964005236028,高原战士,1.0,1.0,1.0,1,
2117,来自高原战士们的手（田连丰、汪峰、南加洛珠、邹力、邓智文）#高原战士 #青年官兵,https://www.douyin.com/video/7309269292497849641,八一青春方阵,2.0,2.0,,2,
6491,霸气！高原轻重武器射击，一次看个够。（苏晟世、刘统军、贾钦、陈冲 ）#射击 #武器 #高原战士 #霸气,https://www.douyin.com/video/7243732150061681976,高原战士,1.0,4.0,,4,
9081,#中国战略支援上线一周年 各新闻单位送来祝福（第二弹） @共青团中央  @空天逐梦  @我们的太空 @中国海警  @中国航天科技集团 @中国航天科工 @中国移动 @中国电信 @中国联通 @中国邮政  @中国大唐  @福建日报  @新甘肃  365个日日夜夜，我们见证了守望与温暖，见证了青春与热血，见证了强军兴军的新征程，同时也收获了成长与进步。,https://www.douyin.com/video/7262339261289073977,中国战略支援,1.0,0.0,0.0,0,
8767,#女子路遇军车 主动礼让，车上#新兵热情挥手打招呼，表示感谢。,https://www.douyin.com/video/7282302922212396328,中国战略支援,2.0,2.0,2.0,2,
477,“拖着绳子”的工兵破障神器来袭，火药味够足！,https://www.douyin.com/video/7220686827382902016,中国军网,4.0,4.0,,4,
10385,武警河南总队千余名新兵授衔（武警河南总队 张方方；编辑：曾锦旭）,https://www.douyin.com/video/7248602856025017656,人民武警,,3.0,,3,
3987,暗夜中的精准克敌（马钦祥 苏子辰 刘龙 ）#夜间射击 #实弹射击 #军事训练 #曳光弹,https://www.douyin.com/video/7208830640312126780,人民前线,1.0,4.0,,4,
8110,班长:我不允许我带的兵，看不到今晚的中秋大月亮（作者:王伟、郭建军、康伟佳  编辑:黄镇强）#打开中秋的一百种方式 #中秋月饼 #就借着月光再与你对望,https://www.douyin.com/video/7283824255236607266,联勤集结号,2.0,0.0,0.0,0,
1879,10月13日，空军工程大学举办新学员成人礼暨授衔仪式，新学员田昊喆的母亲向儿子送上了一份特殊的纪念册，上面记录了孩子18年成人路上的点点滴滴，看到内容，田昊喆潸然泪下。（兑兴亮、马晨、许瑞涵、吕游、黄家岚）,https://www.douyin.com/video/7291493811102993722,学习军团,1.0,3.0,,3,
970,台湾同胞，等你回家！#看军事上军号,https://www.douyin.com/video/7268572230827773223,中国军号,1.0,1.0,,1,
552,你排雷，我警戒。,https://www.douyin.com/video/7201336192560860416,中国军网,1.0,4.0,,4,
5438,#硬核版舒克贝塔！#官方号整活#00后上岗整活官号,https://www.douyin.com/video/7255613798751423805,西陆强军号,,4.0,,4,
5516,#苦学摄影多年，#今日只求#一鸣惊人~,https://www.douyin.com/video/7244498835857345853,西陆强军号,,0.0,,0,
429,只要我跑得够快……（陈强 商洪杰）,https://www.douyin.com/video/7235052117331938612,中国军网,2.0,4.0,,4,
10409,场面逼真！这场捕歼演练太过瘾（武警安徽总队 张斐斐、王刚、梁旭、杨晓辉；编辑：曾锦旭）,https://www.douyin.com/video/7246370904828153145,人民武警,,4.0,,4,
7155,【庆新春猜灯谜赢舰帽：#海军特色灯谜与您一起过大年】守卫在东海前哨的“大白船”也来为大家出灯谜了：身披红十字，爱称叫大白。救死扶伤写大爱，播撒和平到万家。打一海军舰艇名。（刘博 桂江波 剪辑/刘若男）,https://www.douyin.com/video/7192025004815437113,人民海军,1.0,2.0,2.0,2,
8391,罕见高清影像，真实还原上甘岭战役#上甘岭战役 #军事纪实 #上甘岭,https://www.douyin.com/video/7234909858678590720,联勤集结号,2.0,2.0,2.0,2,
5601,#刘劲向#西陆强军号送来生日祝福,https://www.douyin.com/video/7227454667742088488,西陆强军号,,1.0,,0,
2669,过肩摔实操教学 #简单好学一看就会 #七十二变怎么样的变 #青年官兵（赵懿龙）,https://www.douyin.com/video/7225522067473567034,八一青春方阵,4.0,4.0,,4,
5652,#国防部发言人 中国军队采取必要措施，坚决捍卫自身领土主权！,https://www.douyin.com/video/7216304021273922850,西陆强军号,,1.0,,1,
11593,好朋友更是好战友（刘丙鸿）#女兵帅爆了 #参军入伍 #新兵入伍,https://www.douyin.com/video/7216675033723178255,永不消逝的电波,,0.0,,0,
948,我发誓，这真不是拍电影！#看军事上军号,https://www.douyin.com/video/7267088126819028276,中国军号,1.0,4.0,,4,
11308,新战友们，愿你们在新的岗位上开启新篇章，迎接新挑战。（王晨光、李婷钰、薛燕林、刘银河）,https://www.douyin.com/video/7199221968707652919,铸剑中原,,0.0,,0,
10880,武警部队网络春晚 丨表演唱《特战荣耀》（编辑 丁镛瀚）,https://www.douyin.com/video/7191068066007108919,人民武警,,0.0,,0,
7518,【73年前的今天，他们打响了这一场立国之战！】,https://www.douyin.com/video/7293800218473024787,中国火箭军,1.0,0.0,0.0,0,
10511,优秀！多名新兵收获军旅生涯第一个50环（武警天津总队 刘金、郝晋伟；编辑：徐礼跃）,https://www.douyin.com/video/7235544997100129593,人民武警,,4.0,,4,
9517,入伍900天！#武警战士休假给妈妈惊喜,https://www.douyin.com/video/7202764410832571704,中国战略支援,1.0,0.0,0.0,0,
11613,致敬每一位站在我们身后的亲人！（刘帅帅）#三八妇女节#致敬了不起的她 #军属光荣,https://www.douyin.com/video/7207993167625473315,永不消逝的电波,,0.0,,0,
6871,#和谐使命2023 【#中国海军舰船首次访问所罗门群岛 】当地时间8月19日上午，在中国第6个医师节来临之际，执行“和谐使命-2023”任务的中国海军“和平方舟”号医院船抵达所罗门群岛霍尼亚拉港，开始对所罗门群岛进行为期7天的友好访问并提供医疗服务。（程嘉豪 李珂嘉贺 刘伟 桂江波 陈云飞）,https://www.douyin.com/video/7268976268836621603,人民海军,1.0,1.0,1.0,1,
4709,中部战区陆军接到防汛命令后，派出多支部队赶赴天津市，执行抗洪抢险任务。（记者：陈龙、李明钟、杨仕伟、薛陈浩、王堂政、谢冬泽；编辑：乔子丰）#中部战区陆军闻令即动,https://www.douyin.com/video/7264883375436041530,忠诚号,1.0,1.0,,1,
5555,#围观！#无人机#起飞,https://www.douyin.com/video/7235908975064124706,西陆强军号,,4.0,,4,
855,做个菜，还被要求挂小黄车了？#军营伙食连续剧,https://www.douyin.com/video/7283839418585124157,中国军号,2.0,4.0,,4,
3806,防化兵的压迫感（聂政）#防化兵 #军事训练 #防化,https://www.douyin.com/video/7237406089300479288,人民前线,1.0,4.0,,4,
2633,世界微笑日，一起领略武警兵哥兵姐的最美笑颜吧！ #世界微笑日 #青年官兵 #祝你开心每一天（周凌峰、刘洋、韦川 编辑：郑洋榕）,https://www.douyin.com/video/7230407559167872293,八一青春方阵,2.0,0.0,,0,
1486,解放军又出手了！路遇运输车突发起火，赶紧救援！,https://www.douyin.com/video/7275258755447639331,中国军视网,1.0,1.0,,1,
6505,高原侦察兵版#纸飞机变装来啦，快来围观！（罗加龙 、任亚宇 、王兴培、李波）#纸飞机变装 #侦察兵  #高原战士,https://www.douyin.com/video/7241409013852802319,高原战士,1.0,0.0,0.0,0,
3991,兵姐姐之你问我答学两会，全国人民代表大会是什么。（李仙 王焱斌 王婉莹）,https://www.douyin.com/video/7208479540962659622,人民前线,0.0,0.0,,0,
7109,【海军航空兵某团推出原创MV《为战育人写荣光》】踏过群山，跨越云海，守卫万里海空；以战领训，为战育人，锻造海空雄鹰。近年来，海军航空大学某团培养了一大批舰载战斗机飞行员、指挥员和飞行教官，一首原创MV，领略他们为战育人的风采！（佟以亮 原磊 王梓行 王依 时梦潇 编/刘若男）,https://www.douyin.com/video/7212790258868538680,人民海军,1.0,4.0,4.0,4,
8934,聚是一团火，散是满天星，退伍老兵们许下最后心愿。（作者：肖光、欧永盛、陈俊 编辑：王奕文）,https://www.douyin.com/video/7270784322058210596,中国战略支援,1.0,0.0,0.0,0,
11290,#美食节 纵情燃烧，来一场美食盛会（作者：郭炳乾、林特鸿）,https://www.douyin.com/video/7249162445774654732,铸剑中原,,4.0,,4,
6467,火力全开！直击高原战士重火器射击现场。（江立明、俞海洋、杨洲）#重火器 #射击 #高原战士,https://www.douyin.com/video/7248458187437772090,高原战士,1.0,4.0,,4,
1002,你们辛苦啦！#看军事上军号,https://www.douyin.com/video/7264481231000177972,中国军号,1.0,1.0,,1,
6617,你吃泡面吗？我不吃。#军营趣事  （李波、李记港、毛坤龙）,https://www.douyin.com/video/7209199875563490595,高原战士,1.0,0.0,0.0,0,
8259,"青年强则国强，愿以吾辈之青春,捍卫盛世之中华！(作者:马小尉、曾填群、张学斌   编辑:黄镇强)#军人 #年少的你啊 #歌曲年少的你啊 #安全感 #青春的样子",https://www.douyin.com/video/7252092784545418511,联勤集结号,2.0,4.0,4.0,4,
11116,#一瞬间 这像我#妈妈 ！（陈思  郭帅  马鹏飞  向峻葆）,https://www.douyin.com/video/7196514964218203453,我们的天空,,2.0,,2,
9732,西宁舰亮剑深蓝！西宁舰是我国自主研制的052D型导弹驱逐舰，在航母编队中它被誉为“带刀护卫”。,https://www.douyin.com/video/7191706006773173565,中国战略支援,1.0,4.0,4.0,4,
2306,向光而行，勇敢前行，你是走出阴霾的最后一道光  #向光而行 #追逐梦想（戴学武、杨永琪；编辑：郑洋榕）,https://www.douyin.com/video/7272332860864859407,八一青春方阵,2.0,0.0,,0,
6368,越过荒野和山坡，追逐少年的梦想，做最自由的光。（廖平洋、莫飞）#少年 #风景在路上 #追逐梦想,https://www.douyin.com/video/7263333187282046263,高原战士,1.0,0.0,,0,
5589,西陆强军号六周岁啦~西部英雄部队送来祝福#西陆强军号六周年,https://www.douyin.com/video/7228051629319130408,西陆强军号,,1.0,,0,
940,带你去最高的云端看最美的夕阳 #看军事上军号,https://www.douyin.com/video/7271073571626175804,中国军号,1.0,1.0,,1,
4097,你们期待的！军营春节游园会，一起去看看吧！（池俊成 高斗 邱学文 张徐强）,https://www.douyin.com/video/7192490077749136701,人民前线,2.0,0.0,,0,
525,新当选的国家主席、中央军委主席习近平进行宪法宣誓。（来源:新华社）,https://www.douyin.com/video/7208769562278399267,中国军网,0.0,0.0,,0,
7081,由之前海都出不去，到现在太平洋上都有我们的足迹，成就感满满！（剪/胡杰 编/王震宇）#强军十年海军时刻 《#壮丽新航程 》第二集4月17日-21日CCTV-7国防军事频道黄金时段，5集连播！,https://www.douyin.com/video/7222526025220033852,人民海军,1.0,4.0,4.0,4,
11217,听↓邵宗兴讲述如何成为“优秀学兵”！,https://www.douyin.com/video/7263018435595078975,亮剑东南,,0.0,,0,
5793,7月28日下午，暴雨突袭济南。在北部战区陆军大门口，网友拍下了解放军官兵救助百姓的感人一幕。@齐鲁晚报·果然视频@人民日报@中国青年报,https://www.douyin.com/video/7261094788986899712,北陆强军号,,1.0,,1,
320,长得萌，飞得远，擒“敌”快。今天，飞行员刘孟珂带你领略传说中的特种机。#强军新征程跑出加速度 #挑战100秒,https://www.douyin.com/video/7263104533847412029,中国军网,4.0,4.0,,4,
1042,《逐梦》第三集《用青春和热血守卫祖国》#逐梦强军新征程,https://www.douyin.com/video/7262735179821632820,中国军号,0.0,4.0,,0,
1154,过节，怎么少得了硬核“烟花”~,https://www.douyin.com/video/7246968835415280933,中国军号,1.0,4.0,,4,
10877,武警部队网络春晚 丨舞蹈《香伴征途》,https://www.douyin.com/video/7191449829602610491,人民武警,,0.0,,0,
8197,在忙碌的生活中别忘了抽个时间轻松一下，永远保持一颗年轻快乐的心（作者:吕宝琴   编辑:黄镇强）#医师节 #身边榜样,https://www.douyin.com/video/7268811148517018920,联勤集结号,2.0,0.0,0.0,0,
2035,巡逻间隙，卡梅斯台边防连官兵一起吃自热食品（马一鸣 雷雨润 曹祥瑞 史勇杰 张策）,https://www.douyin.com/video/7201048172225973562,学习军团,1.0,4.0,,4,
3930,“军营版”团辅游戏来啦！（崔艳茹 漆春阳 彭凤瑶）#团辅 #心理辅导 #心理健康,https://www.douyin.com/video/7217410602107555131,人民前线,2.0,0.0,,0,
8439,还在进淄赶烤吗？来一起进军赶烤吧(作者:李国强 张学斌 朱道鸿)#淄博烧烤 #淄博烧烤再度火爆出圈 #进淄赶烤 #五一假期 #淄博赶烤,https://www.douyin.com/video/7228344739983052084,联勤集结号,2.0,4.0,4.0,4,
1011,每一项数据背后都藏着战斗力！#逐梦强军新征程,https://www.douyin.com/video/7263459463133220096,中国军号,1.0,4.0,,4,
8629,《狂飙》替烈士答到名场面，就存在我们生活中#狂飙#烈士 #忠诚,https://www.douyin.com/video/7199862301548088611,联勤集结号,2.0,2.0,2.0,2,
4867,风雪中，他们始终是最温暖的风景线！#中国军人 #致敬人民子弟兵 #风雪中最可爱的人,https://www.douyin.com/video/7311354115039218954,中部空军,1.0,2.0,,2,
2969,2024！我们时刻准备着！#坚守岗位 #元旦快乐 #时刻准备着  （作者：综合各单位来稿 编辑：李润泽）,https://www.douyin.com/video/7318747153042607399,东部战区,2.0,1.0,,1,
11198,上等兵过生日的惊喜，爸妈也在连队饭堂,https://www.douyin.com/video/7303877635896069426,亮剑东南,,2.0,,2,
6877,【#和谐使命2023 ：我们的一天】一艘船、一家人、一条心、一股劲，大白船精神刻在了任务官兵心中。中国军医带你感受生命之舟、和平之舟、友谊之舟、文化之舟的温暖和力量。（程嘉豪 李珂嘉贺 刘伟 编/高新雨）,https://www.douyin.com/video/7264792744365657344,人民海军,1.0,1.0,1.0,1,
383,军校学员携枪通过100米障碍，等你来挑战！（蒲晓宇 刘洋 李南岚）,https://www.douyin.com/video/7255095669197737272,中国军网,2.0,4.0,,4,
31,零下15摄氏度官兵纷纷脱下大衣为群众保暖！,https://www.douyin.com/video/7314281356505238834,中国军网,1.0,2.0,,1,
2740,【军营一刻】大家帮我看一下，我等下就回来…… #军营一刻 #兵哥哥的迷惑行为（赵爽、肖鹏、姜盼、王家兴；编辑：赵爽）,https://www.douyin.com/video/7214756877371051321,八一青春方阵,2.0,0.0,,0,
7835,我们时刻准备着,https://www.douyin.com/video/7194372007742475578,中国火箭军,1.0,4.0,4.0,4,
2790,大型追星现场！原来徐枫灿是刘洋的小迷妹！ #全国两会  #我眼中独一无二的她 （视频来源：中国军视网）,https://www.douyin.com/video/7208154104827333948,八一青春方阵,2.0,0.0,,0,
7323,不负祖国不负你！七夕佳节，来聆听军人在战位的深情告白。军人的爱情就像牛郎和织女，天各一方难相聚。穿上军装，他们刚毅又坚强，但坚硬的外表下是真心与柔肠。七夕佳节到来之际，来听听空军官兵对另一半的真情告白。#不负祖国不负青春 #七夕,https://www.douyin.com/video/7270077418503753017,人民空军,1.0,0.0,0.0,0,
8487,中国必须统一！也必将统一！#祖国统一势不可挡 #台湾是中国的必须统一 #兵哥哥 #两岸统一,https://www.douyin.com/video/7218885734629936424,联勤集结号,2.0,1.0,1.0,1,
4114,强军精武红四连，在战位向您拜年！(池俊成 任天楠 高斗),https://www.douyin.com/video/7190552526968606012,人民前线,2.0,2.0,,2,
11504,重温入党誓词  砥砺奋进前行 （刘迅 陈肖君 刘轩辰）#七一建党节,https://www.douyin.com/video/7250820910008126735,永不消逝的电波,,0.0,,0,
4250,每一个“犬班长”，都是兵哥哥得力的“天晶神兵”#警犬训导员 #警犬 #神兵小将,https://www.douyin.com/video/7237458987203956008,南部战区,2.0,4.0,,4,
3177,高能预警！沉浸式体验实爆瞬间#爆破 #实战练兵 #沉浸式 （作者：周乃军 肖圣贤 雷志成  编辑：刘坚 ）,https://www.douyin.com/video/7250471886277152038,东部战区,1.0,4.0,,4,
11364,长相思@永不消逝的电波 ——杨佐#永远做党忠诚可靠传令兵,https://www.douyin.com/video/7280883227781303587,永不消逝的电波,,0.0,,0,
608,我是闪耀军旗的一颗星，守护安宁的万家灯火。,https://www.douyin.com/video/7185839121506520354,中国军网,1.0,1.0,,1,
10329,武警版《恐龙抗狼》来啦（武警江西总队 蒋鹏辉、钟郑杰；编辑：徐礼跃）,https://www.douyin.com/video/7254534762495364410,人民武警,,0.0,,0,
8401,人民军队不容冒犯必须敬畏！#笑果文化 #中国军人 #能打胜仗作风优良 #联勤集结号发声,https://www.douyin.com/video/7233759321216060672,联勤集结号,2.0,0.0,0.0,0,
10460,兵说兵事｜入伍后，想当军官有哪些途径？详细讲解来了（作者：王文、赵冰晶、丁首越、岳彩嵩；编辑：曾锦旭）,https://www.douyin.com/video/7241539631978695971,人民武警,,0.0,,0,
6952,【多课目连贯实施 锤炼舰艇编队立体攻防硬实力】近日，海军某护卫舰支队舰艇编队在南海某海域，开展多课目、高强度实弹射击演练，进一步锤炼编队立体攻防作战和应急处置能力。（张彬 佟佳峻 刘丕禄 剪/赵成浦 编/刘若男）,https://www.douyin.com/video/7234734269837397285,人民海军,1.0,4.0,4.0,4,
10003,“八一”枪王挑战赛火热来袭，一起相约沙场！（武警河南总队 王国强、张志鹏、吴保龙、吕建潇；编辑：曾锦旭）,https://www.douyin.com/video/7287185723950320936,人民武警,,4.0,,4,
880,第一次，好紧张！求夸！,https://www.douyin.com/video/7282623370561162536,中国军号,1.0,4.0,,4,
11346,"""祖国我爱你”,国庆之际，让我们去听听陆军某基地刚刚入伍新兵们对祖国炙热的告白吧（朱丹妮 刘帆 张晓娜）#国庆 #表白祖国 #新兵",https://www.douyin.com/video/7284787512634084643,永不消逝的电波,,0.0,,0,
11623,新兵入营指南：男兵女兵带些啥？（赵海廷、刘迅）#新兵来了 #新训 #新兵训练 #入伍参军知识,https://www.douyin.com/video/7205893827083652408,永不消逝的电波,,0.0,,0,
5700,士兵拾金不昧，13万现金迅速物归原主！,https://www.douyin.com/video/7205500755648744744,西陆强军号,,2.0,,2,
4963,大水退去，灾后重建，一切都会越来越好！#明天会更好 #暴雨 #致敬人民子弟兵 #当洪水回落后,https://www.douyin.com/video/7264604311005433122,中部空军,2.0,1.0,,1,
7320,听歼-20飞行员讲“米格-15”的故事#歼20 #米格15,https://www.douyin.com/video/7274047925561445693,人民空军,1.0,0.0,0.0,0,
5698,传承！新兵老兵交接钢枪，“我会继续书写这把枪的辉煌！”,https://www.douyin.com/video/7205784399214873908,西陆强军号,,2.0,,2,
3953,薪火相传学雷锋，兵哥哥在行动！（蔡鑫 孙其光 周志程）#雷锋 #雷锋精神,https://www.douyin.com/video/7213389842745543992,人民前线,2.0,2.0,,2,
11632,转身亦是出征（郭有财、张超帆）#退伍不褪色 #若有战召必回,https://www.douyin.com/video/7204257025063177509,永不消逝的电波,,0.0,,0,
9545,#神舟十四号 #航天员 返回后首次亮相接受中国战略支援融媒体记者提问。,https://www.douyin.com/video/7201350523654671653,中国战略支援,1.0,0.0,0.0,0,
9066,#第一次公开报道他却不能露脸 #脑出血醒来后他忘了住哪却记得工作细节 我国顶尖科学家李敏睿（化名），研发的装备填补了我军某新型装备的空白。但在试验前夕，他因脑出血晕倒，两次被下病危通知书。术后第7天，他终于苏醒，第一件事便是写下“某某武器，军事需求”，却说不出家中门牌号……一年后，左半边身体已不能动的他重返岗位：“我的思维还清晰，经历过生死后，想为祖国铸更多重器。”致敬！#逐梦强军,https://www.douyin.com/video/7263285189755866424,中国战略支援,1.0,0.0,0.0,0,
11261,兔年到！第71集团军官兵向全国人民拜年啦！,https://www.douyin.com/video/7191044149569719609,亮剑东南,,2.0,,2,
4996,部队版#拍拿放挑战 ，等你来挑战！,https://www.douyin.com/video/7249407096444308796,中部空军,2.0,0.0,,0,
11331,我的连队 我的新家（宋纪元 何青松 武茹宇 闫娟）#新兵 #军旅,https://www.douyin.com/video/7295936274978852107,永不消逝的电波,,0.0,,0,
6344,做灿烂的骄阳，肆意的风，永远为自己着迷。（朱永涛、王春瑕、何坤鸿）#自由如风 #向阳而生 #爱自己爱生活,https://www.douyin.com/video/7266036738945027383,高原战士,1.0,0.0,,0,
4003,东部战区陆军“强军家庭”来了！#东部战区陆军 #东陆,https://www.douyin.com/video/7207993673005452605,人民前线,2.0,2.0,,2,
236,看炮兵群火热开打！,https://www.douyin.com/video/7279038789270506763,中国军网,2.0,4.0,,4,
6626,带你打卡 中国维和军人守护的地方  #我想离开浪浪山  #维和  #中国蓝盔 （高莎惠、郭强、曾继峰）,https://www.douyin.com/video/7207360839681084710,高原战士,1.0,0.0,0.0,0,
10605,武警临汾支队积极开展“提质增效、创新有我”群众性活动（作者：武警山西总队 王胤祥、张怡伟；编辑：岳彩嵩）,https://www.douyin.com/video/7224094891603725626,人民武警,,0.0,,0,
989,跋山涉水，救急物资到位！#看军事上军号  #强军新征程跑出加速度,https://www.douyin.com/video/7265626484449086772,中国军号,1.0,1.0,,1,
7812,火箭军原创歌曲《我在边关守护你》,https://www.douyin.com/video/7200648680129580343,中国火箭军,1.0,0.0,0.0,0,
5565,脱口秀演员言论不当，北京市文化执法总队：已对笑果立案调查,https://www.douyin.com/video/7233424192325176611,西陆强军号,,0.0,,0,
1926,【打卡！中国军队丨清澈的爱，奔流在云端国门！】2023年1月18日，习主席在北京八一大楼同新疆军区红其拉甫边防连执勤哨所视频通话，询问连队边境巡逻管控情况，称赞他们是卫国戍边老典型，勉励大家再接再厉，再立新功。今天，让我们一起打卡新疆军区红其拉甫边防连，探访云端国门的忠诚守护者！（周舟、宋逸、曹春耀、曹壮、姬文志）#八一建军节 #点赞  #中国军人,https://www.douyin.com/video/7262193010794859832,学习军团,1.0,1.0,,1,
3812,“七国集团广岛峰会”中方向日方提出严正交涉！#七国集团 #日本 #日方 #G7,https://www.douyin.com/video/7236203731119803687,人民前线,3.0,1.0,,3,
3278,东部战区重磅发布：砺剑亮剑 驱虎打狐#时刻准备战斗 （东部战区融媒体中心）,https://www.douyin.com/video/7220291186588699962,东部战区,1.0,1.0,,1,
10203,直播回顾《那坡那兵的休闲时光》，快来收看！,https://www.douyin.com/video/7265979947775200570,人民武警,,0.0,,0,
6510,军旅成人礼！直击西藏军区某旅新兵授衔现场。（韩培东、张琦）#新兵 #授衔 #高原战士,https://www.douyin.com/video/7240667785758510376,高原战士,1.0,3.0,3.0,3,
6895,【#强军之路 | 今天，海军南昌舰隆重举行升旗仪式！】96年前，南昌城头升起第一面军旗，从此“南昌”之名便深深刻印在每名军人心中。96年后的今天，“南昌”之名已在海军舰艇赓续三代。从接收的起义舰艇到国产第一代导弹驱逐舰，再到国产万吨大驱首舰，“南昌”这个英雄的名字，寄托着中华民族向海图强的世代夙愿，也见证着人民海军从无到有、由弱到强的跨越式发展。今天，在第96个建军节来临之际，海军南昌舰隆重举行升旗仪式。八一军旗在南昌舰缓缓升起，官兵们整齐列队、精神抖擞，面向军旗庄严敬礼。大家立志传承英雄精神、矢志奋斗强军，用青春和热血守卫祖国的海疆。（杜钰 张枭 编/王震宇）,https://www.douyin.com/video/7262268711170510115,人民海军,1.0,0.0,0.0,0,
365,“看军事 上军号 军事资讯早知道”之什么是军号？ #下载中国军号独家军情全知道  #中国军号人手一号,https://www.douyin.com/video/7258627013487988005,中国军网,0.0,0.0,,0,
9730,当女朋友和你视频时，以为只有你一个人…… （赵超宇、刘文莉）,https://www.douyin.com/video/7192020524115987773,中国战略支援,1.0,0.0,0.0,0,
4855,寒冬淬血性，看航空兵雪后砺剑云端#飞行 #训练 #实战 #雪,https://www.douyin.com/video/7316902334980738342,中部空军,1.0,4.0,,4,
9770,武警官兵的跨年心愿，最后一个亮了 （别特；武警山东总队 张翅荣；编辑:周迪夷）,https://www.douyin.com/video/7318725389969362188,人民武警,2.0,0.0,0.0,0,
6529,发射！近距离感受“装甲克星”实弹射击现场。（吴欣钢、何茂坤、杨第佳、俞海洋）#装甲克星 #实弹射击 #发射,https://www.douyin.com/video/7237131132695842086,高原战士,1.0,4.0,4.0,4,
11556,特别的日子记录特别的温情（王际春、但汶译）#母亲节快乐 #母亲节礼物 #母亲节暖心大作战,https://www.douyin.com/video/7232291308398841125,永不消逝的电波,,2.0,,2,
6312,军训的小伙伴们，拿好小板凳快来学习。今天是：停止间转法。（罗诗洋、姚宏杨）#队列训练 #学习打卡,https://www.douyin.com/video/7272303143982042427,高原战士,1.0,4.0,,4,
8509,南部战区新闻发言人就美舰擅闯中国西沙领海发表谈话#时事热点 #西沙 #南部战区,https://www.douyin.com/video/7213600734619667727,联勤集结号,2.0,3.0,3.0,3,
9529,近日，055万吨大驱南昌舰进行实战演训，连射导弹超震撼。你发现其中的亮点了吗？,https://www.douyin.com/video/7202047142922390843,中国战略支援,1.0,4.0,4.0,4,
11132,"#中国空降兵 最有力的“战友”
",https://www.douyin.com/video/7188152176085142836,我们的天空,,0.0,,0,
4916,铸就防空利剑，时刻守卫祖国空天#训练 #实战 #安全感,https://www.douyin.com/video/7287241924635888957,中部空军,1.0,4.0,,4,
1567,紧张又刺激！战友还记得自己第一次投弹时的样子吗？（杨新维 黄俊峰  汪香云）,https://www.douyin.com/video/7250410604417142031,中国军视网,1.0,4.0,,4,
4875,用脚步丈量青春，实拍新兵第一次徒步拉练#泰酷辣 #青春 #新兵,https://www.douyin.com/video/7306878111348575525,中部空军,2.0,4.0,,4,
2498,军人与“粽“不同的样子  #端午安康 #青年官兵（王经纶 姚天宝）,https://www.douyin.com/video/7247104226352991544,八一青春方阵,2.0,2.0,,2,
8047,三军仪仗队帅气擎旗手，这英姿飒爽百看不厌（编辑:黄镇强）#国旗护卫队 #仪仗队 #185大帅哥,https://www.douyin.com/video/7294579629568920872,联勤集结号,2.0,0.0,0.0,0,
10857,武警部队网络春晚 丨舞蹈《逆流而上》,https://www.douyin.com/video/7192923674121375031,人民武警,,0.0,,0,
6652,班长在一声声帅中逐渐迷失自我……#军营趣事 #班长 #夸夸挑战赛 （张翔宇、叶聪、刘顺吉）,https://www.douyin.com/video/7200593972098518328,高原战士,1.0,0.0,0.0,0,
2911,#军营美食 玉兔迎春，祝您兔年大吉！ #舌尖上的军营 #吃不起的样子 （林永泽、刘金旭、李宏伟）,https://www.douyin.com/video/7190367804799896890,八一青春方阵,0.0,4.0,,0,
7403,歼-10C亮相，兰卡威机场上空掀起“中国风”#八一飞行表演队,https://www.douyin.com/video/7236587981648170296,人民空军,4.0,4.0,4.0,4,
2018,现在的你，应该到家了吧……（邱泉 李朋儒 邓振昊 高鹏 顾长帅 张帅）,https://www.douyin.com/video/7210953580231134521,学习军团,2.0,2.0,,2,
963,魔性歌声一响，必须配点有料的画面#看军事上军号,https://www.douyin.com/video/7261884227023686947,中国军号,1.0,0.0,,0,
361,“看军事 上军号 军事资讯早知道”之去哪找军号？ #下载中国军号独家军情全知道  #中国军号人手一号,https://www.douyin.com/video/7259276516729687351,中国军网,0.0,0.0,,0,
3791,@新兵爸妈！快来看看新战友们的军营生活!（段承逸 李如豪 李汉朝）#新兵 #第一视角 #军营生活 #快乐就这么简单,https://www.douyin.com/video/7240402105599593787,人民前线,2.0,0.0,,0,
3630,“上了战场，再大的困难也能克服”#逐梦 #特战 #武警,https://www.douyin.com/video/7269038980266577188,人民前线,1.0,4.0,,4,
3883,近距离体验战术实爆（蔡长俭 陈威 杨鸿雕）#军事训练 #实爆 #爆破,https://www.douyin.com/video/7223963317105134904,人民前线,1.0,4.0,,4,
8823,丢掉幻想！准备战斗！我们将赓续传承好光荣的职责使命！@河南武警 #授装仪式  #特战队员  #丢掉幻想准备战斗,https://www.douyin.com/video/7278286039611870519,中国战略支援,1.0,3.0,3.0,3,
6954,【#海军湛江舰赴马来西亚参加兰卡威国际海事和航空展 】应主办方邀请，16日上午，海军湛江舰携舰载直升机1架和200余名任务官兵从湛江某军港解缆起航，赴马来西亚参加第十六届兰卡威国际海事和航空展。（焦飞宇 张淦 李虹明 姜海涛 张虎志 剪辑/冯伟豪）,https://www.douyin.com/video/7234004692504677691,人民海军,1.0,1.0,1.0,1,
9597,冲击力太强！主战坦克实弹射击考核。#坦克 #实弹射击,https://www.douyin.com/video/7199132782365363493,中国战略支援,1.0,4.0,4.0,4,
10547,武警部队面向社会公开招聘技能类文职人员，欢迎报考！,https://www.douyin.com/video/7232109860718955813,人民武警,,0.0,,0,
3288,多视角感受喷火枪的威力。#沉浸式体验 #喷火器 #军事训练（作者：池俊成、邱学文、张徐强、刘德文  编辑：冯冲浪）,https://www.douyin.com/video/7218908276853869861,东部战区,4.0,4.0,,4,
7717,【跳起来！“砺剑节律操”来啦！】“砺剑节律操”以军旅歌曲作为训练音乐，共分为“军拳搏击操”“力量燃脂操”“跳绳拉伸操”三套九组。小“火”伴们一起跳起来！,https://www.douyin.com/video/7214294477039553847,中国火箭军,1.0,0.0,0.0,0,
496,边防战士深情告白:等我回来娶你！,https://www.douyin.com/video/7216166830832979240,中国军网,2.0,1.0,,2,
5699,首批春季入伍战士退出现役，再见老兵，请珍重！,https://www.douyin.com/video/7205560185815977256,西陆强军号,,2.0,,2,
10728,【营区附近突发火情，武警官兵紧急救援！】（武警河北总队 赵胜利、刘佳作、钟子粤、刘宝宇；编辑：李楠）,https://www.douyin.com/video/7208495845132569891,人民武警,,1.0,,1,
9802,临夏积石山地震灾区：家是临时的，但是很温暖 （记者：徐礼跃、武警甘肃总队 侯崇慧、赵锡强；编辑：陈绿祥）#甘肃加油,https://www.douyin.com/video/7314997792320015654,人民武警,1.0,1.0,1.0,1,
9618,来，展示！#运20后援团阵容大曝光,https://www.douyin.com/video/7198424249114086715,中国战略支援,1.0,4.0,4.0,4,
3572,“炫耀一时，沉默一世！”（张昕怡）#保密 #泄密 #国家安全,https://www.douyin.com/video/7278881021024652559,人民前线,5.0,3.0,,3,
6361,愿最美好的年纪，都能拥有最热烈的青春。（梁馨媛、王思澳、王成澳、李柏安）#青春无悔军营路 #热烈的青春 #女兵英姿飒爽,https://www.douyin.com/video/7264521732172664121,高原战士,1.0,0.0,,0,
3621,第83集团军某旅：千里机动 检验防空兵远程作战能力#军事训练 #机动 #防空兵,https://www.douyin.com/video/7270494428849114409,人民前线,1.0,4.0,,4,
4353,"人民空军，生日快乐！ “天空云端的颜色，万家灯火的欢乐，感谢你们守在这儿，所以祝你生日快乐！” 
一首特别的“生日歌”，一种奔向云端的奋进与勇气，一份守护灯火的忠诚与坚定，献给人民空军成立74周年的“生日”！ 
南部战区空军官兵原创歌曲《奔向云端》，我们一起来听！",https://www.douyin.com/video/7300041627190562102,南部空军,1.0,1.0,,1,
10890,“新春走基层·撞营追兵哥”系列报道②｜顶风雪、斗严寒，厉兵秣马正当时（武警黑龙江总队 张同根、李建军、郝国卿、孙畅；编辑 吴敬楠）,https://www.douyin.com/video/7189950444876107045,人民武警,,4.0,,4,
9668,骑上雪地摩托车去巡逻，冰天雪地任我行，非常行！,https://www.douyin.com/video/7195552485698735416,中国战略支援,1.0,1.0,1.0,1,
8245,银素点说正事！这里是DJ联联，网友点歌联联创作(作者:马小尉、曾填群、张学斌   编辑:黄镇强) #暴走清 #官方整活 #00后上岗  #小哪吒 #当00后上岗整活官方,https://www.douyin.com/video/7254057910471298356,联勤集结号,2.0,4.0,4.0,4,
9756,新春走基层， 硬核保障+暖心服务，这支队伍很“燃”！（刘帅、熊飞）,https://www.douyin.com/video/7189422976083725627,中国战略支援,1.0,0.0,0.0,0,
10575,节日战位上的采访（作者：武警云南总队  李超、阎永禄、杨嘉豪；编辑：王燕婷）,https://www.douyin.com/video/7228171493518101815,人民武警,,0.0,,0,
8382,这套火爆全网的颈椎操，联勤军医来教你（作者:祝瑞）#颈椎操 #适合中老年人的健身操推荐 #保护颈椎 #节奏感强的健身操音乐推荐,https://www.douyin.com/video/7236306150109531451,联勤集结号,2.0,0.0,0.0,0,
7074,"#强军十年海军时刻 《#壮丽新航程 》第二集|潜艇兵：我们出海回来最幸福的事情是什么？（剪/冯伟豪 编/王震宇）
4月17日-21日CCTV-7国防军事频道黄金时段（20：03），5集连播！",https://www.douyin.com/video/7223053066617031996,人民海军,1.0,0.0,0.0,0,
5169,西陆官兵巡诊途中突遇受灾老乡癫痫发作立刻展开救援 #热点新闻事件 #甘肃临夏地震 #子弟兵,https://www.douyin.com/video/7314566093580848434,西陆强军号,1.0,1.0,,1,
330,戴上耳机 来听一首“空中奏鸣曲”,https://www.douyin.com/video/7262698281556315407,中国军网,4.0,4.0,,4,
7282,“空中拼刺刀”的由来,https://www.douyin.com/video/7298249593018436891,人民空军,1.0,0.0,0.0,0,
6803,边关有我在，祖国请放心！新年到来之际，新疆军区各部队的官兵依然枕戈待旦、坚守战位，他们通过网络平台为伟大祖国和全国人民送来新年的祝福，一起听听吧！（视频素材由李志强等提供，剪辑：杜景洋）#新年祝福 #边关 #官兵,https://www.douyin.com/video/7183525836744609028,喀喇昆仑卫士,1.0,1.0,1.0,1,
3475,直击迫击炮实弹射击现场! #迫击炮,https://www.douyin.com/video/7301980900651306251,人民前线,1.0,4.0,,4,
2514,一个动作，让班长为你竖大拇指！ #军营一刻 #内容太过真实（赵杰、范睿、骆自明 编辑：郑洋榕）,https://www.douyin.com/video/7244913966038650149,八一青春方阵,2.0,4.0,,0,
4608,【#和“兵哥哥”共赴爱情之约 这场军地联谊会“齁甜”】春风十里，陌上花开。日前，火箭军“东风第一旅”携手驻地相关部门联合举办“佳人挽长缨”军地青年联谊会，架起暖心“鹊桥”，百余名俊男靓女齐聚军营寻觅知音，追寻幸福，共结良缘！（陈世锋、潘槿、颜禹、邹浩、段朔）#愿所有的美好和期待2023都能如约而至,https://www.douyin.com/video/7205057943824387385,中部号角,2.0,0.0,,0,
7524,今日寒露 | 添件衣裳，用心感受深秋的暖阳,https://www.douyin.com/video/7287474992881700150,中国火箭军,0.0,0.0,0.0,0,
9430,两栖+特战！这对双军人夫妻双双立功，双囍临门！点赞,https://www.douyin.com/video/7210675683796798778,中国战略支援,1.0,0.0,0.0,0,
7412,时刻听从祖国的召唤！下连在即，空军勤务学院某学兵大队2023届春季毕业学兵重温军人誓词，用青春热血铸就赤胆忠诚。#镜头下的那些青春年华,https://www.douyin.com/video/7227737326162693437,人民空军,2.0,0.0,0.0,0,
8653,2023年军队笔试冲刺经验分享，听听上岸前辈怎么说。(田忠彬、宣子、陈伟文)#军队文职 #文职考试 #上岸,https://www.douyin.com/video/7196865935074938112,联勤集结号,2.0,0.0,0.0,0,
1530,重型支援桥大显身手！桥梁分队官兵成功架起希望之桥,https://www.douyin.com/video/7264152834642283811,中国军视网,1.0,1.0,,1,
7313,"我会记得……
那年金秋九月，我做了一个无悔的决定，从此戎装在身、使命在肩。如今，我就要脱去戎装，卸下军衔，告别军营。熟悉的军号、飞机的轰鸣、亲爱的战友……即使戎装不再，初心依旧不改，我会一直记得，自己永远是一名空军战士。（胡布祎 葛树蔚 李雅靓）",https://www.douyin.com/video/7274489503589338427,人民空军,1.0,2.0,2.0,2,
10717,又见“雷锋”！武警官兵紧急救助摔倒老人（武警河北总队  李宝光、杨泰、李璐瑶；编辑：王燕婷）,https://www.douyin.com/video/7210000153296522551,人民武警,,1.0,,1,
1559,想了解火力覆盖的威力吗？这个视频千万别错过,https://www.douyin.com/video/7254483028288752948,中国军视网,1.0,4.0,,4,
9121,班长：我想说我会爱你多一点点！（作者：王奕文、苗杰）#来夸夸我的班长 @河南武警  @江西武警,https://www.douyin.com/video/7258493161872411958,中国战略支援,1.0,2.0,2.0,2,
3846,防空尖兵，向战场挺进！（宋积忠 周鑫 刘鸣权）#机动 #防空兵 #演练,https://www.douyin.com/video/7229881152981519628,人民前线,1.0,4.0,,4,
8652,土耳其发生7.8级地震#热点新闻事件 #土耳其地震#地震,https://www.douyin.com/video/7196899896618765568,联勤集结号,0.0,0.0,0.0,0,
6323,哇，是又酷又帅又飒的中国人民解放军。（梁馨媛、王思澳）#酷帅酷帅 #高原战士,https://www.douyin.com/video/7268566768086584633,高原战士,1.0,0.0,,0,
1342,坦克分队战斗射击考核，燃！,https://www.douyin.com/video/7198056060781989178,中国军号,1.0,4.0,,4,
11436,黑龙江五常持续暴雨，沙河子镇群众被困政府连夜组织转移，通信兵某部官兵奋战整夜，协助转移上千名群众（段志鹏 李雪 李鑫涛 高立博）#抗洪救灾 #全心全意为人民服务 #黑龙江  #永远做党忠诚可靠传令兵,https://www.douyin.com/video/7263874732410359080,永不消逝的电波,,1.0,,1,
10326,武警北京总队执勤第十支队为23对新人举办集体婚礼（武警北京总队 郭闻宇、崔杨、刘涛、葛志伟；编辑：徐礼跃）,https://www.douyin.com/video/7254535963328777528,人民武警,,0.0,,0,
4413,实训救援练本领，劈波斩浪砺精兵！（马梦雷 杨松 郭泓序程文波 罗涵  编辑:袁立猛）,https://www.douyin.com/video/7296809793916783872,中部号角,1.0,4.0,,4,
3183,反坦克导弹，开火！#导弹 #实弹射击 #军事训练 （作者：李冬冬、舒圣亮、刘淼元  编辑：刘坚）,https://www.douyin.com/video/7248240061181938983,东部战区,1.0,4.0,,4,
4078,节后，升国旗仪式（张意康 魏朝阳）,https://www.douyin.com/video/7194484106770533691,人民前线,1.0,3.0,,3,
10492,太逼真！这场反恐演练不容错过（武警内蒙古总队 徐杨、张旭朋、李硕辰；编辑：徐礼跃）,https://www.douyin.com/video/7237817880794893628,人民武警,,4.0,,4,
8352,来一次游戏体验第一视角投弹(作者:刘火球、余洋)#军营生活 #第一视角 #投弹,https://www.douyin.com/video/7239523014889590053,联勤集结号,2.0,4.0,4.0,4,
7042,【回家 | 2023年人民海军成立纪念日“第一季·我和我的海军②”】2015年初，也门内战，中国海军护航编队赶赴也门接同胞们回家。期间，海军女兵郭燕与小女孩李禹霏的牵手照，成了“祖国派军舰接亲人们回家”的真实写照。在人民海军成立74周年之际，已经成长为一名中学生的李禹霏面对镜头，向人民海军送出了最真挚的祝福，也说出了自己的梦想。（肖勇利 王学峰 李宪龙 王泽洲 编/孙晨旭 池敬爽）#人民海军成立74周年 #壮丽新航程 #强军十年海军时刻,https://www.douyin.com/video/7224188544745540920,人民海军,1.0,1.0,1.0,1,
4533,“宝贝在干嘛？”不是打不通，就是打通没人接。别急，等我训练结束就给你回电话。#军营Vlog （陈世锋、段朔、杨兰珂）,https://www.douyin.com/video/7258916055446244643,中部号角,2.0,0.0,,0,
990,朴实无华，馋了馋了！#看军事上军号,https://www.douyin.com/video/7263455106908032308,中国军号,1.0,2.0,,2,
4752,"兵记者在一线⑬丨践行强军使命，点燃兴军星火
强军思想始终指引着人民军队在强军之路上阔步前行，强军使命激励着广大官兵在自身岗位上发光发热，今天，让我们一起走进不同的专业岗位，听一听普通一兵，对于强军使命的切身感受……
策划：刘宸源、王   波
作者：李子峰、周西委",https://www.douyin.com/video/7250715530074606906,忠诚号,0.0,0.0,,0,
4019,退伍了，总要和战友拍一张红底照片吧！（李冬冬 董佳伟 舒圣亮）#退伍士兵#退伍季,https://www.douyin.com/video/7205417676980636965,人民前线,2.0,2.0,,2,
8646,联勤保障部队小哥哥迎娶海军的小姐姐，接亲闯关游戏--拉歌！#爆笑婚礼现场 #愿每个女孩都能嫁给爱情 #军人婚礼 #海军,https://www.douyin.com/video/7197646059479321896,联勤集结号,2.0,0.0,0.0,0,
5381,八一建军节，致敬中国军人！#中国人民解放军#八一建军节#建军96周年,https://www.douyin.com/video/7261963219596545341,西陆强军号,,1.0,,1,
